:020000040800F2
:1000000080130020313800080D0300080F0300089A
:1000100013030008170300081B030008000000007A
:100020000000000000000000000000001F030008A6
:100030002103000800000000230300082503000836
:100040004B3800084B3800084B3800084B38000884
:100050004B3800084B3800084B3800084B38000874
:100060004B3800084B380008AF0700084B38000831
:100070004B3800084B3800084B3800084B38000854
:100080004B3800084B3800084B3800084B38000844
:100090004B3800084B3800084B3800084B38000834
:1000A0004B3800084B3800084B3800084B38000824
:1000B0008D070008630500084B3800084B3800081E
:1000C0004B3800084B3800084B3800084B38000804
:1000D0004B380008B13700084F2200084B380008A1
:1000E0004B3800084B3800084B3800084B380008E4
:1000F0004B3800084B3800084B3800084B380008D4
:100100004B3800084B3800084B3800084B380008C3
:100110004B3800084B3800084B3800084B380008B3
:100120004B3800084B3800084B3800084B380008A3
:1001300000F002F800F079F80AA090E8000C824480
:100140008344AAF10107DA4501D100F06EF8AFF25D
:10015000090EBAE80F0013F0010F18BFFB1A43F0A5
:1001600001031847B0A60000D0A600000A444FF0D3
:10017000000C10F8013B13F0070408BF10F8014B06
:100180001D1108BF10F8015B641E05D010F8016B4B
:10019000641E01F8016BF9D113F0080F1EBF10F8AF
:1001A000014BAD1C0C1B09D16D1E58BF01F801CBD2
:1001B000FAD505E014F8016B01F8016B6D1EF9D555
:1001C0009142D6D37047000000230024002500266A
:1001D000103A28BF78C1FBD8520728BF30C148BFAA
:1001E0000B607047662909F04484642905F06C832C
:1001F000782905F0A583632905F07B87732905F02D
:100200008087002070471FB506F028F80400002002
:10021000002108F015F9401C60600020002108F062
:10022000F9F8E0601FBD10B510BD06F061F9114688
:10023000FFF7E9FF00F008F806F0DAFB03B4FFF778
:10024000F2FF03BC03F034FA03F0C2F94FF4FA7082
:1002500003F0FBF903F026FA4FF4E13003F036FA2D
:10026000472140F2E73000F04FF905F02CFA00F09A
:100270004DFB00F0DDF900F0FDFB02E0642003F02F
:10028000E4F901F0F5FB0028F8D14FF4165001F025
:10029000ADFE01F00FFF01F069FF03F0ADFA02F0CF
:1002A000A6FC00F0EBF94FF47A7003F0CEF923E0EE
:1002B0001248007820B103F0EEF800200F490870D2
:1002C0000F48007820B101F07AFD00200C49087039
:1002D0000C48007830B100F08EFB02F0EEFD0020FB
:1002E000084908700848007830B102F01AF800F0A8
:1002F00090FA002004490870DAE70000140000209A
:10030000150000201600002017000020704700BFD5
:10031000FEE700BFFEE700BFFEE700BFFEE7704755
:1003200070477047704700000CB5002001900090A6
:100330006C48006840F480306A49086000BF694832
:10034000006800F4003000900198401C0190009873
:1003500018B90198B0F5A06FF1D16248006800F4B7
:10036000003010B10120009001E0002000900098C2
:10037000012843D15C48006840F010005A490860E9
:100380000846006820F0030008600846006840F056
:100390000200086053484068524948600846406877
:1003A00048600846406840F48060486008464068FD
:1003B00020F47C1048600846406840F4E81048602B
:1003C0000846006840F08070086000BF454800683B
:1003D00000F000700028F9D04248406820F0030087
:1003E000404948600846406840F00200486000BF4D
:1003F0003C48406800F00C000828F9D10CBD10B54D
:10040000FFF792FF10BD10B53648006840F00100BC
:10041000344908600846406834490840314948601A
:1004200008460068324908402E49086008460068BE
:1004300020F4802008600846406820F4FE004860F0
:100440004FF41F008860FFF7DAFF4FF00060294982
:10045000086010BD10B5002100200022214B5B6810
:1004600003F00C0121B1042906D0082928D107E0A6
:10047000214B224C236027E01F4B204C236023E0BC
:10048000184B5B6803F47010164B5B6803F4803202
:10049000022303EB904022B9194B4343174C2360CE
:1004A0000DE0104B5B6803F4003323B1144B43435E
:1004B000124C236003E0104B4343104C236003E0D5
:1004C0000D4B0E4C236000BF00BF064B5B68C3F3AF
:1004D00003130C4CE15C094B1B68CB40074C2360B9
:1004E00010BD000000100240002002400000FFF894
:1004F000FFFFF6FE08ED00E000127A000000002089
:1005000000093D00040000207FB505460C4601218E
:10051000022003F044FDADF80850ADF8044000207F
:10052000ADF80A00ADF8060001A9364804F066F8F7
:1005300001221146334804F0D8FB1D208DF800003D
:1005400000208DF8010003208DF8020001208DF8B5
:100550000300684603F091F901212A4804F0AAFB40
:100560007FBD10B50121274804F06DFE002844D05E
:1005700001202549087025480088401C80B2234985
:100580000880322804DB0020088001202049087000
:1005900020480088401C80B21E490880B0F5FA7FD0
:1005A00004DB0020088001201B4908701B480088DC
:1005B000401C80B219490880B0F57A7F04DB002026
:1005C000088001201649087016480088401C80B237
:1005D0001449088041F28831884205DB0020114926
:1005E000088001201049087010480068401C0F491D
:1005F00008600121034804F037FE10BD0B48006875
:10060000704700000004004014000020200000207B
:1006100015000020220000201600002024000020E9
:100620001700002026000020180000201C000020D9
:1006300008B50121082003F0A5FC0121084603F0BC
:10064000A1FC01210B4803F0B2FA4FF48040ADF851
:10065000000010208DF8030003208DF80200694689
:10066000054803F0D3F900224FF48041024803F01B
:100670007EFA08BD00023000000C014000B589B0D0
:100680000121082003F07EFC0121084603F07AFCDA
:100690000121954803F08BFA10208DF823000820E3
:1006A000ADF8200003208DF8220008A98F4803F040
:1006B000ADF948208DF823001020ADF8200008A9DE
:1006C0008A4803F0A3F90121084603F05BFC0421EA
:1006D000012003F0B1FA1020069001208DF81E00D1
:1006E00000208DF81C0010208DF81D0006A804F0D5
:1006F000CDFD4FF4A06003F0BBF80A208DF8140084
:1007000001208DF8170002208DF815008DF81600D5
:1007100005A803F0B2F80121084603F040FC0020D0
:10072000ADF80E00ADF80A004720ADF80C006320CC
:10073000ADF8080000208DF8100002A94FF08040AD
:1007400003F05CFF01221146900704F0CEFA4FF04F
:10075000804004F0E3FA1C208DF8040001208DF89D
:10076000070002208DF8050001208DF8060001A881
:1007700003F083F8002208215C4803F0F8F9002216
:1007800010215A4803F0F3F909B000BD10B501215A
:10079000880704F058FD012808D155480068401C1E
:1007A000534908600121880704F05EFD10BD10B5B3
:1007B000102004F0D1FD01282AD14E48007870B9EC
:1007C00000204B49086001204A4908700021800739
:1007D00004F004FD0121880704F06CFA15E0002103
:1007E0004FF0804004F066FA0020424908704FF054
:1007F000804004F016FD3E49096801EBC10202EB9E
:10080000011100EB81003C490860102004F0B5FDA7
:1008100010BD2DE9FC47002240F22551374803F076
:10082000F0FC0020364908603349086082462EE01B
:10083000012208212D4803F09AF9142002F0E1FE6C
:1008400000220821294803F092F9412002F0FDFE20
:100850002948006808F000F906464FF03332294B6A
:1008600007F0F2FE04460D462548006808F0F4F84B
:10087000804622462B4607F02BFECDE9000108F00A
:10088000A7F81F4908600AF1010000F0FF0ABAF159
:10089000020FCDDB1A480068400819490860084675
:1008A000006808F0D9F804460022174B07F0CCFE88
:1008B000064608F08DF812490860012240F22551E1
:1008C0000E4803F09EFC0E480068C82803D3C820D9
:1008D0000B49086005E00A480068C0F1C8000849F3
:1008E0000860BDE8FC87000000023000000C0140F9
:1008F00028000020340000202C000020004400408C
:1009000030000020333317400000244008B5012197
:10091000082003F037FB0121084603F033FB0121D7
:100920004B4803F044F90220ADF8000048208DF850
:10093000030003208DF802006946464803F066F87C
:1009400008BD10B50221434803F0F3F810BD70B59F
:10095000FFF7F7FF0446FFF751FE05463E480078D3
:10096000B0B93E4804600CB1012000E000203C49D1
:10097000087008460078012801D1284600E00020D0
:10098000384908600120344908703548007870BD46
:1009900032480068844203D0334805602F48046021
:1009A00031480068281A322813D30CB1012100E025
:1009B000002108462A490978814209D0284908704F
:1009C0000978012901D1294600E00021254A11605A
:1009D00000BF2348007801280AD12248006838B1B6
:1009E00020480068281AB0F5FA6F01D30220CEE73C
:1009F0001B480078CBE710B5FFF7A9FF044624B1E8
:100A0000012C06D0022C09D104E0002017490870FF
:100A100004E003E001201549087000BF00BF13483F
:100A2000007870B1012291030A4803F0A0F8104841
:100A3000007860B100200E4908700A2000F044F8E8
:100A400005E000224FF48041024803F090F810BD09
:100A500000023000000C01404C0000203C0000204F
:100A60004400002048000020400000203800002002
:100A70001800002008B50121082003F083FA0121A5
:100A8000084603F07FFA01214B4803F090F84FF439
:100A90000050ADF8000010208DF8030003208DF801
:100AA00002006946454802F0B1FF4FF48050ADF8AE
:100AB000000048208DF8030003208DF802006946ED
:100AC0003E4802F0A3FF08BD70B5044600224FF473
:100AD00000513A4803F04BF8052002F0B6FD00251E
:100AE00023E001225103354803F041F804F00100EE
:100AF00060B1032002F0A9FD00224FF400512F48FD
:100B000003F035F8012002F0A0FD0BE0012002F017
:100B10009CFD00224FF40051284803F028F80320E0
:100B200002F093FD6410681CC5B2082DD9DB0122C8
:100B30005103224803F01BF800BF4FF480511F48B7
:100B400002F0F7FF0028F8D070BD2DE9F04104460F
:100B5000B4F57A7F2DDA642094FBF0F0C5B26420FE
:100B600094FBF0F100FB11400A2190FBF1F0C6B2BA
:100B70000A2094FBF0F100FB1140C7B23DB105F132
:100B80000C01C8B2FFF7A0FF1720FFF79DFF05B9C2
:100B90003EB106F10C01C8B2FFF796FF1620FFF731
:100BA00093FF07F10C01C8B2FFF78EFF1820FFF783
:100BB0008BFFBDE8F081000000023000000C014016
:100BC0002DE9F04704464FF07C51204608F07EFDA9
:100BD000814625462E46FE48A0EB66063546294648
:100BE000484608F073FD8246294608F06FFD8046AE
:100BF0004FF07F5108F036FE0746294608F066FDA3
:100C000005462846BDE8F0872DE9F04104460D462B
:100C10002169206808F054FB60606169606808F031
:100C20004FFB06463146606808F006FCE060284647
:100C3000A16808F0A9FE0746E16808F047FD0646EE
:100C4000A16808F03DFBA0604FF07E50E16808F01D
:100C50009BFE0646616808F039FD2060A068BDE88B
:100C6000F0810FB5A1B0DB480168006808F02EFDE7
:100C70001590D9480168D748006808F027FD1490FE
:100C8000D6480168D348006808F020FD1390D24888
:100C90000168006808F01AFD1290D1480168CE483A
:100CA000006808F013FD1190CC480168006808F056
:100CB0000DFD1090CA480168C848006808F006FD9C
:100CC0000F90C7480168006808F000FD0E90269953
:100CD000249808F0FBFC0C90279908F0F7FC002101
:100CE0000D9008F06BFC01D125B000BD2799084696
:100CF00008F0ECFC08902699084608F0E7FC0690FE
:100D00002499084608F0E2FC0590069908F0D8FA04
:100D10000790089908F0D4FA099008F0A5FACDE9EF
:100D20000A0107F03BFBCDE90C0107F09FFB1C908B
:100D30001C99249808F080FB24901C99269808F0B0
:100D40007BFB26901C99279808F076FB2790139937
:100D5000119808F019FE4FF080410D9008F0B6FC94
:100D60001B900F99149808F0ABFA4FF080410D904A
:100D700008F0ACFC1A901299159808F005FE0C903A
:100D8000109908F001FE0D900E9908F099FA19904B
:100D90001A99279808F09AFC0D901999269808F04E
:100DA00095FC0C900D9908F0EFFD18901999249876
:100DB00008F08CFC0D901B99279808F087FC0C908C
:100DC0000D9908F0E1FD17901B99269808F07EFC1C
:100DD0000D901A99249808F079FC0C900D9908F060
:100DE000D3FD16900021189808F070FC0D907D48F6
:100DF00001680D9808F064FA7A4908600021179894
:100E000008F064FC0D90784801680D9808F058FAD5
:100E1000754908600021169808F058FC0D90734839
:100E200001680D9808F04CFA7049086070481899EC
:100E300008F04CFC0C90219908F042FA0D9069489A
:100E400001680D9808F03CFA21906948179908F05C
:100E50003DFC0C90229908F033FA0D90624801682D
:100E60000D9808F02DFA22906148169908F02EFC92
:100E70000C90239908F024FA0D905C4801680D98B5
:100E800008F01EFA239053480068209052480068EA
:100E90001F90524800681E90514800681D90239989
:100EA0001D9808F013FC0B9022991E9808F00EFC78
:100EB00009901F9880F000400790219908F006FCE7
:100EC0000890099908F060FD0A900B9908F05CFD04
:100ED00048490C9008F0FAFB0D90209908F0F0F9C1
:100EE0003C49086022991D9808F0F0FB0B9023996B
:100EF0001E9808F0EBFB0990DDE9201008F0E6FBF6
:100F00000890099908F0DCF90A900B9908F03CFD6B
:100F100038490C9008F0DAFB0D901F9908F0D0F9D1
:100F20002D4908601D99219808F0D0FB0B9023995A
:100F30001F9808F0CBFB09902299209808F0C6FB77
:100F40000890099908F020FD0A900B9908F0B8F96B
:100F500028490C9008F0BAFB0D901E9908F0B0F9E2
:100F60001E4908601E99219808F0B0FB0B90229949
:100F70001F9808F0ABFB09902399209808F0A6FB76
:100F80000890099908F09CF90A900B9908F0FCFC6C
:100F900018490C9008F09AFB0D901D9908F090F9F3
:100FA0000F49086008460168006808F08FFB089048
:100FB0000A480168006808F089FB06900648016845
:100FC000006808F083FB049002480168006813E0A1
:100FD000DF59375FEC000020F0000020F400002013
:100FE000F8000020FC000020000100200401002087
:100FF000000020410AD7233C08F068FB03900499C5
:1010000008F05EF90590069908F05AF907900899DA
:1010100008F056F9099008F027F9CDE90A0107F020
:10102000BDF9CDE90C0107F021FA1C90FE481C998E
:10103000006808F001FAFC490860FC481C99006847
:1010400008F0FAF9F9490860F9481C99006808F0B5
:10105000F3F9F7490860F7481C99006808F0ECF9C3
:10106000F4490860F449239808F030FB4FF08041C0
:101070000B9008F02BFBF1490C9008F027FB0D902A
:10108000EF4801680D9808F01BF9ED490860E64843
:1010900001684FF0804008F019FB0490E4480168B3
:1010A000049808F013FB0690E04801684FF04040B8
:1010B00008F00CFB0490DF480168049808F006FB78
:1010C0000590069908F0FCF8079008F0CDF8CDE9F6
:1010D000080106F031FC4FF0C042DA4BCDE90A01BD
:1010E00007F00AFDCDE90C0107F0C0F9D649086008
:1010F000CF4801684FF0804008F0E8FA0190CC48F2
:101100000168019808F0E2FA0390C84801684FF0BE
:10111000404008F0DBFA0190C4480168019808F0EB
:10112000D5FA0290039908F02FFC4FF07E510490FD
:1011300008F0C6F8059008F097F8CDE90801BA481C
:1011400001684FF0804008F0C1FA0290B74801688A
:10115000029808F0BBFA0490B54801684FF080404F
:1011600008F0B4FA0290B3480168029808F0AEFAA9
:101170000390049908F0A4F8059008F075F8CDE9FB
:101180000601DDE9082306F0B1FE4FF0C042AD4B89
:10119000CDE90A0107F0B0FCCDE90C0107F066F9D2
:1011A000AA49086000BF9FE50FB599B000201190D3
:1011B00010900F90A6491C9808F088FA1C90A4493A
:1011C0001E9808F083FA1E90A1491F9808F07EFA35
:1011D0001F901B99084608F079FA08901A9908465A
:1011E00008F074FA06901999084608F06FFA05900D
:1011F000069908F065F80790089908F061F80990D9
:10120000FFF7DEFC18908A4801688748006808F0FC
:101210005DFA0890874801688448006808F056FA2B
:101220000790089908F0B0FB4FF08041099008F052
:101230004DFA17907F4801687D48006808F046FA2B
:1012400008907A4801687848006808F03FFA0790EB
:10125000089908F035F84FF08041099008F036FA07
:101260001690734801684FF0804008F02FFA0790FD
:101270006F480168079808F029FA09906B480168DF
:101280004FF0804008F022FA0690684801680698FE
:1012900008F01CFA4FF07E51079008F0E3FA08902E
:1012A000099908F071FB159016991B9808F00EFA31
:1012B000099015991A9808F009FA0890099908F008
:1012C00063FB14901599199808F000FA0990179982
:1012D0001B9808F0FBF90890099908F055FB13904A
:1012E00017991A9808F0F2F909901699199808F0C8
:1012F000EDF90890099908F047FB12900021149825
:1013000008F0E4F9019007F0AFFF524A524BCDE9E3
:10131000020107F0F1FBCDE90601119807F0A4FFE7
:10132000CDE90401DDE9062307F0D2F8CDE9080193
:1013300007F09CF811900021139808F0C7F901906C
:1013400007F092FF434A444BCDE9020107F0D4FB7A
:10135000CDE90601109807F087FFCDE90401DDE92A
:10136000062307F0B5F8CDE9080107F07FF81090E3
:101370000021129808F0AAF9019007F075FF354A8C
:10138000354BCDE9020107F0B7FBCDE906010F9817
:1013900007F06AFFCDE90401DDE9062307F098F8BC
:1013A000CDE9080107F062F80F902C48149908F075
:1013B0008DF908901C9907F083FF0990119907F0A7
:1013C0007FFF1C902548139908F080F908901E991A
:1013D00007F076FF0990109907F072FF1E901F48E2
:1013E000129908F073F908901F9907F069FF0990A6
:1013F0000F9907F065FF1F901C9807F035FF154AFD
:10140000174BCDE9060107F077FBCDE9080107F09E
:101410002DF81C901E9807F027FF0E4A104BCDE9BF
:10142000060107F069FB1DE0EC000020F000002041
:10143000F4000020F80000200AD7233C3333654233
:101440001001002066A64C400C010020080100207D
:10145000728A8E3C7B14AE47E17A743F00002041D3
:10146000E17A643FCDE9080107F000F81E901F986B
:1014700007F0FAFEC44AC54BCDE9060107F03CFB74
:10148000CDE9080106F0F2FF1F90C1481F990068DE
:1014900008F01CF90890BF481E99006808F016F97A
:1014A0000690BD48006880F0004004901C9908F048
:1014B0000DF90590069908F067FA0790089908F069
:1014C00063FA0990B5480168099807F0F9FEB34935
:1014D0000860AF481E99006808F0F8F80890AD4819
:1014E0001F99006808F0F2F80690AC481C99006853
:1014F00008F0ECF80590069907F0E2FE07900899CD
:1015000008F042FA0990A4480168099807F0D8FE4B
:10151000A14908609E481C99006808F0D7F8089017
:101520009D481F99006808F0D1F806909B481E99C5
:10153000006808F0CBF80590069908F025FA0790A6
:10154000089907F0BDFE099092480168099807F0D4
:10155000B7FE904908608F481C99006808F0B6F8FB
:1015600008908D481E99006808F0B0F806908B48E6
:101570001F99006808F0AAF80590069907F0A0FEE8
:101580000790089908F000FA0990814801680998C5
:1015900007F096FE7E49086008460168006808F07A
:1015A00095F808907B480168006808F08FF806906D
:1015B00079480168006808F089F804907748016864
:1015C000006808F083F80390049907F079FE05900D
:1015D000069907F075FE0790089907F071FE0990CB
:1015E000FFF7EEFA18906D481899006808F06EF849
:1015F0006A49086068481899006808F067F8664901
:10160000086064481899006808F060F8614908604B
:101610005F481899006808F059F85D4908605D480E
:1016200001685E48006808F051F808905848016861
:101630005948006808F04AF80790089908F0A4F99A
:101640004FF08041099008F041F80E905048016831
:101650005048006808F03AF808904F4801684F4831
:10166000006808F033F80790089907F029FE4FF05A
:101670008041099008F02AF80D90454801680068FB
:1016800008F024F8099043480168006808F01EF843
:10169000079041480168006808F018F805903F4835
:1016A0000168006808F012F80490059908F06CF9D8
:1016B0000690079908F068F90890099907F000FE6C
:1016C0000C90334801683548006807F0FFFF089028
:1016D000304801683048006807F0F8FF0790089923
:1016E00007F0EEFD4FF08041099007F0EFFF0B90FF
:1016F00027480168006807F0E9FF0990254801685C
:10170000006807F0E3FF079023480168006807F0CE
:10171000DDFF059021480168006807F0D7FF0490BD
:10172000059907F0CDFD0690079908F02DF908906E
:10173000099908F029F90A900E9806F035FA80F018
:1017400000401749099007F0C1FF16490860DDE91C
:101750000C1007F071FE089006F088FC1049099003
:1017600007F0B4FF10490860DDE90A1007F064FED5
:10177000089006F07BFC0A49099007F0A7FF0B4987
:1017800008601DB000BD00007B14AE47E17A643FE5
:10179000F8000020F4000020F0000020EC00002001
:1017A00033336542500000205400002058000020D0
:1017B00008B501210C2002F0E5FB1020ADF8000077
:1017C0008DF8030003208DF802006946FE4802F000
:1017D0001DF90120ADF8000048208DF8030003201A
:1017E0008DF802006946F94802F010F908BD70B59D
:1017F00004460D46002600BF06E0207800F07EFB80
:101800002070641C701CC6B2AE42F6DB70BD01B520
:1018100082B0002001901021EB4802F0A6F99DF85B
:10182000080040F080000290012102A8FFF7DFFFCE
:10183000012101A8FFF7DBFF1021E34802F093F933
:101840009DF804000EBD37B50C4615469DF8000006
:1018500040F0800000901021DB4802F086F9012161
:101860006846FFF7C4FFE9B22046FFF7C0FF10212A
:10187000D54802F078F93EBD13B51021D24802F0E8
:1018800074F901216846FFF7B2FF012101A8FFF7B3
:10189000AEFF1021CC4802F066F900201CBD0146C5
:1018A00089B101290BD0022905D003290FD1C848DD
:1018B000C84A10600BE0C848C64A106007E0C74835
:1018C000C44A106003E0C648C24A106000BF00BFAF
:1018D000C048006870470146082925D2DFE801F0BA
:1018E000201C1814100C0804BE48BF4A10601BE0EE
:1018F000BE48BD4A106017E0BD48BB4A106013E007
:10190000BC48B94A10600FE0BB48B74A10600BE012
:10191000BA48B54A106007E0B948B34A106003E01E
:10192000AB48B14A106000BF00BFAF4800687047C5
:1019300010B500247520FFF76AFF04462146B1A0C8
:1019400003F076FF00217620FFF796FF0121762035
:10195000FFF792FF642001F078FE062003F03CFFC1
:10196000AC490860062003F037FFAB490860472CFC
:101970007BD101217620FFF77FFF02217A20FFF73C
:101980007BFF00217620FFF777FF40211620FFF72D
:1019900073FF6520FFF73BFF044600216520FFF73A
:1019A0006BFF00216020FFF767FF02216120FFF736
:1019B00063FF21466520FFF75FFF63215F20FFF78C
:1019C0005BFF00217620FFF757FF36211420FFF739
:1019D00053FF00217620FFF74FFF6520FFF717FF29
:1019E000044644F0040421466520FFF745FF01202A
:1019F000FFF755FF00217620FFF73EFF5020FFF74D
:101A000006FF044644F0200444F009042146502017
:101A1000FFF732FF0120FFF75EFF00217620FFF77E
:101A20002BFF4F20FFF7F3FE044644F0200444F060
:101A3000090421464F20FFF71FFF00217620FFF702
:101A40001BFF4E20FFF7E3FE044624F0200444F081
:101A50000C0444F0030421464E20FFF70DFF012043
:101A600001F0F3FD002010BDFFE74FF0FF30FAE773
:101A700010B5FFF79DFE00F05AFAFFF759FF10BDB1
:101A80002DE9F84F824600200090022269461D2071
:101A9000FFF7D9FE9DF801109DF8002041EA0221D0
:101AA00008B206F0C2FF06465C4A5D4B06F0CCFD6C
:101AB000044600225B4B06F00BFD804606F058FF03
:101AC00000B2AAF800000020BDE8F88F7CB50446FB
:101AD000002000900190062269461F20FFF7B3FE08
:101AE0009DF801009DF8001040EA012000B220801E
:101AF0009DF803009DF8021040EA012000B26080CA
:101B00009DF805009DF8041040EA012000B2A08075
:101B1000B4F9000007F0C2FD06462E4801683046C1
:101B200007F0D4FD054607F07DFD00B22080B4F932
:101B3000020007F0B3FD064626480168304607F06C
:101B4000C5FD054607F06EFD00B26080B4F90400E3
:101B500007F0A4FD06461F480168304607F0B6FDB1
:101B6000054607F05FFD00B2A08000207CBD7CB57B
:101B70000446002000900190062269462520FFF7C8
:101B800062FE9DF801009DF8001040EA012000B2BD
:101B900020809DF803009DF8021040EA012000B269
:101BA00060809DF805009DF8041040EA012000B215
:101BB000A080B4F9000007F071FD06460A480168EC
:101BC000304607F083FD2FE000080140000C014083
:101BD00000007A3D140100200000FA3D00007A3E2A
:101BE0000000FA3E0000F2391801002000007A3AA5
:101BF0000000FA3A00007A3B0000FA3B00007A3C11
:101C00000000FA3C7265675F76616C3A307825783F
:101C10000A000000200100201C0100208FC2F528CE
:101C20005C8F604000003940054607F0FBFC00B2C5
:101C30002080B4F9020007F031FD0646A54801688E
:101C4000304607F043FD054607F0ECFC00B260802B
:101C5000B4F9040007F022FD06469E4801683046AC
:101C600007F034FD054607F0DDFC00B2A08000203F
:101C70007CBDFEB504460D46002000900190029008
:101C80000C2269461F20FFF7DEFD9DF801009DF83C
:101C9000001040EA012000B220809DF803009DF86A
:101CA000021040EA012000B260809DF805009DF816
:101CB000041040EA012000B2A0809DF807009DF8C2
:101CC000061040EA012000B228809DF809009DF826
:101CD000081040EA012000B268809DF80B009DF8D2
:101CE0000A1040EA012000B2A880B4F9000007F011
:101CF000D5FC074678480168384607F0E7FC0646F9
:101D000007F090FC00B22080B4F9020007F0C6FC96
:101D1000074671480168384607F0D8FC064607F0C8
:101D200081FC00B26080B4F9040007F0B7FC0746FC
:101D300069480168384607F0C9FC064607F072FC9E
:101D400000B2A080B5F9000007F0A8FC0746614882
:101D50000168384607F0BAFC064607F063FC00B29B
:101D60002880B5F9020007F099FC07465948016838
:101D7000384607F0ABFC064607F054FC00B268801A
:101D8000B5F9040007F08AFC074652480168384656
:101D900007F09CFC064607F045FC00B2A880002036
:101DA000FEBD2DE9F04104460D4625F0004624F025
:101DB00000473146384606F02CFABDE8F0812DE99F
:101DC000FC5F4648016846480068FFF752FF012063
:101DD00001F03BFC42490968B1F9040007F05EFCE0
:101DE0008346404907F072FC82464FF08D4107F070
:101DF00023FB04463A490968B1F9020007F04EFC9A
:101E00008346384907F062FC82464FF08D4107F067
:101E100013FB054632490968B1F9000007F03EFCA2
:101E20008346304907F052FC82464FF08D4107F05F
:101E300003FB064629490968B1F9040007F02EFCA6
:101E40002949019007F042FC8346284907F0F4FA3B
:101E500082464FF08F4107F0EFFA07461F490968A5
:101E6000B1F9020007F01AFC1F49019007F02EFC9F
:101E700083461E4907F0E0FA82464FF08F4107F093
:101E8000DBFA804615490968B1F9000007F006FC45
:101E90001549019007F01AFC8346144907F0CCFA63
:101EA00082464FF08F4107F0C7FA814633463A46E3
:101EB0004146CDE90054FEF7D4FE0D4801680D48B7
:101EC0000068FFF76EFF044607F0C8FB0A49087078
:101ED000BDE8FC9F18010020140100201C01002017
:101EE00020010020CDCC1C410000FA433333654271
:101EF0000C010020080100202401002010B5044638
:101F000000BF0221374803F090FB0028F9D021469A
:101F1000344803F037FB00BF0121324803F085FB52
:101F20000028F9D02F4803F02FFBC0B210BD00B538
:101F300087B00121042002F025F80121080302F0F6
:101F400021F8E020ADF8180018208DF81B000320C0
:101F50008DF81A0006A9244801F058FD0121080354
:101F600002F02AF800214FF4805002F025F80020FA
:101F7000ADF804004FF48270ADF806000020ADF813
:101F800008000220ADF80A000120ADF80C00400264
:101F9000ADF80E003820ADF810000020ADF81200AA
:101FA0000720ADF8140001A90E4803F015FA01212D
:101FB0000C4803F0B6FAFF20FFF7A0FF07B000BD02
:101FC00010B50446074800884FF6C7710840054918
:101FD000088008460088204308800121014803F05A
:101FE000A0FA10BD003001400008014010B586B0D5
:101FF00004460121480401F0D2FF0121042001F030
:10200000C1FF0420ADF8140003208DF8160018203D
:102010008DF8170005A9FE4801F0F8FC0820ADF87E
:10202000140004208DF8170005A9F94801F0EEFC12
:1020300026208DF8000003208DF801008DF80200A5
:1020400001208DF80300684601F017FC0194002080
:10205000ADF80800ADF80A00ADF80C00ADF81000BE
:102060000C20ADF80E0001A9EA4802F032F8012276
:1020700040F22551E74802F0C4F80121E54802F09A
:10208000B4F80121102001F07DFF4FF40050ADF8AD
:10209000140010208DF8170003208DF8160005A9F4
:1020A000DD4801F0B3FC4FF40051DB4801F05BFD6B
:1020B00006B010BD10B50020D84908604FF4FA7082
:1020C00001F0C3FA0120D649C1F8B4014FF4FA7007
:1020D00001F0BBFA10BD70B505460C4612E000BF1A
:1020E0008021284602F05CF90028F9D014F8011B81
:1020F000284602F0E7F800BF4021284602F050F9D8
:102100000028F9D020780028E9D170BD2DE9F041F0
:1021100005460E460024FEF771FA804619E0C148D4
:102120000078012815D10020BE490870BE48077804
:102130002046641C2F54012C0BDD701EA04207DDCD
:10214000A01E285C4F2804D1601E285C4B2800D1BB
:1021500006E0FEF753FAA0EB0800B0F57A6FDED385
:1021600000BF002028552046BDE8F08130B5A1B061
:10217000002435E0002528E0AC4850F82410A5489C
:10218000FFF7A9FF802101A8FFF7C0FF00280EDD9F
:10219000A7A101A803F08EFC48B1A6A1AB48FFF7A8
:1021A0009AFF032C02DB642001F04FFA0FE080213C
:1021B00001A803F0B0FC00209A4908709B4850F831
:1021C0002410A248FFF787FF6D1C032DD4DB00BF4E
:1021D000032D04D19EA19D48FFF77DFF02E0641C02
:1021E0000A2CC7D300BF0A2221469FA003F020FB80
:1021F0000A2C2AD100224FF48041A04801F0B7FCFC
:10220000642001F022FA012291039C4801F0AFFC06
:10221000642001F01AFA00224FF48041974801F03F
:10222000A6FC642001F011FA01229103934801F009
:102230009EFC642001F009FA00224FF480418F488F
:1022400001F095FC642001F000FA21B030BD10B51A
:1022500040F225516F4802F0B9F8002860D0012003
:10226000704908706B4802F031F86F4908700846F1
:1022700000780A2803D082480088F92847DB00212B
:1022800080487F4A1288815400207D4908807D481B
:10229000407847280FD17B4880784E280BD1794869
:1022A000C078522807D1774800794D2803D1754866
:1022B0004079432827D07348407842280FD171488D
:1022C000807844280BD16F48C078472807D16D48E3
:1022D0000079532803D16B484079562813D06948B8
:1022E000407847281CD1674880784E2818D1654827
:1022F000C078562814D163480079542810D1614819
:10230000407947280CD101205F49088008E0464900
:102310000A785B490888411C594B198059490A546D
:1023200010BD70B5FEB0002401A9081957490A680C
:1023300057A103F089FA044401A9081955A254A130
:1023400003F082FA044401A9081956490A7856A1F3
:1023500003F07AFA044401A9081954A24CA103F02D
:1023600073FA044401A9081954490A784EA103F0EC
:102370006BFA044401A908194CA245A103F064FAC0
:10238000044401A908194D490A7847A103F05CFAF1
:10239000044401A908194AA23DA103F055FA0444D6
:1023A00001A9081949490A683FA103F04DFA0444FC
:1023B00001A9081946A236A103F046FA044401A96E
:1023C000081947A232A103F03FFA044448480068C4
:1023D00006F04AFF05460B4601A908192A4645A101
:1023E00003F032FA044401A9081944A228A103F019
:1023F0002BFA04444448006806F036FF05460B46B5
:1024000001A908192A4641A103F01EFA044481E0FB
:10241000000801400044004000100140B401224285
:102420000000224229010020280100203401002060
:102430004F4B000045632D30316620415420496EDA
:102440006974204F6B210D0A000000000038014024
:1024500045632D30316620415420496E6974204611
:1024600061696C210D0A000069203D2025642C2043
:1024700070203D2025640D0A00000000000C014082
:102480005C010020A80100205E0100202C0100203A
:102490002573000022436F76657253746174652260
:1024A0003A0000003800002025642C002254696C9A
:1024B0007456616C7565223A00000000240100200A
:1024C00022486569676874223A00000030000020E5
:1024D0002247656F4C6F636174696F6E223A7B00AF
:1024E000224C6F6E676974756465223A00000000C3
:1024F00068010020252E32662C000000224C6174F9
:102500006974756465223A0064010020252E3266E4
:102510007D00000001A9081906490A68AFF2900180
:1025200003F092F9044401A90348FFF7D4FD7EB0FB
:1025300070BD0000300100200044004010B5402173
:10254000F74801F010FB2021F54801F00CFB202199
:10255000F34801F00AFB4021F14801F006FB10BDF1
:1025600010B54021EE4801F0FEFA2021EC4801F0C0
:10257000FCFA2021EA4801F0F6FA10BD10B540211E
:10258000E74801F0F0FA4021E54801F0EEFA10BD0D
:102590002DE9F04105462C464021E14801F0E5FADD
:1025A000002619E0274607F08007802F04D120215C
:1025B000DB4801F0D8FA03E02021D94801F0D5FA30
:1025C0006006040E4021D64801F0CDFA4021D448DF
:1025D00001F0CBFA701CC6B2082EE3DBBDE8F08137
:1025E00010B50446FFF7AAFF7820FFF7D1FFFFF7E9
:1025F000C5FF0020FFF7CCFFFFF7C0FF2046FFF725
:10260000C7FFFFF7BBFFFFF7ABFF10BD10B50446D8
:10261000FFF794FF7820FFF7BBFFFFF7AFFF4020E5
:10262000FFF7B6FFFFF7AAFF2046FFF7B1FFFFF75E
:10263000A5FFFFF795FF10BD70B504460D461DB10F
:10264000E0B2FFF7E3FF02E0E0B2FFF7C9FF70BDC1
:1026500070B50646002418E004F1B0000021FFF731
:10266000EBFF00210846FFF7E7FF00211020FFF7EE
:10267000E3FF002505E001213046FFF7DDFF681C80
:10268000C5B2802DF7DB601CC4B2082CE4DB70BD42
:1026900070B504460D4605F1B0000021FFF7CCFFF0
:1026A000102141EA14100021FFF7C6FF04F00F00CB
:1026B0000021FFF7C1FF70BD10B500218D20FFF78D
:1026C000BBFF00211420FFF7B7FF0021AF20FFF769
:1026D000B3FF10BD10B500218D20FFF7ADFF002125
:1026E0001020FFF7A9FF0021AE20FFF7A5FF10BDC6
:1026F00070B5002418E004F1B0000021FFF79CFF42
:1027000000210846FFF798FF00211020FFF794FFF3
:10271000002505E001210020FFF78EFF681CC5B2EF
:10272000802DF7DB601CC4B2082CE4DB70BD70B5F3
:10273000022418E004F1B0000021FFF77DFF002122
:102740000846FFF779FF00211020FFF775FF0025ED
:1027500005E001210020FFF76FFF681CC5B2802D46
:10276000F7DB601CC4B2082CE4DB70BD70B5044616
:1027700004F1B0000021FFF75FFF00210846FFF7DA
:102780005BFF00211020FFF757FF002505E0012126
:102790000020FFF751FF681CC5B2802DF7DB70BD2C
:1027A00070B5002418E004F1B0000021FFF744FFE9
:1027B00000210846FFF740FF00211020FFF73CFFF3
:1027C000002505E001210846FFF736FF681CC5B269
:1027D000802DF7DB601CC4B2082CE4DB70BD2DE952
:1027E000F04707460E469046994600250024A8F17A
:1027F0002000C5B27F2F02DD0027B01CC6B2B9F1A0
:10280000080F24D131463846FFF742FF002408E084
:1028100004EB0511434A505C0121FFF70DFF601CDA
:10282000C4B2082CF4DB701CC1B23846FFF730FF8D
:10283000002409E004EB051108313A4A505C0121FB
:10284000FFF7FAFE601CC4B2082CF3DB12E031463D
:102850003846FFF71DFF00240AE005EB4501324A28
:1028600002EB4101085D0121FFF7E6FE601CC4B2E6
:10287000062CF2DBBDE8F0872DE9F04707460E464F
:102880009046994600250024A8F12000C5B27F2F6C
:1028900002DD0027B01CC6B2B9F1080F26D13146BF
:1028A0003846FFF7F5FE002409E004EB05111D4A48
:1028B000515CC8430121FFF7BFFE601CC4B2082C65
:1028C000F3DB701CC1B23846FFF7E2FE00240AE0D9
:1028D00004EB05110831134A515CC8430121FFF78D
:1028E000ABFE601CC4B2082CF2DB13E03146384664
:1028F000FFF7CEFE00240BE005EB45010A4A02EB90
:102900004101095DC8430121FFF796FE601CC4B276
:10291000062CF1DBBDE8F08710B50246012006E089
:10292000000C0140E69D0008BE9B000850430B1EB2
:10293000A1F10104E1B2F9D110BD2DE9F05F064625
:102940008A4691461D460A9F4FF0000B00242DE059
:10295000281B401EC1B20A20FFF7DEFFB9FBF0F0D2
:102960000A21B0FBF1F201FB1208BBF1000F10D1FC
:10297000681EA0420DDDB8F1000F08D107FB04610D
:10298000C8B23B4620225146FFF729FF0CE04FF02A
:10299000010B08F13001CAB207FB0461C8B23B4623
:1029A0005146FFF71CFF00BF601CC4B2AC42CFDB36
:1029B000BDE8F09F2DE9F05F06468A4691461D4628
:1029C0000A9F4FF0000B00242DE0281B401EC1B2CF
:1029D0000A20FFF7A1FFB9FBF0F00A21B0FBF1F2EA
:1029E00001FB1208BBF1000F10D1681EA0420DDDE3
:1029F000B8F1000F08D107FB0461C8B23B462022A2
:102A00005146FFF739FF0CE04FF0010B08F13001A0
:102A1000CAB207FB0461C8B23B465146FFF72CFF20
:102A200000BF601CC4B2AC42CFDBBDE8F09F2DE913
:102A3000F04104460F461546984600260FE0AA5D71
:102A4000434639462046FFF7CAFE04EB0800C4B2ED
:102A5000782C02DD0024B81CC7B2701CC6B2A85D79
:102A60000028ECD1BDE8F0812DE9F04104460F4685
:102A70001546984600260FE0AA5D43463946204693
:102A8000FFF7FAFE04EB0800C4B2782C02DD002444
:102A9000B81CC7B2701CC6B2A85D0028ECD1BDE856
:102AA000F0812DE9F04107460E461546314638467D
:102AB000FFF7EEFD002408E09E4A02EB4511085D99
:102AC0000121FFF7B9FD601CC4B2102CF4DB701CAF
:102AD000C1B23846FFF7DCFD00240AE06900491C5A
:102AE000944A02EB0111085D0121FFF7A5FD601C6E
:102AF000C4B2102CF2DBBDE8F0812DE9F041804634
:102B00000F4615461E4639464046FFF7C1FD0024D4
:102B100007E005EB4611085D0121FFF78DFD601C04
:102B2000C4B2072CF5DB781CC1B24046FFF7B0FDFC
:102B3000002409E07100491C05EB0111085D012129
:102B4000FFF77AFD601CC4B2072CF3DBBDE8F0810F
:102B50002DE9F04105460F461646002408E005EB36
:102B60000411C8B222463946FFF79BFF601CC4B26D
:102B7000B442F4DBBDE8F0812DE9F05F06460F4674
:102B800090461C46DDF828A04FF0000BE11704EB3F
:102B90005171C910A4EBC10131B92046E11704EB12
:102BA0005171C1F3C70506E02046E11704EB5171EE
:102BB000C910491CCDB23D4615E029463046FFF705
:102BC00067FDB1460BE059460BF1010B1AF8010005
:102BD0000121FFF731FD09F1010000F0FF09C145B6
:102BE000F1DB681CC5B2A542E7DBBDE8F09F08B584
:102BF0000121082001F0C6F90121084601F0C2F9BF
:102C000001214D4800F0D3FF4020ADF80000102016
:102C10008DF8030001208DF802006946474800F056
:102C2000F5FE2020ADF8000010208DF803000120F3
:102C30008DF802006946414800F0E8FE40213F4817
:102C400000F091FF20213D4800F08DFF642000F04E
:102C5000FCFC0021AE20FFF7EFFC00210846FFF747
:102C6000EBFC00211020FFF7E7FC00214020FFF7DC
:102C7000E3FC0021B020FFF7DFFC00218120FFF7FB
:102C8000DBFC0021FF20FFF7D7FC0021A120FFF78C
:102C9000D3FC0021A620FFF7CFFC0021A820FFF7DE
:102CA000CBFC00213F20FFF7C7FC0021C820FFF725
:102CB000C3FC0021D320FFF7BFFC00210846FFF72B
:102CC000BBFC0021D520FFF7B7FC00218020FFF7D7
:102CD000B3FC0021D820FFF7AFFC00210520FFF74F
:102CE000ABFC0021D920FFF7A7FC0021F120FFF762
:102CF000A3FC0021DA20FFF79FFC00211220FFF740
:102D00009BFC0021DB20FFF797FC00213020FFF720
:102D100093FC00218D20FFF78FFC00211420FFF78A
:102D20008BFC0021AF20FFF787FCFFF7C5FCFFF706
:102D3000DFFC08BDF6A3000800023000000C0140D3
:102D40002DE9F0410546642095FBF0F0C7B2642000
:102D500095FBF0F100FB11500A2190FBF1F0C6B297
:102D60000A2095FBF0F100FB115000F0FF08502401
:102D7000082362A204210020FFF759FE97B107F152
:102D80003001CAB2E0B208230421FFF728FD08345D
:102D900006F13001CAB2E0B208230421FFF71FFD9B
:102DA000083409E046B106F13001CAB2E0B20823A6
:102DB0000421FFF714FD083408F13001CAB2E0B273
:102DC00008230421FFF70BFD0834E0B20823432257
:102DD0000421FFF704FD0834E0B208234D2204214A
:102DE000FFF7FDFC0834E0B2082320220421FFF79E
:102DF000F6FC0834E0B2082320220421FFF7EFFCA0
:102E0000BDE8F0812DE9F0410546642095FBF0F026
:102E1000C7B2642095FBF0F100FB11500A2190FB32
:102E2000F1F0C6B20A2095FBF0F100FB115000F062
:102E3000FF083624082334A206210020FFF7F7FDFF
:102E400097B107F13001CAB2E0B208230621FFF7BB
:102E5000C6FC083406F13001CAB2E0B208230621EC
:102E6000FFF7BDFC083409E046B106F13001CAB2F3
:102E7000E0B208230621FFF7B2FC083408F1300164
:102E8000CAB2E0B208230621FFF7A9FC0834E0B279
:102E9000082380220621FFF7A2FC0834E0B20823B1
:102EA00020220621FFF79BFC0834E0B208232022F1
:102EB0000621FFF794FCBDE8F08110B5082314A2A9
:102EC00000210846FFF7B3FD1548007830B108230C
:102ED00014A202210020FFF7AAFD05E0082315A295
:102EE00002210020FFF7A3FD1649098888B2FFF7E9
:102EF00027FF15480078FFF785FF10BD44697374FC
:102F0000616E63653A000000416E676C653A2000AF
:102F10004D616E686F6C6520636F766572000000AE
:102F2000380000204D61676E65743A416273656ECA
:102F3000742000004D61676E65743A507265736568
:102F40006E740000300000202401002001460020A3
:102F500003E000220A54421CD0B20428F9D370477F
:102F600000BFFE49098801F040010029F9D0FB4962
:102F7000091D0880704730B502460020114624E044
:102F80000C78303C0A2C1AD2DFE804F00507090B54
:102F90000D0F11131517002311E001230FE0022379
:102FA0000DE003230BE0042309E0052307E00623DB
:102FB00005E0072303E0082301E0092300BF00BF69
:102FC00000EB800403EB4400491C0C78002CD7D1A3
:102FD00030BD2DE9F04106460D460027284602F097
:102FE0007BFD804600240CE0285D2C2801D1781C54
:102FF000C7B2B74203D1601CC0B2BDE8F081601C0B
:10300000C4B24445F0DB0020F7E7FEB5054629468B
:103010000120FFF7DEFF0446601EC4B222462946A7
:10302000684602F09FFD00200DF804006846FFF797
:10303000A2FF06463046FEBD2DE9F05F054600269C
:103040004FF001092C4653E020782E380C2821D26D
:10305000DFE800F01E2006080B0E10131517191CD0
:10306000002717E04FF07E5714E04FF0804711E043
:10307000BB4F0FE04FF081470CE0BA4F0AE0BA4F68
:1030800008E0BA4F06E04FF0824703E0B84F01E096
:10309000B84F00BF00BFB749384606F08FFA05D1D8
:1030A0004FF000094FF00108641C21E0B9F1010F55
:1030B00009D1B149304606F009FB8246394606F08F
:1030C000FFF8064612E008EB8801480006F0E6FA31
:1030D00083465946384606F0AFF98246314606F037
:1030E000EFF8064608EB88004FEA4008641C00BF72
:1030F00020780028A8D13046BDE8F09FFEB50546EF
:1031000029460120FFF765FF0446601EC4B222462F
:103110002946684602F026FD00200DF804006846A6
:10312000FFF78AFF06463046FEBD2DE9FF5F814668
:1031300000210F4688464FF0010B4E4668E030787C
:103140002E380C2829D2DFE800F0252806090C10BB
:103150001316191C1F22002425461EE00024874D4B
:103160001BE000244FF0804517E00024844D14E05C
:103170000024844D11E00024834D0EE00024834D93
:103180000BE00024824D08E00024824D05E000247D
:10319000814D02E00024814D00BF00BF00227F4B23
:1031A0002046294605F0A8FB05D14FF0000B4FF053
:1031B000010A761C2CE0BBF1010F0ED10022784BE6
:1031C0003846414605F098FC22462B46CDE90201DF
:1031D00005F07EF90746884618E00AEB8A014800A8
:1031E00005F023FC02460B46CDE9000120462946A6
:1031F00005F02AFA3A464346CDE9020105F068F99E
:10320000074688460AEB8A004FEA400A761C00BF50
:103210003078002893D13846414604B0BDE8F09F8D
:10322000FEB5054629460120FFF7D3FE0446601E81
:10323000C4B222462946684602F094FC00200DF8EC
:1032400004006846FFF771FF06460F4630463946D0
:1032500003B0F0BDFCB502460B46002118460A2A11
:1032600007DA302500F8015B02F1300500F8015B58
:1032700019E00DE00A2592FBF5F605FB162492FBFA
:10328000F5F204F13005EFB20D46491C0DF805705A
:10329000002AEFDC491E04E01DF8015000F8015B34
:1032A000491E0029F8DA00250570FCBD2DE9F34F11
:1032B00087B00C464FF000083AA1079802F0FAFBDD
:1032C000C0B93AA1079802F0F5FB98B939A107985F
:1032D00002F0F0FB70B939A1079802F0EBFB48B996
:1032E00038A1079802F0E6FB20B90020A07209B0CF
:1032F000BDE8F08F35A1079802F0D6FB0546C5E082
:10330000A8F1020005280BD2DFE800F0030B7E8154
:10331000B2002878412801D1012000E00020A072ED
:10332000A9E0284602F0D8FBB0B1284604F05CFFC3
:10333000064605F09BF80690069805F095FF0022DA
:10334000234BCDE9000104F079FF0022214BCDE9A8
:10335000020105F079F93FE055E00000004400402B
:10336000000040400000A0400000C0400000E040DD
:103370000000104100003842000020410000F03FF2
:1033800000000840000010400000144000001840F9
:1033900000001C4000002040000022400000474088
:1033A00000002440244750524D430000244244472B
:1033B0005356000024474E524D43000024474E56BA
:1033C0005447000024475047474100002C000000AC
:1033D0000000594000004E4081468A4660490698E8
:1033E00006F02AF8039006F01DF9834605F01DFB50
:1033F0004A465346CDE9040105F06AF8064605F051
:1034000035F8206000BF36E02878207233E0284687
:1034100002F062FB58B3284604F0E6FE064605F0CB
:1034200025F88346584605F01FFF814600224D4B84
:1034300004F004FF064600224B4B05F005F9CDE9E8
:1034400002014749584605F0F7FF074606F0EAF83B
:10345000064605F0EAFACDE90001DDE9022305F0B0
:1034600037F8CDE9040105F001F8606000BF02E023
:103470002878607200BF00BFAFF2B001002002F0F8
:1034800013FB054608F1010000F0FF08002D7FF452
:1034900037AF00BF2BE770B5FEB00024334800887B
:1034A00000285AD032493348FFF700FF3048807A6D
:1034B00000284FD02E4800682F4908602C484068EB
:1034C0002E4908602A49086805F0CEFE05462848BE
:1034D000007A2A460B46009029A002F0A9F9244957
:1034E000486805F0C1FE05462148407A2A460B4649
:1034F000009028A002F09CF901A908192AA232A183
:1035000002F0A2F904441A49086805F0ADFE054628
:103510000B461748007A01A9009008192A4618A1FD
:1035200002F092F904441249486805F09DFE0546F0
:103530000B460F48407A01A9009008192A4615A1A8
:1035400002F082F9044401A9081920A21EA102F088
:103550007BF904440020054908807EB070BD00005E
:103560000000C8420000594000004E405E010020AB
:10357000C8030020A8010020640100206801002089
:103580004C617469747564653A20252E3666202571
:10359000630A00004C6F6E6769747564653A202594
:1035A0002E36662025630A00596F75722066616D9C
:1035B000696C79206D656D6265722066656C6C2042
:1035C000646F776E2100000025730000000000008A
:1035D00010B56FF0040000F09AF92E4800682E49EB
:1035E000B0FBF1F02D4908700846007800EB40016F
:1035F000C1EBC0104FF6FF7101EAC00028490880F6
:1036000010BD0146254A12784A434FF0E0235A6123
:1036100000229A611A46126942F001021A6100BF43
:103620004FF0E022106900F001021AB100F480327C
:10363000002AF5D04FF0E022126922F001024FF08B
:10364000E0231A6100229A6170470146144A1288E9
:103650004A434FF0E0235A6100229A611A461269E8
:1036600042F001021A6100BF4FF0E022106900F041
:1036700001021AB100F48032002AF5D04FF0E022A6
:10368000126922F001024FF0E0231A6100229A61D0
:10369000704700000000002000127A006C0100203A
:1036A0006E01002010B54FF4A06000F0E1F810BDED
:1036B00000BF704700BF4C4A128802F04002002A47
:1036C000F9D0C2B2484B1B1D1A80704710B586B0A6
:1036D0000446012144F2040000F054FC424800F08A
:1036E000B5FC4FF40070ADF8140003208DF81600FF
:1036F00018208DF8170005A93C4800F087F925200F
:103700008DF8000003208DF801008DF802000120E3
:103710008DF80300684600F0B0F801940020ADF881
:103720000800ADF80A00ADF80C00ADF810000C2050
:10373000ADF80E0001A92C4800F0CBFC002240F2AD
:103740002551294800F05DFD0121274800F04DFD7D
:1037500006B010BD70B504460D462946204600F05F
:10376000B1FD00BF4021204600F01AFE0028F9D02C
:1037700070BD70B505460C4604E021782846FFF779
:10378000E9FF641C20780028F7D170BD2DE9F041D5
:1037900007460C461546002606E014F8011B38467D
:1037A000FFF7D8FF701CC6B2AE42F6DBBDE8F08171
:1037B00010B540F225510C4800F008FE90B10A48BF
:1037C00000F084FDC4B20A480088C7280ADA084815
:1037D0000088C0F30D0007490C5405480088401CC0
:1037E0000349088010BD0000003801400008014076
:1037F00074010020D403002000200B4908800B49ED
:103800000880704702880A430280704702888A4312
:1038100002807047024610880840884201D101208A
:1038200070470020FCE700007601002078010020AE
:103830000948804709480047FEE7FEE7FEE7FEE744
:10384000FEE7FEE7FEE7FEE7FEE7FEE70448054980
:10385000054A064B704700000704000831010008C4
:10386000800D002080130020800F0020800F00209A
:1038700031490143314A1160704770B5002100237E
:103880000F22C47804B32D4C246804F4E064C4F51A
:10389000E064210AC1F10403CA40447804FA03F148
:1038A0008478144021430901254C0678A1550478F9
:1038B00004F01F050124AC4005786D11AD0005F141
:1038C000E025C5F8004109E0047804F01F05012453
:1038D000AC401C4D0678761145F8264070BD1A4A5A
:1038E0000A400243154B1B1F1A60704739B1134A37
:1038F000121D12680243114B1B1D1A6006E00F4A8D
:10390000121D126882430D4B1B1D1A60704704285C
:1039100008D14FF0E021096941F004014FF0E022A5
:10392000116107E04FF0E021096921F004014FF037
:10393000E0221161704700000000FA050CED00E084
:1039400000E400E080E100E080FFFF1F10B50446C6
:10395000CC48844208D10121042000F02DFB002135
:10396000042000F029FB46E0C748844208D1012129
:10397000082000F021FB0021082000F01DFB3AE0A8
:10398000C248844208D10121102000F015FB00211B
:10399000102000F011FB2EE0BD48844208D1012127
:1039A000202000F009FB0021202000F005FB22E090
:1039B000B848844208D10121402000F0FDFA0021DE
:1039C000402000F0F9FA16E0B348844208D1012102
:1039D000802000F0F1FA0021802000F0EDFA0AE0EA
:1039E000AE48844207D10121801500F0E5FA00219C
:1039F000A01500F0E1FA10BD10B50121084600F055
:103A0000DBFA0021012000F0D7FA10BD2DE9F041CA
:103A1000024600250026002000230024002791F8FC
:103A200003C00CF00F0591F803C00CF0100CBCF1B2
:103A3000000F03D091F802C04CEA050591F800C0D0
:103A4000BCF1000F31D0146800202BE04FF0010CC6
:103A50000CFA00F3B1F800C00CEA03069E4220D134
:103A600083004FF00F0C0CFA03F7BC4305FA03FC7C
:103A70004CEA040491F803C0BCF1280F06D14FF0C2
:103A8000010C0CFA00FCC2F814C00AE091F803C063
:103A9000BCF1480F05D14FF0010C0CFA00FCC2F844
:103AA00010C0401C0828D1D31460B1F800C0BCF18C
:103AB000FF0F34DD546800202EE000F1080C4FF0B9
:103AC000010808FA0CF3B1F800C00CEA03069E42A4
:103AD00021D183004FF00F0C0CFA03F7BC4305FA19
:103AE00003FC4CEA040491F803C0BCF1280F05D193
:103AF00000F1080C08FA0CF8C2F8148091F803C021
:103B0000BCF1480F07D100F1080C4FF0010808FA8A
:103B10000CF8C2F81080401C0828CED35460BDE8D1
:103B2000F0814FF6FF710180022181700421C17084
:103B300070470246002093680B400BB1012000E063
:103B4000002070470146886880B270470246002016
:103B5000D3680B400BB1012000E000207047014604
:103B6000C86880B2704701617047416170470AB10F
:103B7000016100E041617047C16070474FF48032DD
:103B80000A4382618161826182698269704702466B
:103B90000020434B18684FF68073184040EA02102B
:103BA00008433F4B186070473E49C8617047F0B505
:103BB0000A46002300240021002500F00046B6F14B
:103BC000004F02D1364EF16901E0354E7168C0F305
:103BD000034583B200F44016B6F5401F08D121F02A
:103BE00070612F4E766826F070662D4F7E6012E071
:103BF00000F48016B6F5801F06D1032606FA05F4F8
:103C0000A14341F0706106E0460D360103FA06F665
:103C1000B14341F0706122B1460D360103FA06F658
:103C2000314300F00046B6F1004F02D11C4EF16165
:103C300001E01B4E7160F0BD30B500228B071C0FF8
:103C40000F2303FA04F2164B08338C1053F8243078
:103C50009343134C08348D1044F8253023468C10C0
:103C600053F824308C07240F00FA04F423430C4C3F
:103C700008348D1044F8253030BD0A49DC31086025
:103C80007047000000080140000C01400010014096
:103C90000014014000180140001C014000200140B8
:103CA0000000014000002042DF48006840F00100B1
:103CB000DD49086008464068DC490840DA49486048
:103CC00008460068DA490840D74908600846006895
:103CD00020F4802008600846406820F4FE00486018
:103CE0004FF41F0088607047CF49096821F4803184
:103CF000CD4A11601146096821F480211160B0F5A8
:103D0000803F03D0B0F5802F0ED106E0C649096888
:103D100041F48031C44A116007E0C349096841F4A5
:103D2000A021C14A116000E000BF00BF704710B57C
:103D300001460022002300204A11012A02D1BA4C78
:103D4000236806E0022A02D1B74C236A01E0B64C90
:103D5000636A01F01F02012494401C400CB1012051
:103D600000E0002010BD38B50020009000240025A0
:103D700000BF3120FFF7DBFF05460098401C009094
:103D80000098B0F5A06F01D0002DF2D03120FFF7E0
:103D9000CEFF08B1012400E00024204638BD0146D2
:103DA0000020A14A106820F0F80040EAC10010602D
:103DB0007047A04908607047024600209A4B586837
:103DC00020F47C1042EA01031843974B5860704777
:103DD00098490866704701460020934A506820F0D1
:103DE00003000843506070478F48406800F00C00A3
:103DF0007047014600208C4A506820F0F0000843CC
:103E00005060704701460020874A506820F4E06007
:103E100008435060704701460020834A506820F4F0
:103E2000605040EAC1005060704729B17E4A527A22
:103E300002437D4B5A7204E07B4A527A82437A4BAA
:103E40005A7270477B49D83108607047014600209C
:103E5000754A506820F44040084350607047002184
:103E6000714A20321170704A82F82010012802D065
:103E700004280AD104E001216B4A2032117005E0C8
:103E80000521694A2032117000E000BF00BF704771
:103E90006949086070476449096A0143624A1162CE
:103EA0007047654944390860704730B500210022E9
:103EB000002400235C4D6D6805F00C0121B104293C
:103EC00005D0082923D105E05C4D056022E05B4D5B
:103ED00005601FE0544D6D6805F47012524D6D6819
:103EE00005F48034022505EB92421CB9544D55432C
:103EF00005600BE04C4D6D6805F400351DB1504D6B
:103F00005543056002E04D4D5543056002E04B4DC1
:103F1000056000BF00BF444D6D6805F0F001090960
:103F2000484D6B5C0568DD4045603F4D6D6805F4AC
:103F3000E061090A434D6B5C4568DD4085603A4DA0
:103F40006D6805F46051C90A3E4D6B5C4568DD4003
:103F5000C560354D6D6805F44041890B3A4D6B5C89
:103F6000C568B5FBF3F5056130BD29B12E4A52692C
:103F700002432D4B5A6104E02B4A526982432A4B7B
:103F80005A61704729B1284A92690243264B9A61C7
:103F900004E0254A92698243234B9A61704729B114
:103FA000214AD2690243204BDA6104E01E4AD269F9
:103FB00082431D4BDA61704729B11B4AD268024324
:103FC000194BDA6004E0184AD2688243164BDA6073
:103FD000704729B1144A12690243134B1A6104E075
:103FE000114A12698243104B1A61704712494039D5
:103FF000086070470F49C86470470B49C871704723
:104000000948406A40F0807007494862704701469D
:104010000020054A92680A400AB1012000E0002011
:104020007047014988727047001002400000FFF895
:10403000FFFFF6FE000042428004424200127A0076
:1040400000093D007A0100208A01002010B50446D5
:10405000FB48844209D101218803FFF7ADFF00210D
:104060004FF48040FFF7A8FF32E0F648844209D1C0
:1040700001214804FFF7ADFF00214FF40030FFF7A6
:10408000A8FF25E0F048844209D101218804FFF708
:10409000A0FF00214FF48020FFF79BFF18E0EB48C2
:1040A000844209D10121C804FFF793FF00214FF496
:1040B0000020FFF78EFF0BE0E548844208D1012184
:1040C0000805FFF786FF00214FF48010FFF781FFFE
:1040D00010BD2DE9F04786B005460E460024A246E5
:1040E00000BFA1460027B08900B100BF2F462C8A2F
:1040F0004CF6FF700440F08804432C82AC894EF6E5
:10410000F3100440B088318908437189084304439F
:10411000AC81AC8A4FF6FF400440B0890443AC82C6
:1041200001A8FFF7C2FEC648874202D1DDF810A001
:1041300001E0DDF80CA0A88900F4004040B10AEBD2
:10414000CA0000EB0A1031684900B0FBF1F807E043
:104150000AEBCA0000EB0A1031688900B0FBF1F8E5
:104160006420B8FBF0F004012009642101FB1089F0
:10417000A88900F4004040B1322000EBC900B0FB38
:10418000F1F000F00700044308E0322000EB0910D2
:104190006421B0FBF1F000F00F0004432C8106B065
:1041A000BDE8F0874FF41651016000218180C18085
:1041B00001810C21418100218181704710B50246A7
:1041C0000020108A4FF2FF0318400B884C882343CD
:1041D0008C882343CC8823431843108210BD0021D0
:1041E000018041808180C180704721B1828942F481
:1041F0000052828104E082894DF6FF731A40828169
:104200007047F0B50346002400260025002040F644
:104210006A17B94200D100BF1846C1F3421401F039
:104220001F06012707FA06F5012C01D10C3004E026
:10423000022C01D1103000E014301AB107682F436E
:10424000076002E00768AF430760F0BD1AB1838AD8
:104250000B43838202E0838A8B4383827047028A06
:104260004FF6F0731A400282028A0A4302827047B4
:1042700082894FF2FF731A40828182890A438281C8
:10428000704721B1828942F00202828104E0828972
:104290004FF6FD731A4082817047028A4FF6DF7332
:1042A0001A400282028A0A430282704721B1028ABE
:1042B00042F48042028204E0028A4BF6FF731A4005
:1042C00002827047C1F308028280704701468888E5
:1042D000C0F308007047818941F001018181704776
:1042E000028BD2B20283028B42EA01220283704720
:1042F000028B02F47F420283028B0A4302837047DF
:1043000021B1828A42F02002828204E0828A4FF642
:10431000DF731A408282704721B1828A42F0100214
:10432000828204E0828A4FF6EF731A4082827047DD
:1043300021B1828A42F00802828204E0828A4FF62A
:10434000F7731A408282704721B1828942F4004299
:10435000828103E08289C2F30E028281704721B11B
:10436000828A42F40062828204E0828A4FF2FF7302
:104370001A4082827047828A4FF6FB731A4082820B
:10438000828A0A438282704721B1828A42F0020205
:10439000828204E0828A4FF6FD731A40828270475F
:1043A00002460020B1F5007F00D100BF13880B400A
:1043B0000BB1012000E00020704701F40072B2F55B
:1043C000007F00D100BFCA430280704770B502462B
:1043D000002400230025002040F66A16B14200D1D7
:1043E00000BFC1F3421501F01F03012606FA03F3D3
:1043F000012D02D19689334006E0022D02D1168AA2
:10440000334001E0968A33400C12012606FA04F488
:104410001688344013B10CB1012000E0002070BDBB
:1044200010B50022002340F66A14A14200D100BF5B
:104430000A1201249440A3B2DC43048010BD0000A2
:10444000003801400044004000480040004C00405B
:104450000050004010B50446FE48844208D10121B6
:10446000C014FFF7A9FD0021E014FFF7A5FDC4E08B
:10447000B4F1804F08D101210846FFF7AAFD0021C1
:104480000120FFF7A6FDB8E0F348844208D10121DE
:104490000220FFF79EFD00210220FFF79AFDACE00D
:1044A000EE48844208D101210420FFF792FD00214B
:1044B0000420FFF78EFDA0E0E948844208D10121E5
:1044C0000820FFF786FD00210820FFF782FD94E019
:1044D000E448844208D101211020FFF77AFD002131
:1044E0001020FFF776FD88E0DF48844208D10121E3
:1044F0002020FFF76EFD00212020FFF76AFD7CE001
:10450000DA48844208D101214014FFF755FD00210B
:104510006014FFF751FD70E0D548844209D10121B4
:10452000C804FFF749FD00214FF40020FFF744FDC8
:1045300063E0D048844209D101210805FFF73CFD22
:1045400000214FF48010FFF737FD56E0CA4884423F
:1045500009D101214805FFF72FFD00214FF400107C
:10456000FFF72AFD49E0C548844208D101214020D7
:10457000FFF72FFD00214020FFF72BFD3DE0C04855
:10458000844208D101218020FFF723FD00218020F3
:10459000FFF71FFD31E0BB48844208D1012180159F
:1045A000FFF717FD0021A015FFF713FD25E0B64822
:1045B000844209D101210804FFF7FEFC00214FF4D9
:1045C0008030FFF7F9FC18E0B048844209D101219E
:1045D0004804FFF7F1FC00214FF40030FFF7ECFC3A
:1045E0000BE0AB48844208D101218804FFF7E4FCCA
:1045F00000214FF48020FFF7DFFC10BD002202886D
:10460000944B98420ED0994B98420BD0B0F1804F0A
:1046100008D0914B984205D0904B984202D0904BD5
:10462000984204D14FF68F731A404B881A438D4B32
:10463000984207D08C4B984204D04FF6FF431A4063
:10464000CB881A4302808B8883850B880385814B36
:1046500098420BD0854B984208D08B4B984205D09E
:104660008A4B984202D08A4B984201D10B7A03863A
:1046700001238382704770B5002400220023058C3B
:104680004FF6FE7635400584028C8388048B4FF606
:104690008F752C40B51E2C400D882C43751E2A406A
:1046A0000D892A434D882A436A4DA8420BD06F4D8D
:1046B000A84208D0744DA84205D0744DA84202D03B
:1046C000734DA84213D14FF6F7752A404D892A43FE
:1046D0004FF6FB752A408D882A434FF6FF652B4025
:1046E0004FF6FF552B408D892B43CD892B4383807B
:1046F0000483CD888586028470BD70B500240022B5
:104700000023058C4FF6EF7635400584028C8388B4
:10471000048B48F6FF752C404FF6FF452C400D8862
:104720004FF6FF7606EA05252C434FF6DF752A4043
:104730000D8906EA05152A434D8806EA05152A4320
:10474000444DA84202D0494DA8421DD14FF67F7575
:104750002A404D894FF6FF7606EA05152A434FF6A3
:10476000BF752A408D8806EA05152A434FF6FF35A6
:104770002B404FF2FF752B408D8906EA85052B43B0
:10478000CD8906EA85052B4383800483CD88058780
:10479000028470BD70B5002400220023058C4FF602
:1047A000FF6635400584028C8388848B4FF68F75B5
:1047B0002C404FF6FC752C400D882C434FF6FF55CE
:1047C0002A400D894FF6FF7606EA05252A434D88D3
:1047D00006EA05252A431F4DA84202D0234DA842D0
:1047E0001DD14FF2FF752A404D894FF6FF7606EA3C
:1047F00005252A434FF6FF352A408D8806EA052510
:104800002A434EF6FF752B404DF6FF752B408D89E0
:1048100006EA05152B43CD8906EA05152B4383804F
:104820008483CD888587028470BD70B50022002303
:104830000024058C4EF6FF7635400584038C848871
:10484000828B48F6FF752A404FF6FF452A400D88B7
:1048500020E00000002C014000040040000800405F
:10486000000C0040001000400014004000340140E3
:10487000004C01400050014000540140001800402D
:10488000001C004000200040004001400044014066
:10489000004801404FF6FF7606EA05252A434DF60B
:1048A000FF752B400D8906EA05352B434D8806EA36
:1048B00005352B43FA4DA84202D0FA4DA84208D143
:1048C0004BF6FF752C408D894FF6FF7606EA85156D
:1048D0002C4384808283CD88A0F84050038470BD2F
:1048E000828B4FF2FF331A408283828B4FF6FF7325
:1048F00003EA01231A4382837047F0B50C4615463C
:10490000002200210026078C4EF6FF7C07EA0C07E8
:104910000784828B018C4FF6FF7707EA043640F656
:10492000FF473A404FF6FF7707EA05273A434FF62D
:10493000FF7707EA03373A43D94FB8420ED0D94F31
:10494000B8420BD0B0F1804F08D0D74FB84205D055
:10495000D64FB84202D0D64FB84206D14DF6FF77B7
:10496000394046F48057394305E047F6FF57394050
:1049700044F48057394382830184F0BD828B4FF623
:10498000F3731A408283828B0A4382837047F0B5A7
:104990000C461546002200210026078C4FF6FF6CBE
:1049A00007EA0C070784828B018C4FF6FF7707EA32
:1049B00004264FF60C773A404FF6FF7707EA0317C5
:1049C0002F433A43B64FB8420ED0B64FB8420BD041
:1049D000B0F1804F08D0B44FB84205D0B34FB842C1
:1049E00002D0B34FB84206D14FF6FF57394046F4D4
:1049F0008077394305E04FF2FF57394044F4807720
:104A0000394382830184F0BD028B4FF2FF331A4099
:104A10000283028B4FF6FF7303EA01231A430283DA
:104A20007047F0B50C461546002200210026078C81
:104A30004FF6EF7C07EA0C070784028B018C4FF6D8
:104A4000FF7707EA041640F6FF473A404FF6FF7734
:104A500007EA03373A434FF6FF7707EA05273A4359
:104A60008F4FB8420ED08F4FB8420BD0B0F1804F6D
:104A700008D08D4FB84205D08C4FB84202D08C4F31
:104A8000B84206D14FF6DF77394046F01007394378
:104A900005E04FF65F77394044F010073943028351
:104AA0000184F0BD028B4FF6F3731A400283028B30
:104AB0000A4302837047F0B50C46154600220021D8
:104AC000068C4FF6FE773E400684028B018C4FF633
:104AD0000C7632407E1C06EA03162E433243704E9B
:104AE000B0420ED06F4EB0420BD0B0F1804F08D024
:104AF0006D4EB04205D06D4EB04202D06C4EB04209
:104B000006D14FF6FD76314044F00106314305E011
:104B10004FF6F576314044F00106314302830184BB
:104B2000F0BD70B505460C465D4885420ED05D4827
:104B300085420BD0B5F1804F08D05B48854205D047
:104B40005A48854202D05A48854200D100E000BF51
:104B5000208850B92389A28861882846FFF7ABFFD7
:104B6000E1882846FFF79EFF25E0208804280AD127
:104B70002389A28861882846FFF753FFE1882846E9
:104B8000FFF742FF17E0208808280AD12389A2886E
:104B900061882846FFF7FBFEE1882846FFF7EEFE16
:104BA00009E02389A28861882846FFF7A6FEE188EC
:104BB0002846FFF795FE70BD2DE9F04105460C46ED
:104BC00000260127608808B9022600E00026A08898
:104BD000012801D1022700E001272088A0B92389FC
:104BE000A28861882846FFF766FFE1882846FFF71C
:104BF00059FF23893A4631462846FFF712FFE188DC
:104C00002846FFF701FF13E02389A2886188284620
:104C1000FFF707FFE1882846FFF7F6FE23893A46AB
:104C200031462846FFF747FFE1882846FFF73AFF5D
:104C3000BDE8F0810A884B881A438B881A43CB88D9
:104C40001A430B891A434B891A438B891A43A0F8DC
:104C5000442070474FF6FF71818000210180C180A0
:104C60004180017270470021018041808180C180B4
:104C7000018141818181C181704700210180418092
:104C8000012181800021C1800181704700210180C4
:104C900041808180C1800181418181817047000014
:104CA000002C014000340140000400400008004096
:104CB000000C004021B1028842F00102028004E0B1
:104CC00002884FF6FE731A400280704731B1B0F887
:104CD000442042F40042A0F8442005E0B0F844200B
:104CE000C2F30E02A0F8442070471AB183890B4327
:104CF000838102E083898B4383817047818270477F
:104D000041EA0203A0F8483070471AB183890B4387
:104D1000838102E083898B438381704701894FF649
:104D2000F8721140018170470A46002101894FF64F
:104D30008F73194011430181704730B504460D4609
:104D400029462046FFF7F0FF208940F00700208128
:104D500030BD2DE9F04104460D4616461F46602D34
:104D600006D13B46012231462046FFF75AFE05E0B8
:104D70003B46012231462046FFF79DFE294620464C
:104D8000FFF7D2FF208940F007002081BDE8F081C5
:104D900030B50C4600210189C9B24FF6FF7505EA0E
:104DA0000325154325432943018130BD2DE9F041F9
:104DB00005460E4617469846002443463A46314675
:104DC0002846FFF7E5FF2C894FF6F870044044F0C1
:104DD00007044FF68F70044044F070042C81BDE846
:104DE000F081F0B504460D4616461F463B46324656
:104DF00029462046FFF7CCFF208940F480402081DF
:104E0000F0BD0185828270470A46002101884FF675
:104E10008F731940114301807047F0B50C46154659
:104E20001E460021002200230189028B038C4FF6CD
:104E3000F877394021434FF6FC473A4040F20117DA
:104E40003A434FF6DD773B404FF6FF7707EA061708
:104E50002F433B43018102830384F0BD0A460021B6
:104E6000018B4FF68F7319401143018370470A4637
:104E70000021018B48F6FF7319404FF6FF7303EAD8
:104E800002231943018370470A460021818B4FF6A4
:104E90008F7319401143818370470A460021818B2B
:104EA00048F6FF7319404FF6FF7303EA02231943D4
:104EB0008183704721B1028842F08002028004E0C1
:104EC00002884FF67F731A400280704721B18288B2
:104ED00042F00402828004E082884FF6FB731A409D
:104EE0008280704721B1828842F00802828004E00B
:104EF00082884FF6F7731A408280704721B182880A
:104F000042F00102828004E082884FF6FE731A406C
:104F1000828070470A460021018B4FF6F7731940D3
:104F20001143018370470A460021018B4FF2FF7342
:104F300019404FF6FF7303EA0223194301837047B8
:104F40000A460021818B4FF6F77319401143818384
:104F500070470A460021818B4FF2FF7319404FF6CC
:104F6000FF7303EA02231943818370470A46002135
:104F7000018B4FF6FB7319401143018370470A46BA
:104F80000021018B4FF6FF3319404FF6FF7303EA00
:104F900002231943018370470A460021818B4FF693
:104FA000FB7319401143818370470A460021818BAE
:104FB0004FF6FF3319404FF6FF7303EA02231943FC
:104FC000818370470A460021018B4FF67F73194099
:104FD0001143018370470A460021018BC1F30E0182
:104FE0004FF6FF7303EA02231943018370470A4611
:104FF0000021818B4FF67F731940114381837047E5
:105000000A460021818BC1F30E014FF6FF7303EABC
:1050100002231943818370470A460021018C4FF611
:10502000FD7319401143018470470A460021018C29
:105030004FF6F77319401143018470470A46002167
:10504000018C4FF6DF7319404FF6FF7303EA02132A
:105050001943018470470A460021018C4FF67F7383
:1050600019404FF6FF7303EA021319430184704796
:105070000A460021018C4FF6FF5319404FF6FF738B
:1050800003EA02231943018470470A460021018C78
:105090004FF2FF7319404FF6FF7303EA02231943DF
:1050A000018470470A460021018C4DF6FF731940B8
:1050B0004FF6FF7303EA023319430184704730B59A
:1050C000002301248C40A3B2048C9C430484048CF0
:1050D00002FA01F5ADB22C43048430BD30B5002393
:1050E00004248C40A3B2048C9C430484048C02FAF4
:1050F00001F5ADB22C43048430BD70B503460020E9
:1051000000241846183001258D40ACB21D8CA543F3
:105110001D8409B1082909D100EB6100056825F05B
:10512000700505600568154305600EE00D1FC5F3A9
:105130004E052844056825F4E045056005684FF6EE
:10514000FF7606EA02263543056070BD21B102886C
:1051500042F00202028004E002884FF6FD731A401A
:105160000280704721B1028842F00402028004E00C
:1051700002884FF6FB731A400280704721B1828883
:1051800042F08002828004E082884FF67F731A40EA
:105190008280704702884FF6F7731A4002800288B7
:1051A0000A430280704782884FF68F731A408280CC
:1051B00082880A438280704702894FF6F8731A404A
:1051C000028102890A430281704702894FF67F7388
:1051D0001A40028102890A43028170478184704724
:1051E0008185704781867047018770478187704746
:1051F000A0F84010704702884FF6FF431A40028023
:1052000002880A43028070470146888E7047014633
:10521000088F70470146888F70470146B1F84000FB
:1052200070470146888C70470146088D70470246DA
:105230000020138A0B400BB1012000E000207047D2
:10524000CA430282704730B5024600200023002482
:10525000158A05EA0103958905EA010413B10CB129
:10526000012000E0002030BDCA43028270470000E8
:10527000002044490860091D0860091D0860091DD7
:10528000086041483F4914310860704700213D499A
:105290008279002A3AD00A46126803689A430B467C
:1052A0001A600A1D126803689A430B1D1A6002797E
:1052B00011440A6803681A430A60324A08321268C5
:1052C00003689A432F4B08331A601A1D126803684B
:1052D0009A432C4B0C331A604279102A0ED11A1FB4
:1052E000126803681A43274B08331A601A1D1268A4
:1052F00003681A43234B0C331A600DE021494279AD
:1053000011440A6803681A430A6005E002791144EF
:105310000A6803689A430A607047002101600171BE
:105320000C214171002181717047164910310968C3
:105330000143144A10321160704701460020114A9F
:10534000143212680A400AB1012000E000207047C0
:105350000C49143108607047014600200022094BB7
:105360001B6803EA0102074B14331B680B4013B19F
:105370000AB1012000E000207047024914310860A2
:105380007047000000040140FFFF0F0010B5044605
:10539000BE48844208D101218014FEF70DFE002191
:1053A000A014FEF709FE16E0B948844208D1012195
:1053B0000014FEF70EFE00212014FEF70AFE0AE09C
:1053C000B448844207D10121C013FEF702FE002138
:1053D000E013FEF7FEFD10BD10B50022028802F4B6
:1053E00041520B884C8823438C882343CC88234329
:1053F0000C8923434C8923438C892343CC89234341
:105400001A430280838B4FF2FF74234083830B8AFD
:10541000038210BD2DE9F04F85B005460C464FF0D4
:10542000000902274FF000084FF0010B0026B2469A
:10543000A88B4FF240010840A88302202884B5F8C9
:105440001C90A068022801D100BF38E0A08810B9E4
:105450004FF0010B01E04FF0020B8D48854200D167
:1054600000E000BF6846FEF720FDDDF800A0E08800
:10547000B0F5007F0AD14FEA1A2000EB800040000F
:10548000A168B0FBF1F0401D86B20BE04FEA4B1073
:10549000BAFBF0F000EB80004000A168B0FBF1F037
:1054A000401D86B20A20B6FBF0F606F00108A6EB16
:1054B0000800C0F34F074FF6FF7000EA0828022FDC
:1054C00001DBFF2F02DD02274FF00008E08840EAF1
:1054D000080038432884A088A189084361880843CC
:1054E0002188084340F4006040EA0909A5F81C90AF
:1054F00005B0BDE8F08F0021018041808180C1802E
:10550000018141818181C181072101827047002190
:10551000018041808180C1800221816000218181E0
:10552000704721B1028842F04002028004E0028804
:105530004FF6BF731A400280704721B1828B42F44C
:105540008062828304E0828B4FF6FF331A408283AD
:10555000704730B5002400230C110125A540ABB2E3
:105560001AB185881D43858002E085889D4385802A
:1055700030BD1AB183880B43838002E083888B435C
:1055800083807047818170470146888970474FF654
:10559000FF62914204D0028842F48072028004E0EB
:1055A00002884FF6FF631A400280704721B182885B
:1055B00042F00402828004E082884FF6FB731A40B6
:1055C0008280704702884FF2FF731A40028002887F
:1055D0000A4302807047018841F48051018070477E
:1055E00021B1028842F40052028004E002884DF6A4
:1055F000FF731A400280704702460020012901D043
:10560000108B00E0908A70470146088A7047B1F518
:10561000804F04D1028842F48042028004E0028874
:105620004BF6FF731A400280704702460020138930
:105630000B400BB1012000E000207047CA430281FB
:105640007047F0B50246002000240023002501F039
:105650000F070126BE40B4B20B1101269E40B3B223
:10566000968806EA03051689264016B10DB1012079
:1056700000E00020F0BD10B5002201F00F0401236E
:10568000A3409AB2D343038110BD00000030014013
:1056900000380040003C004070B503460C4603E073
:1056A00014F8015B03F8015B151EA2F10102F7D1AA
:1056B00070BD30B5034601E003F8011B141EA2F1D2
:1056C0000102F9D130BD00B557498022C8680021D8
:1056D000FFF7EFFF54494FF4006288680021FFF79D
:1056E000E8FF01205049087400BD0022002106E0B7
:1056F0004D48C06830F8110000B1521C491C4029C7
:10570000F6D364205043C0F3871070472DE9F04171
:1057100006460024A0464448007C10B94249086867
:1057200080471EB94FF0FF30BDE8F081C6F34F153A
:1057300006F01F0008B1681C85B23F241AE03A4801
:10574000C06830F8140020B908F101001FFA80F891
:1057500001E04FF00008A8450BD1002705E03248D2
:10576000C068E11920F811507F1CAF42F7D36001E7
:10577000DAE7641E002CE2DA4FF0FF30D4E770B5B0
:1057800005462948007C20B9274908688047012040
:1057900070BDB5F5006F11D269092348C06830F8B3
:1057A0001120002406E000201F4BDB680E1923F8AF
:1057B0001600641C9442F6DB0020E9E70220E7E7CC
:1057C00070B5044604B970BD17488068251A28468C
:1057D000FFF7D5FF00BFF6E770B505462846FFF78F
:1057E00095FF0446601C08B9002070BD0E48806813
:1057F0002044FAE770B506460C462046FFF786FFC0
:105800000546681C08B9002070BD07498968481919
:1058100022463146FFF740FF3046FFF7D1FF0248EE
:1058200080682844F0E700009001002070470000E5
:105830000FB4044910B503AA029800F067FC10BC2D
:105840005DF814FB700100200FB41CB5084B06AACC
:105850007B4469460090059800F029FC044600202E
:10586000694600F037FC20461CBC5DF814FB0000C4
:105870008108000070B50C460546012A05D028783D
:10588000800600D5EA69002302E0012305E05B1CE5
:10589000934202D2E05C0028F9D1A869E618C01A48
:1058A000A861286A184428622846AFF3008004E003
:1058B000D5E9012114F8010B9047B442F8D32846EA
:1058C000AFF3008070BD00002DE9F04106460024D2
:1058D00010687529314616A510D0AFF30080002856
:1058E00002DA404213A507E031688A0701D512A504
:1058F00002E0490704D511A5012401E0AFF30080BF
:1059000000210A2206F1240709E0B0FBF2FCB0FBFB
:10591000F2F302FB1C00303078541846491C002872
:10592000F3D123462A463046BDE8F04100F054B991
:10593000000000002D0000002B00000020000000EF
:1059400070B504460D4621461068AFF300802188EB
:10595000090502D50F4A7A4402E00E4A7A440E3213
:10596000002104F1240305E000F00F060009965D14
:105970005E54491C0028F7D120780023000704D585
:10598000702D02D009B1022311322046BDE87040CB
:1059900000F022B93C4B00002DE9F0474FF0000A1F
:1059A00089460446C0F820A02046E16888470028C0
:1059B00076D0252806D0D4E901219047206A401CE2
:1059C0002062F1E7E168204600258847C4F81CA062
:1059D00006460027C4F818A02A2E09D0304601F048
:1059E000A4FF38B304EB8708303EC8F8186019E00C
:1059F00059F8041B204604EB87029161E16888474F
:105A0000012F064618D1E069002820DA25F020058C
:105A10001DE0D8F8180000EB800006EB400030389D
:105A2000C8F818002046E1688847064601F07DFF67
:105A30000028EED1012F0AD02E2E08D12046E16891
:105A400088477F1C0646022F45F02005C4DBA0696D
:105A5000002803DA404245F00105A061E80701D0C3
:105A600025F01005B6B1A6F14100192802D820365C
:105A700045F400654A463146204625604D46FAF712
:105A8000B1FB58B1012806D0ED1D25F0070000F14B
:105A9000080989E704E005F1040985E730468AE74B
:105AA000206ABDE8F0870000014A00F093BB0000C7
:105AB000A401002030B505460B462A4613F8014BD9
:105AC00012F8010B08B1A042F8D01CB1002802D096
:105AD0006D1CF1E7284630BD10B5431C02E010F8FC
:105AE000011B71B18107FAD14FF0013202C88C1A43
:105AF0008C4314EAC211F9D0C01A0A0603D0C01EA2
:105B000010BDC01A10BD0A0401D0801E10BD0902CC
:105B1000FCD0401E10BD4FF0000200B51346944665
:105B20009646203922BFA0E80C50A0E80C50B1F1F5
:105B30002001BFF4F7AF090728BFA0E80C5048BF09
:105B40000CC05DF804EB890028BF40F8042B08BFA7
:105B5000704748BF20F8022B11F0804F18BF00F8A3
:105B6000012B704710B5044610F0030F08BF11F069
:105B7000030F40F015804FF0013E121FC0F20E805F
:105B800051F8043BA3EB0E0C2CEA030C1CEACE1CD0
:105B900008BF40F8043BF0D0A1F1040102F1040277
:105BA000521E08DB11F8013B002B00F8013BF7D136
:105BB000114600F031FB204610BD7047704770471A
:105BC000704710B500F04EFB006810BD10B50446DC
:105BD00000F048FB046010BD2DE9F0470D469946E2
:105BE0009246044600F124080168880604D5E0695D
:105BF00021F01001216000E00120A84201DD471BD7
:105C000000E00027A1697A1902EB0900081AA061D7
:105C10002078C00602D42046AFF30080002608E0BA
:105C2000D4E901211AF806009047206A401C761C2E
:105C300020624E45F4DB2078C0060AD52046AFF33B
:105C4000008006E0D4E9012130209047206A401C02
:105C50002062381EA7F10107F4DC07E0D4E9012136
:105C600018F805009047206A401C2062281EA5F104
:105C70000105F3DC2046AFF300802078000602D552
:105C80000220BDE8F0870120FBE770472DE9FF4FB8
:105C90000C461E464FF0FF378BB0D2E90001DDF80D
:105CA00060800A908A46C1F30A5505B93D46002135
:105CB00008464FF00000BAF1000F00F4400005DA8A
:105CC00000EB80004FF4400101EA50004FEA905988
:105CD000B9F1010F00DDB9460A9850EA4A000ED02A
:105CE00044F61050A5F2FF3545432F14B8F1000FCC
:105CF0001ED07542291E1EDDC9F100021CE0B8F15C
:105D0000010F4FF0000001D0302103E0F24305E025
:105D10002154401CB042FBDB3046002200212154BC
:105D20000B99C1F80880C1E900200FB0BDE8F08FE1
:105D3000BD1B6D1CDEE74A4600DA694206A800F08A
:105D400043FB06AB93E8070003AB83E8070050462C
:105D50000A9901F0E2F88DE80700A0F500501F381D
:105D600000900398002D09DD42F21F014A460844C5
:105D700003A90390684601F06CFB08E0A0F5005011
:105D80004A461F3803A90390684601F08AFB8DE854
:105D900007000004000C03D04FF0FF30410800E082
:105DA0001046B8F1000F03D00022009215461EE005
:105DB000751E05D400F05AFA303262556D1EF9D5C1
:105DC000B3460122084302D000227F1C04E0207861
:105DD000302801D100227F1E002A099786D01DE0BD
:105DE000112D07DA00F042FA303262556D1C50EA8C
:105DF0000102F5D1084302D00098C8B10EE000219D
:105E0000681E05E0235C625C63542254401E491CFA
:105E10008142F7DBAB46A81B401E0990002004F826
:105E20000B000B98099AC0F80880C0E9002B7CE7AA
:105E300011264FF0000859E72DE9F04F8846044637
:105E4000D21D22F0070191B0D1E90001CDE90A018C
:105E500001F071FC02460B98C00F01D02D2007E025
:105E60002068810701D52B2002E0202101EAC00033
:105E7000032A099001D0072A05DB03464146204644
:105E800000F042FA0BE12078800601D5E06900E0DD
:105E90000620B8F1650F814606D0B8F1660F18D01C
:105EA000B8F1670F70D131E00020B9F1110F009007
:105EB00001DB112301E009F101030AAA01A90CA8E1
:105EC000FFF7E4FEDDE90C70002609F101058346C9
:105ED00047E001204B4600904FF000470AAA01A975
:105EE0000CA8FFF7D3FEDDE90DB00C995D46002646
:105EF00010B909F101000D18B9EB050003D4C0F188
:105F0000FF3609F10105A5EB09002BE0B9F1010FFE
:105F100001DA4FF001090020B9F1110F0090484655
:105F200001DD112300E003460AAA01A90CA8FFF72E
:105F3000ADFEDDE90C704D46002683462078000753
:105F40000AD4AB4500DA5D4601A8012D04DD4119F4
:105F500011F8011C302907D04F4502DA17F1040F60
:105F600004DA012082460FE06D1EEEE7002F02DC0E
:105F7000ED1B3E4403E0781CA84200DD7D1CB81BED
:105F800000F1010A4FF000472078000703D4AA452A
:105F900001DB4FF0FF3A0021B7F1004F0DF143084C
:105FA0008DF8431024D002202B23002F01DA7F42EA
:105FB0002D230A21021EA0F1010000DC5FB197FB36
:105FC000F1FC97FBF1F201FB1C7C17460CF1300C45
:105FD00008F801CDEEE7A8F101000370218809055A
:105FE00001D5452100E06521A0F1010800F8011C60
:105FF00009980FA9A1EB0807FF1D00B10120411965
:1060000001EBEA70A1693844081A401EA0612078AB
:10601000C00602D42046AFF30080099828B1D4E925
:1060200001219047206A401C20622078C00622D5BA
:106030002046AFF300801EE0002E04DBB34502DDF6
:1060400001A8805D00E03020D4E901219047206A5A
:10605000401C2062761CAAF101005FEA000A0AD106
:1060600000F0FCF8C0680168405CD4E90121904769
:10607000206A401C2062281EA5F10105DCDC07E037
:10608000D4E9012118F8010B9047206A401C2062D6
:10609000381EA7F10107F3DC2046AFF30080032090
:1060A00011B043E601694A1C02610878704700B5E7
:1060B0008FB0CDE901310021059105497944CDE941
:1060C000031011466846FFF767FC0FB000BD0000E3
:1060D000E5FFFFFF0A6802F8010B0A60704710B580
:1060E000436913B1AFF3008001E0FFF7C3FB012068
:1060F00010BD127800F124010A7000224A700122BA
:10610000EDE711684FF0FF32E9E70000074B70B58B
:106110000D467B44FFF7CBFF0446284600F0C2F94A
:1061200010B14FF0FF3070BD204670BD9FD5FFFF0E
:106130000FB4002300B589B00CA900910B99CB6076
:10614000214B7B440693214B7B44079304236FF040
:106150000042CDE901321E4A7A446B46089202465B
:10616000002003F00EFD09B05DF814FB70B5064683
:106170004FF0FF3015460C46324686B00091CDE90F
:10618000010169460020049004A8FFF7D1FF0246F0
:106190000498211825B108B1084600E0204628607F
:1061A000049800280DD0002A02DD0098884208D00B
:1061B0003246081B69460094CDE9010404A8FFF7A4
:1061C000B7FF06B070BD0000430200005B02000094
:1061D0009B0100002DE9F04115460E46040002D156
:1061E0002C6804B90BA4204600F070F90444207810
:1061F00070B127463146384600F058F904442078FB
:1062000010B1002004F8010B38462C60BDE8F08185
:106210000027F9E7000000004FF000020429C0F059
:10622000128010F0030C3FF478ACCCF1040CBCF1FC
:10623000020F18BF00F8012BA8BF20F8022BA1EB1A
:106240000C01FFF76ABC5FEAC17C24BF00F8012B98
:1062500000F8012B48BF00F8012B70470048704739
:106260003C0D0020004870471C0D002030B5B0F1F7
:106270000A024FEA900E71F100034EEA817EB0EB04
:106280000E0061EB91014FEA101E4EEA017E10EB09
:106290000E0041EB11114FEA102E4EEA016E10EB89
:1062A0000E0041EB11214FEA104E4EEA014E10EB69
:1062B0000E0041EB1141401841F100014FEAD000BE
:1062C00040EA41704FEAD10110EB80054FEA8104AA
:1062D00044EA907444EB01046D1944EB0404521B2E
:1062E000A3414FF0000348BF0A3200D530BD401C27
:1062F00041F1000130BD10B5044600F01FF90068FF
:10630000005D00F0010010BD2DE9F0411F4604467C
:1063100003260168072A01F4006004DB08B116A512
:1063200005E016A503E008B115A500E015A521F0CC
:1063300010002060A069C01EA0610FB1401EA061C6
:106340002046AFF300804FB1D4E901213846904791
:10635000206A401C2062C01C206206E0206AFAE726
:10636000D4E9012115F8010B9047761EF8D220469A
:10637000AFF30080BDE8F0814E414E006E616E00CB
:10638000494E4600696E6600426842B1016811F8E4
:10639000013B23B1521EC0E900121846704701218B
:1063A000C160881E704742685AB1C368016843B92A
:1063B00083688B4205D0491E521CC0E900120020A0
:1063C00070474FF0FF3070472DE9F0478146164681
:1063D0008AB0334878440DC88DE80D0030487844C1
:1063E000801C03AC0DC884E80D0041F69B300844C6
:1063F000372190FBF1F290FBF1F5A5F1800501FB4F
:1064000012041B3C02D56442012000E00020DFF8AA
:1064100090A080460027FA44AAF1BE0A0DE0E007EA
:1064200009D03246684607EB47010AEB810101F0CB
:1064300038F88DE8070064107F1C002CEFD1184F4E
:106440007F44AC3F18E0E80714D007EB04100DF1CF
:10645000180A90E80E008AE80E00C068F04201D1E8
:1064600098190890324606A903A801F01AF803AB60
:1064700083E807006D10641C002DE4D132466946A4
:10648000B8F1000F03A802D000F0E3FF01E001F033
:1064900008F8C9E90001C9F808200AB0BDE8F0878A
:1064A00054420000007B00F08000704730B5034686
:1064B0001D781DB10A4603E0AC4201D1181A30BD67
:1064C00012F8014B002CF7D15B1CF1E730B5034605
:1064D0001D783DB10A4612F8014B1CB1AC42FAD10D
:1064E0005B1CF5E7181A30BD004870471C0D0020F2
:1064F0007546FFF7F9FFAE4605006946534620F0A2
:106500000700854618B020B5FDF7A0F9BDE820408A
:106510004FF000064FF000074FF000084FF0000B5F
:1065200021F00701AC46ACE8C009ACE8C009ACE812
:10653000C009ACE8C0098D467047000010B5FFF7F0
:106540008DFE001D10BD00BFF91E00002DE9FF4F9C
:10655000064689B00878FF2806D0491C2D2805D0AA
:1065600000244FF0000908E000200CE00124F8E7C7
:1065700009EB8903491C00EB43090878FF28F7D190
:1065800014B1C9F100008146107800252C46AA46B6
:1065900029462D2801D02B2804D1521C2D2813D098
:1065A000002082468B461078FF280FD04FF0000C59
:1065B0000A21521CA5FB017804FB018105FB0C118B
:1065C000C5194BEB0104EEE70120EAE7002108467C
:1065D0004FF00000BAF1000F02D000EB800040083D
:1065E000C0F38158B8F1010F01DD4FF0FF380C986E
:1065F00009EB000755EA040009D04FF0020917F52E
:10660000FA7F0BDA4FEACA70C6E900B012E04FEA2F
:10661000CA70C6E900B00DB0BDE8F08FB7F5FA7FDB
:106620000DDDF0487844D0E90010C6E9001040EADA
:10663000CA707060FFF716FEC0F80090EBE7391ED5
:1066400002DAC8F1000200E0424600DA794206A808
:10665000FFF7BAFE06AB93E8070003AB83E8070039
:1066600044F23E005BEA04010090584604D144F233
:106670001E012C465D460091210C0904014306D100
:106680000099240444EA15442D041039009104F0C3
:106690007F41014306D10099240244EA15642D028A
:1066A0000839009104F07041014306D1009924019A
:1066B00044EA15742D01091F009104F04041014383
:1066C00006D10099A40044EA9574AD00891E00919A
:1066D00004F00041084304D100986D196441401E44
:1066E000009042466846002FCDE9014503A902DD2E
:1066F00000F0EBFE01E000F0C0FEBAF1000F04462E
:106700000D4601D084F0004440F2FF7724F00040B1
:10671000284303D0C4F30A50B84212D1FFF7A2FDB8
:10672000C0F80090C4F30A50B8420AD1AE48784489
:10673000D0E90010C6E9001004F000410843706081
:1067400069E7C6E9005466E72DE9FF4F1F464FF0A1
:10675000000A4FF0FF38454691B0D7E90146CDF821
:106760003CA0FFF77BFDC0680168405C1090B969F0
:1067700012986D1C8847396A814688470028F6D1EF
:10678000B9F1FF3F0AD0002E24F4D06411DDB9F135
:106790002B0F08D0B9F12D0F0BD102E0404615B0F8
:1067A0003AE744F48064B96912986D1C8847761EF4
:1067B0008146600504A901D52D2000E02B20002E84
:1067C00001F1010B0DF130088DF810003FDDB9F13A
:1067D000690F08D0B9F1490F05D0B9F16E0F02D099
:1067E000B9F14E0F1CD13B4601A8009580E850023C
:1067F000DDE912126FF0020003F0C7F9C11CCED11F
:106800000EE0B96912986D1C884781461398761E70
:1068100044F4007405600F98401C002E0F9016DDA4
:10682000B9F1300FEDD0B9F1780F02D0B9F1580FAE
:106830000DD10F9801280AD13B46CDE90054DDE97E
:106840001212001F029603F09EF9C11CA7D11099E5
:1068500089453ED144F0800406E01399681CAAF1F2
:10686000010A44F400740860B9696D1C1298761E20
:10687000884730288146F0D02BE01099894505D112
:10688000200603D4761E44F0800418E0484601F048
:106890004CF808B3761E0DF123018B4544F40074C7
:1068A00008D2A9F130000BF8010B200607D5AAF198
:1068B000010003E0200602D40AF101008246A0058F
:1068C00002D51399681C0860B96912986D1C884735
:1068D0008146002ED1DC53E0002E51DDB9F1650F69
:1068E00002D0B9F1450F4BD1A00549D5B9696D1C4E
:1068F0001298761E24F440748847002E81460CDDE1
:106900002B2804D0B9F12D0F07D144F48074B96954
:1069100012986D1C8847761E8146E00501D52D2111
:1069200000E02B2108F8011BCDF8008021E0761E45
:106930000DF13901884544F400740CD2A9F13000FE
:1069400010F0FF0088F8000002D10099884509D9AD
:1069500008F1010806E0E00501D5244801E042F213
:106960000F708246B96912986D1C8847814613984A
:106970000560002E04DD484600F0D7FF0028D6D180
:10698000F96912988847FF2053468BF8000088F871
:10699000000000200A900B9004AA0CA90AA8FFF797
:1069A000D5FDA00502D46FF00100F8E614F0240F25
:1069B0000AD0E00714D13868DDE90A12031D3B60F4
:1069C0000068C0E900120BE00AA9684600F056FF13
:1069D000E00705D13868009A011D3960006802603F
:1069E0002846DCE60C42000002410000F1D8FFFF1F
:1069F00010B50446AFF300802046BDE81040F9F71B
:106A00001DBC00004FF0013C50F8042B51F8043B32
:106A10009A4221D1A2EB0C03934313EACC1317D172
:106A200050F8042B51F8043B9A4215D1A2EB0C0309
:106A3000934313EACC130BD150F8042B51F8043BC9
:106A40009A4209D1A2EB0C03934313EACC13DBD097
:106A50004FF00000704700BFD01A01BAB1FA81F1BF
:106A600001F0180122FA01F0CB40C1F12001DBB2A4
:106A7000C0B2C01A2CFA01F3D11A914311EAC31122
:106A8000E6D170472DE9FF4F1F464FF03C0987B014
:106A90004FF00042DDE9141001F10108DDF858A0C3
:106AA00002EA4050039000200590834605460446C4
:106AB0000490B969461E08988847AAF1010A029015
:106AC000BAF1000F3BDD02982E2815D0102100F0FE
:106AD00016FA00282EDB4FF0010B0599014317D061
:106AE000B9F1000F0BDB4A46C11700F0F5F9054379
:106AF0000C43A9F1040905E0012004900BE008B162
:106B000045F0010501200590049820B9361D02E0EA
:106B1000049800B1361FB969089808F10108884740
:106B2000BBF1000FAAF1010A0290C9D00999C1F87E
:106B30000080C5E70298702808D0502806D0F9696F
:106B400008988847BBF1000F14D04FE00020029056
:106B50000120BBF1000F049009D0B969089808F131
:106B600001088847AAF10109B9F1000F07DCF969AA
:106B7000089888476FF001000BB0BDE8F08F2B2814
:106B800004D02D280CD14FF0FF300490B96908983B
:106B900008F101088847A9F10109B9F1000FE6DD04
:106BA000411CE4D00A2100F0AAF90028DFDB029999
:106BB00008F1010801EB810100EB41000290B96985
:106BC000089888470A2100F09AF9099AA9F1010961
:106BD000B9F1000FC2F8008001DD0028E7DAF96999
:106BE000089888470499029800FB016655EA04005A
:106BF00004D004F04041090002D006E0039898E078
:106C0000A40044EA9574AD00B61E04F000410800EB
:106C100002D16D196441761E159810F0240F03D02F
:106C20004FF00B095C4803E04FF028096FF07D003E
:106C30008246564507DAAAEB06018944B9F1410FAD
:106C400001DD4FF0410901200021A9F1010200F00E
:106C500043F9024628400B462140084301D0012158
:106C600000E00021501E029143F1FF3128402140F5
:106C7000084301D0012000E000200299834651EA38
:106C80000B014FD0002108464FF00000039900F49B
:106C9000400039B100EB80004FF4400100EBD070B0
:106CA00001EA60008015012802DD4FF0FF3000E0AE
:106CB00013D0401C36D0029860B3BBF1000F0CD14A
:106CC0004A460120002100F007F9284021400843EE
:106CD00001D0012000E00020E0B101204A4600215F
:106CE00000F0FAF8034640190A4661412D1A8C411A
:106CF00011D3B9F1400F09DD159810F0240F02D01F
:106D0000AAF1340603E0AAF1170600E0761C00257C
:106D10004FF0004406E05B1E42F1FF3220EA03051B
:106D200021EA0204CAF10100B04206DA1B490398C5
:106D300008430190002000900EE0039AC4F3D32191
:106D4000E80A0A43164940EA44500A433146CDE96D
:106D50000002684600F0DEFD159810F0240F0BD0FD
:106D60001598C00715D13868DDE90012031D3B6096
:106D70000068C0E900120CE002A8694600F07EFD40
:106D80001598C00705D13868029A011D396000685E
:106D900002604046F0E6000002FCFFFF0000F07FCA
:106DA0000000F03F2DE9FF4F92461D4685B04FF0A1
:106DB0000041DDE9124BDDE914727F1E01EA4B5000
:106DC000414940F0FF4940EA0108002122F020003B
:106DD0004928049102D04E2828D04CE03BA001263F
:106DE00007C88DE80700A9690698641C88477F1EBC
:106DF000014606D41DF8060018B121F02001814299
:106E00000BD0E96906988847032E34D0082E32D07B
:106E10006FF0010009B0BDE8F08F761C032E01D0A1
:106E2000082EE0D1601CCAF80000DCE7A9690698CA
:106E3000641C88477F1E2AD420F02000412826D1D8
:106E4000A9690698641C88477F1E20D420F0200082
:106E50004E281CD1A9690698641C88477F1E48F4F7
:106E6000002849F48009CAF8004001D4282806D037
:106E7000E969069888475FEACB7012D022E0A969D9
:106E80000698641C88477F1E01D4002803DAE9694C
:106E900006988847BCE72928F1D1641CCAF800404D
:106EA000E9E71BF0240F07D028680499031D2B6025
:106EB0000068C0E9001805E02868021D2A60006823
:106EC000C0F800902046A5E70000F07F494E4649F3
:106ED0004E49545900000000B2F120030AD5C2F116
:106EE000200301FA02F120FA03F300FA02F041EA6A
:106EF0000301704700FA03F14FF0000070473A2891
:106F000000D2303820F02002412A01D3A2F137000C
:106F1000884201D34FF0FF3070475FEA400C08BF52
:106F200091F0000F4FEA8C234FEAC12243EA5151FE
:106F30004FEA1C5018BF00F5F0404FEA300018BF70
:106F400041F000415FEA6C5C00F02980BCF1FF3F3A
:106F500008BF40F080407047130C06BF12044FF08A
:106F6000100C4FF0000C130E04BF12020CF1080CB1
:106F7000130F04BF12010CF1040C930F04BF920015
:106F80000CF1020CD30F04BF52000CF1010C11469E
:106F90004FF00002A0F11F00A0EB0C00704711F0B1
:106FA000004F08BF704731F000413FF4D5AF0B0CE4
:106FB00006BF09044FF0100C4FF0000C0B0E04BF7D
:106FC00009020CF1080C0B0F04BF09010CF1040CB1
:106FD0008B0F04BF89000CF1020CCB0F04BF4900DA
:106FE0000CF1010CCCF12003A0EB0C0022FA03F30E
:106FF00002FA0CF241EA030100F10100704720F0AF
:107000007F4C80EA030023F07F47ACEB070303F5D6
:107010007C5300F0004003F1FF032DE980494FEA63
:10702000154B09B44FEA144325EA0B4E24EA0348F2
:107030000FF2042606EB132749083E785FEA320276
:1070400003FB0667C7F5000707FB06F64FEA543750
:107050004FEAD64606F1020607FB066CCCF1005C4F
:107060004FEA1C472CEA074C07FB06F40CFB06F51D
:1070700004EB15464FEA961634BF00204FF000404F
:107080004FEAD13706FB07FC4FEA1C4C0CFB0BF711
:10709000D21B03FB0CF761EB07010CFB0EF7B0EB07
:1070A000074072EB17420CFB08F734BFA2EB074214
:1070B000B2EB074261EB17414FEA0C444FEA9107EC
:1070C00006FB07FC4FEA1C4C0CFB0BF7B0EBC74070
:1070D00072EB573203FB0CF734BFA2EBC742B2EBA3
:1070E000C74261EB57310CFB0EF7B0EBC70072EBF8
:1070F00057720CFB08F734BFA2EBC702B2EBC70212
:1071000061EB5771039F4FEA816141EA921104EBF1
:10711000CC044FEAD1374FEA826206FB07FC42EA11
:1071200090124FEA80604FEA1C4C0CFB0BF7D21B0D
:1071300003FB0CF761EB07010CFB0EF7B0EB07400C
:1071400072EB17420CFB08F734BFA2EB0742B2EB1D
:10715000074261EB17414FEA8C554FEA910704EB68
:107160009C2406FB07FC4FEA1C4C0CFB0BF7B0EB16
:10717000C74072EB573203FB0CF734BFA2EBC74298
:10718000B2EBC74261EB57310CFB0EF7B0EBC70017
:1071900072EB57720CFB08F734BFA2EBC702B2EBDD
:1071A000C70261EB577115EB4C254FEA816141EA4B
:1071B00092114FEA82624FEAD13742EA901206FBFF
:1071C00007FC44F100044FEA80604FEA1C4C0CFBC2
:1071D0000BF7D21B03FB0CF761EB07010CFB0EF75F
:1071E000B0EB074072EB17420CFB08F734BFA2EB81
:1071F0000742B2EB074261EB174115EB1C154FEA52
:10720000813141EA92414FEA823242EA90424FEAAA
:1072100080304FEA0C7644F1000448EA03434EEA1A
:107220000B484FF0000EB2EB080C71EB030724BFC4
:10723000624639464EEB0E0E4FF0000B00185241DD
:1072400049414BEB0B0BB2EB080C71EB03077BF1E5
:10725000000B24BF624639464EEB0E0E4FF0000B7A
:107260000018524149414BEB0B0BB2EB080C71EB90
:1072700003077BF1000B24BF624639464EEB0E0E2E
:1072800051EA020718BF46F0010616EB0E7655F1DB
:10729000000254F1000103D5BDE88901BDE8008872
:1072A000BDE88901BDE80048B619524141EB010132
:1072B000A3F10103704780807F7E7D7C7B7A7978A3
:1072C000777676757473727171706F6E6E6D6C6CAB
:1072D0006B6A6A696868676666656464636362614D
:1072E0006160605F5F5E5E5D5D5C5C5B5B5A5A59CE
:1072F000595858575756565555555454535352523A
:107300005251515050504F4F4F4E4E4D4D4D4C4C91
:107310004C4B4B4B4A4A4A494949484848474747DA
:107320004746464645454544444444434343434217
:10733000424242414141000046EA0646A3F57053ED
:107340004FEA164646EA42564FEAD22242EA4152F4
:1073500010B54FEAD121A3F1010300F017F820F096
:10736000004000F1010C00F0004701EB0050114615
:10737000BCF5006F40EA070000D210BD02484FF094
:10738000000140EA070010BD0000F07F002B26D46A
:10739000770021D01CB54FEA370703B44FF0100037
:1073A0004FF010014FF000000FBCBDE810400BF192
:1073B000010BBBF1010F08BF5FEA170722BF12F1F3
:1073C000010211F101014FF0004143F1000300F00F
:1073D000004043EA00007047F9D35708DAE746EA6D
:1073E000064613F1400F4FEA16461FDD13F1200F3A
:1073F000DFBF16430A46002120335B42C8D0C3F1E9
:10740000200746EA064602FA07F74FEA164646EA1A
:107410000706C3F1200722FA03F201FA07F721FA5F
:1074200003F14FF0000342EA0702B1E746EA020621
:1074300046EA06464FEA164646EA0106BCBF46EA59
:107440000646360C4FF000034FF000024FF00001EB
:107450009EE72DE9C048934630B491E8380007C84C
:1074600031EA400C48BF34EA430C03D5FFF7C7FDAF
:10747000FFF78CFFF0BCBDE800882DE9C0489346BB
:1074800030B491E8380007C831EA400C48BF34EA0C
:10749000430C03D5FFF7B3FDFFF74EFFF0BCBDE88B
:1074A00000882DE9C048934630B491E8380007C8F9
:1074B00010F0804F08BF13F0804F03D100F019F88F
:1074C000FFF764FFF0BCBDE800882DE9C048934693
:1074D00030B491E8380007C810F0804F08BF13F0AF
:1074E000804F03D100F005F8FFF726FFF0BCBDE8A0
:1074F000008820F07F4780EA030023F07F4C07EBF1
:107500000C03A3F57C5300F00040A3F1FE0392F0BE
:10751000000F00F0B38095F0000F00F077802DE9A8
:1075200001494FEA11404FEA144621EA004800FBA6
:1075300006FC24EA064708FB06F607FB08F800FBF2
:1075400007F718EB06484CEB164C4FEA124B18EBBA
:1075500007484FEA15464CEB174022EA0B4E0BFB4F
:1075600006FC25EA06470EFB06F607FB0EFE0BFBA4
:1075700007F71EEB064E4CEB164C4FF000061EEBC9
:10758000074E4CEB174B18EB0B0840F1000018EBC3
:107590000E0B58EB000840F100008F1A4FF000016D
:1075A0003CBFC943661B14BFB5EB040C00213CBFB4
:1075B000C943F61B4FEA17444EEA8E0E27EA0445EC
:1075C0004FEA1C4704FB07622CEA074C05FB07F750
:1075D0000CFB05F604FB0CFC16EB074642EB1742CE
:1075E00016EB0C4642EB1C421BEB060658EB020264
:1075F000414146EA9E0601D5BDE80189B6195241CE
:1076000041EB0101A3F10103BDE801894FEA1445F3
:107610004FEA114724EA054621EA074C05FB07F427
:1076200006FB07F70CFB06F105FB0CFC11EB074111
:1076300044EB17444FEA124711EB0C4144EB1C4456
:1076400022EA074C05FB07F206FB07F70CFB06F6E0
:1076500005FB0CFC16EB074642EB174216EB0C46FB
:1076600042EB1C456A1854F1000148BF7047B61937
:10767000524141EB0101A3F10103704795F0000F66
:1076800037D04FEA11424FEA144721EA024624EA72
:10769000074C02FB07F106FB07F70CFB06F402FBA5
:1076A0000CFC14EB074441EB17414FEA154714EB70
:1076B0000C4441EB1C4125EA074C02FB07F506FB95
:1076C00007F70CFB06F602FB0CFC16EB074645EB36
:1076D000174516EB0C4645EB1C42121951F10001FF
:1076E00048BF7047B619524141EB0101A3F10103B4
:1076F00070474FEA14454FEA114724EA054621EA4C
:10770000074C05FB07F106FB07F70CFB06F24FF0F1
:10771000000605FB0CFC12EB074241EB174112EB94
:107720000C4251EB1C4148BF7047921841EB0101DC
:10773000A3F101037047490050EAC12018BF04209B
:107740004A0D18BF40F0010040F2FF72B2EB515FEA
:1077500008BF40F00200012808BF05207047410023
:10776000080218BF04200A0E18BF40F001004FF0B5
:107770007F4232EA010108BF40F00200012808BF41
:10778000052070472DE9F0414F1E00EBC70104466C
:10779000D1E9000115461E4637F006020DD02A46F3
:1077A000334601F0A9F97F1E04EBC703D3E9002398
:1077B00000F08EFE37F00602F1D1022F25D0042F03
:1077C00013D0062F18BFBDE8F0812A46334601F0DA
:1077D00093F9D4E90A2300F07BFE2A46334601F0F0
:1077E0008BF9D4E9082300F073FE2A46334601F0F2
:1077F00083F9D4E9062300F06BFE2A46334601F0F4
:107800007BF9D4E9042300F063FE2A46334601F0F5
:1078100073F9D4E9022300F05BFE2A46334601F0F7
:107820006BF9D4E90023BDE8F04100F051BE01221C
:1078300002F053B900F04CBE002213461046114628
:1078400000F002BF40F2013200204FF0E04102F0B0
:1078500044B90000024A0020110702F03EB90000BE
:1078600001FDFFFF012102F066B90021084601F089
:10787000E3BD6FF05E01080702F05DB910B5044684
:10788000D1E9000100F002F8206010BDF8B504460F
:107890000D466A4600F01CFD00987E3000900028DE
:1078A0001FDC002213462046294601F025F818D097
:1078B000002140F608004FF0000006462046294609
:1078C00000F0D4FD044640F6080006EA00014FF03F
:1078D000000034F0004004BF0220FEF777F9204694
:1078E000F8BD0098FF280DDB0220FEF76FF900229B
:1078F00013462046294601F0A5FA8CBF04484FF0F4
:10790000FF40F8BD20462946BDE8F84000F0AEBD76
:10791000000080FF10B504460A46D4E9000319466A
:1079200000F002FDC4E9000110BD30380A2801D280
:1079300001207047002070472DE9F04D8D4F21F058
:10794000004A86B005460C46BA452ADBAAEB07007A
:1079500028430AD08848824501DC1AD1CDB106B04F
:107960002846BDE8F04DFFF762BF844A844B2846A5
:1079700001F0C2F807460E46824A834B284621464C
:1079800001F0BAF806B03A463346BDE8F04D00F0D3
:107990009FBD0120FEF71AF906B0BDE8F04DFFF7D4
:1079A0004BBF7A48824542DABAF1795F0BDA284652
:1079B000FFF7C1FE042808BFFFF74CFF284606B0BA
:1079C0002146BDE8F08D2A460B46104601F094F89A
:1079D000834602466E480E460B4606217844FFF762
:1079E000D1FE5A46334601F087F8804669488A46F8
:1079F0005A46334604217844FFF7C4FE5A463346BC
:107A000001F07AF800223B4600F062FD02460B4688
:107A10004046514600F018FE2A46234601F06CF815
:107A200006B02A462346BDE8F04D00F051BD284679
:107A300024F0004100223D463B4601F039FA4FF068
:107A4000FF3202F04AF80646024653480F460B46FC
:107A500006217844FFF796FE32463B4601F04CF88B
:107A6000CDE900014D4832463B4604217844FFF7FA
:107A700089FE32463B4601F03FF800222B4600F0DB
:107A800027FD834602913046394600F087FC804648
:107A900043480D46504517DCDDE900015A46029B7C
:107AA00000F0D2FD42462B4601F026F842462B4616
:107AB00000F00EFD012202F010F8304A304B01F0C8
:107AC000E9FA304A304B4CE04FF0000A52460B4680
:107AD000404600F0FDFCCDE9031052462B4610460F
:107AE000194601F009F832463B4601F0E1F9DDE9BB
:107AF000033200F0A9FD06460F46DDE900015A46B3
:107B0000029B00F0A1FD83460091012230463946D8
:107B100001F0E3FF194A1A4B01F0CAF906460F4675
:107B200001224046294601F0D8FF5A46009B00F04A
:107B3000E3FF32463B4601F0ADFA06460F4601220E
:107B40005046294601F0C9FF0E4DDFF858802A46FD
:107B5000434601F0ADF932463B4601F0A9F92A4609
:107B6000434601F0A5F9002CD8BF81F0004106B0D2
:107B7000BDE8F08D0000F03F0000F07F075C14339B
:107B800026A6913C182D4454FB21F93F0000E03F0C
:107B9000E02A0000F62A00006A2A0000802A00007D
:107BA0003333EF3FFB21E93F2DE9F04104464FF02D
:107BB0000E4000EB4400B0F1506F204655D84FF016
:107BC000FC41B1EB440F1CD224F000404FF07E5139
:107BD00001F048FE4FF0FF3101F0ADFF054600F027
:107BE00003FC14F0004F1DBF2F4F304E80F00040BB
:107BF0002F4F08BF2F4E4FF0404101F067FD044664
:107C000005E000273E46014601F060FD05462A4991
:107C1000284601F05BFD294901F052FB294601F09D
:107C200055FD274901F04CFB294601F04FFD254940
:107C300001F046FB294601F049FD234901F040FBD4
:107C400080462946204601F041FD414601F03EFDB7
:107C500005463146204601F033FB294601F030FB52
:107C60003946BDE8F04101F02BBB4FF0E441B1EBE8
:107C7000440F08D9FFF773FD042808BFFFF7F9FD8B
:107C80002046BDE8F0814FF07F41B1EB440F03D2B5
:107C9000BDE8F041FFF7E6BD0120FDF797FFBDE825
:107CA000F041FFF7E2BD00000000C9BF22AAFDB904
:107CB0000000C93F22AAFD3924FE1C3DC78AD83CDA
:107CC0001E67383D1B93993DAFAA2A3E2DE9F84F18
:107CD00004460D4621F0004000917349814211DCB9
:107CE0007249884201DC06D12CB120462946BDE804
:107CF000F84FFFF79CBD6E48002DCCBF6D496E4913
:107D0000BDE8F88F6D49814211DD6D498142D8BFD0
:107D10004FF0FF366DDD20462946FFF70CFD0428A5
:107D200008BFFFF797FD20462946BDE8F88F654953
:107D3000654F25F00045814233DD6449814219DDFC
:107D4000002632464FF080432046294600F0C0FB13
:107D500080468A4601222046294601F0BEFE0022C6
:107D60003B4601F097F94246534600F06DFC04464D
:107D70000D463EE001260022BA463B4620462946F3
:107D800000F0A6FB80460F460022534620462946B7
:107D900001F080F942463B4600F056FC04460D4691
:107DA00027E04B4981421BDDDFF828A10226002293
:107DB00053462046294600F09FFE00223B4600F035
:107DC00087FB80460F46002253462046294601F095
:107DD00061F942463B4600F037FC04460D4608E098
:107DE000032622462B4600203B4900F02DFC04468A
:107DF0000D4622462B461046194600F07DFE8B4666
:107E0000824602460B4600F077FE0746024633489C
:107E100088460B4606217844FFF7B4FC52465B4681
:107E200000F06AFE82462E488B463A4643460521BC
:107E30007844FFF7A7FC3A46434600F05DFE024651
:107E40000B46002E504659460CDA00F041FB224604
:107E50002B4600F051FE01B022462B46BDE8F04F04
:107E600001F026B800F034FB22462B4600F044FE19
:107E70001C4A7A4402EBC603D3E9002301F00AF955
:107E800022462B4601F006F9174A7A4402EBC60354
:107E9000D3E9002301F00CF8009A002AB8BF81F062
:107EA0000041BDE8F88F0000000010440000F07FA2
:107EB000182D4454FB21F93FFB21F9BF0000DC3FA2
:107EC0000000203E0000F33F0000F03F0000E63FCE
:107ED000008003400000F83F0000F0BF5E27000074
:107EE0001C270000BA260000822600002DE9F04D74
:107EF0009446CCF1000423F000464CEA0404524FAF
:107F000046EAD4749A46884621F00042BC4206D81C
:107F1000454240EA050442EAD474BC4204D9BDE8B3
:107F2000F04D6246FFF786BCAAF14055A5F17F658A
:107F300055EA0C040BD0022404EAAA74434DDFF87E
:107F400010E144EAD87452EA000B04D00CE0BDE81A
:107F5000F04DFFF7BBBE002C14BF012CBDE8F08D27
:107F6000022C30D0032C32D056EA0C0B0AD0BE4281
:107F700020D1BA4209D126F0804622F08042334611
:107F8000114617E000291ADB25E0DFF8C8B0FB44F2
:107F9000002C04BFDBE90001BDE8F08D012C02BF1D
:107FA000DBE9000181F00041BDE8F08D022C0AD030
:107FB000032C0CD0BA4212D1B8F1000F0BDA2348CF
:107FC0002549BDE8F08D28462449BDE8F08D2846B6
:107FD0007146BDE8F08D1D482149BDE8F08D921B2A
:107FE00012153C2AC4BF19481D490EDCBAF1000F16
:107FF000BEBF12F13C0F0020014606DB624600F0D6
:1080000023FB21F00041FFF761FE002C08BFBDE813
:10801000F08D012C04BF81F00041BDE8F08D114AC4
:10802000114B022C07D001F035F82A46BDE8F04D7F
:108030000A4B01F02FB801F02DF82A46BDE8F04DAB
:10804000064B00F035BF00000000F07F182D4454AF
:10805000FB2109C016260000FB21F9BFFB210940C6
:10806000FB21F93F075C143326A6A13C2DE9F04122
:10807000054604464FF00E4000EB4400B0F1145F9B
:1080800076D24FF0FE40B0EB440F24BF00263746B7
:108090000CD214F0004F19BF454F464E464F474E85
:1080A0002146474801F0C8F9054604464FF0FC4018
:1080B000B0EB440F2CD24349DFF80C8114F0004F91
:1080C0000AD04FF03F44384601F05EFC0746414677
:1080D000304601F059FC09E04FF07C54384601F07D
:1080E000EFF807464146304601F0EAF806462146D9
:1080F000284601F0EBFA4FF07E5101F0E1F880469E
:108100002146284601F040FC414601F095F905461C
:108110002946084601F0DAFA80462C4901F0D6FAE1
:108120002B4901F0CDF8414601F0D0FA294901F080
:10813000C7F8414601F0CAFA274901F0C1F84146A3
:1081400001F0C4FA254901F0BBF80446414628462F
:1081500001F0BCFA214601F0B9FA314601F0B0F85D
:10816000294601F0ADF83946BDE8F04101F0A8B864
:108170004FF0E440B0EB440F09D92846FFF7EFFA7F
:10818000042808BFFFF775FB2846BDE8F0814FF0D3
:108190007F40B0EB440F04D22046BDE8F041FFF72A
:1081A00061BB14F0004F14BF0D480E48BDE8F081CC
:1081B0000000C9BF22AAFDB90000C93F22AAFD39AB
:1081C000000080BF0060ED3EC30ACE372DAD65BD17
:1081D0008FB8D53D0FB511BE61C84C3EA8AAAABE46
:1081E000DB0FC9BFDB0FC93F30B583B00446FDF7D5
:1081F000E8FC05460020CDE900000246214668461D
:10820000FDF7B4FF2846FDF7E1FCDDE9000103B00E
:1082100030BD70B50C46054601F0E3F800F0704043
:10822000B0F1005F07D024F00040C0F1FF40C00F64
:1082300004BF204670BD284670BD000070B51446CE
:108240001D460E46002814BF01210021314321F0B4
:108250000041C1F17F6101F1E041C90F16D1002C4D
:1082600014BF01210021294321F00041C1F17F61A8
:1082700001F1E041C90F09D11449B1EB460F08BF24
:1082800000281CD0690008BF002C18D0314600F02F
:108290002BFD024640F2FF7030EA11500DD0F0176E
:1082A000B0EBE17F09D0084665F31E0084460B461B
:1082B0002046614600F0FCFD0246104670BD0120DC
:1082C000FDF784FCBDE87040FFF7B6BA0000E0FFA0
:1082D00010B5144600222260114A21F00043934257
:1082E000A8BF10BD53EA000208BF10BDB3F5801F40
:1082F000A8BF226807DA362201F0EFFB6FF03502E3
:1083000021F000432260DFF81CC06FF31E510CEB1C
:1083100023531A4441F0FF5141F00051226010BD37
:108320000000F07F02FCFFFF2DE9F04106460C46FD
:1083300040F2FF75174635EA14502BD00022134641
:10834000304600F0D9FA25D03A463046214601F0B1
:10835000C4FB06460C4635EA145010D000221346E2
:10836000304600F0C9FA15D10220FDF72FFCFFF7C7
:1083700071FA0A46214662F31E01BDE8F08102202F
:10838000FDF724FCFFF75EFA0A46214662F31E0160
:10839000BDE8F08130462146BDE8F0812DE9F0418D
:1083A00006460F4600F090FD041E0D4618BF012042
:1083B000284320F00040C0F17F6000F1E040C00F92
:1083C0000ED0301C18BF0120384320F00040C0F10F
:1083D0007F6000F1E040C00F04BF0120FDF7F6FB15
:1083E00020462946BDE8F08170B5054601F044FA03
:1083F000044620F00040C0F1FF40C00F08D025F037
:108400000040C0F1FF40C00F04BF0120FDF7DEFBBC
:10841000204670BD10B500290AD00878002807D082
:1084200005487844FEF7EEFA002801D0002010BD80
:108430000248784410BD00001A24000012240000F5
:1084400010B500290AD00878002807D005487844DC
:10845000FEF7D8FA002801D0002010BD0248784469
:1084600010BD00000A2400000224000021F0004298
:10847000A2F16052B2F5801F01F0004328BFD2F193
:108480007F6C0BD95FEA001C43EAC20242EB5070DA
:1084900018BF704728BF20F001007047B2F5801F59
:1084A000BCBF184670474FEA410C1CF5001F02D2B2
:1084B000084601F0D2B970B500F0C8FB0000008991
:1084C000FFF7F6BF4FF00040A0F5800070470000B6
:1084D00010B591EA030F48BF83F0004300F1E28535
:1084E000841A71EB030C05D2121943EB0C03001B29
:1084F00061EB0C01DFF824E14FEA1154A4EB135CAB
:108500001EEA430F18BF9EEA445F73D023EA0E03AE
:10851000DCF1200E21EA045143F4801332D322FA15
:108520000CFE10EB0E0023FA0CFE41EB0E01CCF119
:10853000200E03FA0EFE10EB0E0051F10001B1F512
:10854000801FCCF1200E32D201EB045112FA0EF250
:10855000BDE8104058BF7047401C38BF5FEA420278
:1085600018BF7047002814BF20F0010041F100013E
:108570004FEA410313F5001F38BF7047A1F1C04116
:1085800000F05ABC012A43EB0302ACF1200CDCF1F1
:108590001F0E32BF4FF0000E23FA0CF310EB030056
:1085A00041EB0451B4EB115FD0D0A1EB045101F5C4
:1085B000801149085FEA300001EB04510ED350F1FD
:1085C000000038BF12FA0EFE08D1BDE81040C9E71E
:1085D000401C38BF5FEA4202CAD1C3E7BDE8104081
:1085E0004FEA410313F5001F38BF7047A1F1C041A6
:1085F00000F022BC9EEA445F08D011EA5E0FBDE89D
:10860000104004BF01F0004100207047BDE8104059
:1086100070B500F01BFB00BF64FBBE3E0000E0FF36
:1086200002494FF0000001F026BA00BF0000F87FB9
:10863000491058BFC1F140415B1058BFC3F14043DE
:108640008B42EFF3008070472DE9C04130B4DFF872
:10865000A0C23CEA111418BF3CEA131400F0EC80ED
:1086600081EA03051CEA111444EAD57418BF1CEA18
:10867000131500F0C780A4EB05044FF0004545EA50
:10868000C12145EAC32341EA505143EA525304F160
:108690007F74994204F500344FEAC0204FEAC222A9
:1086A00008BF904200F09C804FEA13650FF240161D
:1086B000765D4FEA134506FB05F7C7F1807706FBA9
:1086C00007F74FEAD737A7FB03687642C8F580382B
:1086D000A7FB06CE38BFA8F1010807FB08E64FF05C
:1086E000000EA6FB028CE6FB03CEDCF1000CCEF103
:1086F000004E38BFAEF1010EA6FB0C584FF000073C
:108700004FF00005E6FB0E87A1FB08C6A0FB07CED5
:1087100016EB0E0645F10005E1FB076515F1E04E8D
:108720007EBFA4F580345FEA46066D4116F18007EE
:1087300045F100054FEA17274FEA066647EA056745
:10874000A6F1DE46B6F1805F4FEA15251FD93846FF
:1087500024F0010C05EBC471BCF1FE6F01EB0C11B0
:1087600002D8F0BCBDE8008124425CBF01F5801E48
:108770009EEAC47F02D4F0BCBDE80081244238D414
:10878000F0BCA1F1C041BDE8004100F055BB4FEA8B
:10879000D22242EA43524FEAD323A7FB02864FEA92
:1087A000D02040EA415007FB03661EEA0E0F4FEA55
:1087B000D12105FB026658BFA6EB0056B6EB00566A
:1087C0004FEA520E4EEAC37E18EB0E0E56EB530ED6
:1087D000BDD518EB02085E417F1C55F10005B6E7D8
:1087E0004FF480154FF000074FF000064FF00008DF
:1087F000ADE7F0BC4FF0000001F1C04101F00041D5
:10880000BDE8008111EA0C1F0CEA131500D00CE042
:1088100013EA0C1F00F025804FF00000F0BC81EA45
:10882000030101F00041BDE80081F0BCBDE800415A
:1088300081EA030100F000BBF0BCBDE8004170B567
:1088400000F004FA097EFC3E00F007B881EA03015B
:108850004FF0000001F00041704781EA030100F091
:10886000EBBAF0BCBDE800414FF000002149704771
:10887000FFFDFBF9F7F5F4F2F0EEEDEBE9E8E6E4E5
:10888000E3E1E0DEDDDBDAD8D7D5D4D3D1D0CFCD6C
:10889000CCCBCAC8C7C6C5C4C2C1C0BFBEBDBCBBA5
:1088A000BAB9B8B7B6B5B4B3B2B1B0AFAEADACABA0
:1088B000AAA9A8A8A7A6A5A4A3A3A2A1A09F9F9E7A
:1088C0009D9C9C9B9A99999897979695959493932C
:1088D000929191908F8F8E8E8D8C8C8B8B8A8989C3
:1088E0008888878786858584848383828281818046
:1088F0000000FF070000F87F51EA030C17D41CF5B5
:10890000801F58BFBCF5801F00F10680994218BF38
:10891000704708BF9042704707D711F5801F58BFB6
:1089200013F5801F19D499427047894270471CF58E
:10893000801F08D5BCF5801FF7D58B4218BF704744
:1089400008BF824270474FF4001C1CEB410F38BF38
:108950001CEB430F01D28B42704770B500F076F9E3
:10896000922449004FF000514FF08053FFF760BE52
:108970004FEA41034FEA5353A3F58063D3F11E033B
:10898000C8BFD3F1210C0CDD4FF0004242EAC122F6
:1089900042EA505232FA03FC8CEAE17CACEBE17023
:1089A0007047102BC4BF0020704703F5787CBCF1E2
:1089B000FF3F04D06FF0004282EA2100704770B59B
:1089C00000F044F94992248000207047F2E700004B
:1089D0004FEA1153A3F58063D3F11E03A8BFD3F16F
:1089E000200C08DB4FF0004242EAC12252EA50520A
:1089F00032FA03F0704709420BD4102BC4BF002099
:108A0000704703F5787CBCF1FF3F05D04FF0FF3095
:108A100070474FF00000704770B500F017F900BFC5
:108A20004992248000207047F0E710F0004248BFD0
:108A30004042B0FA80F310FA03F10AD0C3F11D03EB
:108A400003F580634FEA415002EB035202EBD12160
:108A500070474FF000007047B0FA80F310FA03F14E
:108A60000AD0C3F11D0303F580634FEA41504FEA7A
:108A7000035202EBD12170474FF000007047000015
:108A800051EA030C17D41CF5801F58BFBCF5801F9A
:108A900000F10680994218BF704708BF90427047A6
:108AA00007D711F5801F58BF13F5801F19D49942BD
:108AB0007047894270471CF5801F08D5BCF5801FA0
:108AC000F7D58B4218BF704708BF824270474FF4FA
:108AD000001C1CEB410F38BF1CEB430F01D28B4233
:108AE000704770B500F0B2F8922449004FF0005181
:108AF0004FF08053FFF79CBDDFF848C170B51CEA0A
:108B0000111E1EBF1CEA13159EEA0C0F95EA0C0FEE
:108B100000F06F8081EA030423EA4C134EEAD47E0E
:108B200021EA4C1141F4801143F48013AE44A1FBBF
:108B3000024CA0FB0365AEF17F7E361955EB0C05A8
:108B4000A1FB034C4CF10003A0FB021C16EB0C062E
:108B5000654153F10003094218BF46F0010613F4C2
:108B6000007F0BD14FEA03314FEA0530340341EA6D
:108B7000155140EA16506FF003020AE04FEAC32194
:108B80004FEAC520F40241EA555140EA56506FF0D1
:108B9000020202EB2E4201EB025585EACE710AD0A9
:108BA0005FEA440C18BF24F0004450F1000041F18A
:108BB000000120EAD47040F2FE7C624500D270BD14
:108BC000A84214BF4FF080444FF04044002E08BF2D
:108BD0000024BEF1806FA8BFA1F1C041BDE8704084
:108BE00080F22A814FF0000001F1C04101F0004104
:108BF00070479EEA0C0F0CEA131518BF95EA0C0F8C
:108C000006D04FF0000081EA030E0EF0004170BD67
:108C100000F01CF88900013E00F007B800F009B828
:108C20004FEA430C5FEA5C5C08D081EA030100F084
:108C300003B94FEA410C5FEA5C5CF6D14FF00000EB
:108C4000014970470000FF070000F87F0EF1020E97
:108C50002EF0030E5EF8046B364205D4012A43EB76
:108C6000030515F5001F12D8012841EB010C1CF576
:108C7000001F0CD80ED14FEAD17C15F5001F0CEB6C
:108C80004C0C0CF1020C08BF4CEBD37C04E04FF011
:108C9000080C01E04FEAD37C0CEB4C0526FA05F6F4
:108CA00006F00706B6F1040C06D20EEB860CBDE802
:108CB00070404CF0010C6047DFE80CF0090B020239
:108CC0004FF000414FF00000A1F5002170BD1946A2
:108CD0001046012851EB010418BFD4F5001484BFDD
:108CE000002001F0004170BDDFF844C170B53CEADE
:108CF000111418BF3CEA131500F08F8011F1004FDA
:108D00001CEA13150CEA111468BF45F0050518BFDD
:108D100011EA0C1F00F079802E4621EA4C1123EA5B
:108D20004C1341F4801143F48013A5F58035AC4217
:108D30003DDD801A9941A4F5803609D54042C1F144
:108D4000000134BFB1F10101B1F1000185F001056D
:108D500011F4F01F08D011F4801FE8D1400041EB5E
:108D60000101A4F58034F6E721F00041B1FA81F663
:108D7000202E04BFB0FA80FE0EF12006A6F10B06ED
:108D8000B6F1200EA4EB06440CD2C6F1200E01FA77
:108D900006F120FA0EF641EA0601CEF1200600FAAD
:108DA00006F003E000FA0EF14FF00000BFE750EAD2
:108DB000410E23D04FEA244EBEEB254F0FDB9942E4
:108DC00008BF904204D00AD3520043EB0303B0E73C
:108DD0004FEA1646B6EB144F08BF85F00105B4F50F
:108DE000803401EB041181EAC57100DB70BD01F133
:108DF000C0414FF0000001F0004170BD4FEA4571E5
:108E00004FF0000001F0004170BD1CEA131F09D0B3
:108E10004FF0000001F0004170BDFFF717FF00BFE9
:108E2000EDFFFF3EBDE870404FF000000149704784
:108E30000000FF070000F87F0808A0F500114FEAC6
:108E40003101704753EA010C17D41CF5801F58BF3D
:108E5000BCF5801F00F106808B4218BF704708BF29
:108E60008242704707D713F5801F58BF11F5801F46
:108E700019D48B4270479B4270471CF5801F08D560
:108E8000BCF5801FF7D5994218BF704708BF9042C4
:108E900070474FF4001C1CEB430F38BF1CEB410F15
:108EA00001D2994270470FB40CBC03BCFFF719BE46
:108EB00091EA030F10B581F000413FF511AB83F04B
:108EC000004300F0EFB800002DE9F04101F5801CEF
:108ED000BCF5001FC0F2C3804FEA115C21EA0C51BF
:108EE0000CF1FD0C41F480115FEA5C0C0CF5C07CC8
:108EF00001D3400049413DA4890241EA90518702D3
:108F00008E0E0A0CA45D04FB04F602FB06F6C6F105
:108F10004046A4FB0662F60D46EA422606FB06F42E
:108F2000A4FB01235242C3F1404338BF5B1EA6FBA2
:108F300002420024E6FB0324D20B42EA4446A6FB8D
:108F40000623A1FB02E2A3FB07E4A4184FF00002F2
:108F500052F10002E3FB01426442C2F1404E38BFCD
:108F6000AEF1010EA6FB04234FF00002E6FB0E3229
:108F7000A2FB03464FF00004B61954F10004E2FBD3
:108F80000264A1FB06E6A4FB07E816EB08064FF017
:108F9000000858F10008E4FB01687642C8F1405827
:108FA00038BFA8F10108A2FB06E4A3FB08E52D19D0
:108FB0004FF0000454F10004E2FB0854A1FB05E665
:108FC000A7FB04E818EB06084FF0000656F1000670
:108FD000E1FB048618F1200556F10006A809A8F166
:108FE0001B08B10908F03F08B8F10A0F40EA866093
:108FF0001CD901EB0C51BDE8F08100BFFCF5EEE897
:10900000E2DDD8D3CFCBC7C3C0BDB9B6B4B1AEAC27
:10901000A9A7A5A3A19F9D9B9A9896959392908F9F
:109020008D8C8B898887868584838281A0FB0068EC
:1090300000FB01F208EB4208B8EB872807D534188B
:1090400058EB0104D5D5401C51F10001D1E7341A89
:1090500078EB0104CDD4401E71F10001C9E75FEA4D
:109060004C0C5FEA9C5C0DD105D34FF0000001F081
:109070000041BDE8F081BDE8F04170B5FFF7E6FDC5
:109080006DDBFFBEBDE8F0414FF0000000497047C6
:109090000000F87F10B591EA030F48BF83F000434A
:1090A0003FF51EAA841A71EB030C07D212198CF03B
:1090B000004C43EB0C03001B61EB0C01DFF8A4E157
:1090C0004FEA1154A4EB135C1EEA430F18BF9EEA4B
:1090D000445F00F0B08023EA6E03524221EA04515B
:1090E000C3EB6E0338BF5B1EDCF1200E25D322FAE2
:1090F0000CFE10EB0E0043FA0CFE41EB0E01CCF11E
:10910000200E03FA0EFE10EB0E0051F10001CCF11F
:10911000200E29D412FA0EF201EB0451BDE81040E2
:1091200058BF7047401C1CBFB2F1004F7047002869
:109130000CBF491C20F00100704712EB020E43EBFC
:10914000030218BF4FF0010E4EEA4202ACF1200CB0
:10915000DCF11E0E54D943FA0CFE10EB0E0051F157
:10916000FF31CCF11E0ED5D50EF1010E12FA0EFE16
:10917000404141EB010101EB445C5FEA5C5C10D9CA
:1091800010EBDE7001EB045138BFBEF1004FBDE8BB
:10919000104018BF704700280CBF491C20F0010088
:1091A000704730D24FEAD42C11F5001124F400643A
:1091B0001BD0B1FA81F20B3AA41AA41ED2F12003FB
:1091C000914030FA03F31943904001EBCC71002C2D
:1091D00001EB0451BDE81040A8BF704701F1C04148
:1091E0004FF0000001F000417047B0FA80F310FA30
:1091F00003F100D110BDE41A173C4805C90AE4E7A1
:1092000001EB045110BD491001EB0451BDE81040C1
:109210004FEA300002E04FF0000170474A0008BFFB
:109220000042F8D0B2F5001F28BF704701F000419E
:109230004FF0000070479EEA445F07D011EA5E0FCE
:10924000BDE8104004BF002100207047BDE8104079
:1092500070B5FFF7FBFC00BF40DFF63E83F0004136
:10926000104670470000E0FF43004FEAD30C4FEA7E
:109270003C0C43401FBF40070CF1605113F0FE4F00
:1092800070471CF0006F03D100200CF000417047C4
:109290000CF0004343EA507010B540EACC0000F0F7
:1092A00096FA00BF000000924FEA0001FFF7C4BD2C
:1092B0004FF000414FF00000A1F500217047000081
:1092C00090EA010F48BF81F0004100F16483421A27
:1092D0003CBF801A89184FEAD0524FF07F4C1CEAED
:1092E000410FA2EBD15318BF9CEA026F00F03B8004
:1092F0004FF0004C4CEA00204CEA012121FA03FC1B
:1093000010EB0C0C1ED202F1FF325FEA1C2040EB86
:10931000C25038BF70471CF07F0F4FEA400C18BF97
:10932000BCF17F4F38BF7047C3F12003994008BF9D
:1093300020F00100BCF17F4F38BF7047A0F1C04062
:1093400000F08BBA4FEA3C00000A40EBC25028BF45
:109350001CF0FF0F4FEA400CE6D018BFBCF17F4F66
:1093600038BF7047EAE79CEA026F05D010EA5C0F4D
:1093700008BF00F00040704710B500F028FA00BFA9
:1093800064FBBE3E014800F076BB00BF0000C07F1A
:1093900050EA010C00F113801CF5000F58BFBCF51A
:1093A000000F01D48842704707D710F5000F58BF4F
:1093B00011F5000F22D488427047894270471CF58E
:1093C000000F04D5BCF5000FF7D5814270474FF070
:1093D000807C1CEB400F38BF1CEB410F0ED281424A
:1093E000704710B5FFF7D4FFEFF3008020F0104076
:1093F00038BF40F0004080F3008810BDBDE8104049
:1094000010B500F0E4F900BF0000000900F007B853
:109410004FF0404010F1004FEFF3008070474010D4
:1094200058BFC0F14040491058BFC1F1404181428E
:10943000EFF30080704700004FF47F0C1CEAD0125D
:109440001EBF1CEAD11392EA0C0F93EA0C0F00F036
:10945000858090EA010F48BF42F4807240F4000C0E
:1094600041F400002CF07F4120F07F4000B58142A4
:10947000A2EB03020FF2081CACEB504EC0F100004F
:109480009EF800E04FEA4E0E00FB0EFC38BF49008C
:109490004FEA2C1C02F5FA020CFB0EF34FEACE1E2B
:1094A0004FEA112C4FEAC1210EEB635E42EB2242E0
:1094B0000EFB0CFC4FEA1C5300FB03114FEA112C6E
:1094C0004FEA01310EFB0CFC4FEADC4C00FB0C11A7
:1094D000C14228BF09184CEB03335DF804EB10EBD5
:1094E000410143EBC250B2F57C0F38BF704729D51C
:1094F00012F0F00F1CBF00F1C04000F000407047B8
:10950000008182838485868788898B8C8D8E8F915C
:109510009293959697999A9C9D9FA0A2A3A5A7A880
:10952000AAACAEB0B2B3B5B7B9BCBEC0C2C5C7C9AC
:10953000CCCED1D4D7D9DCDFE2E6E9ECF0F3F7FA10
:10954000FE0000004FEA400C0CF1807CBCF17E4F25
:1095500028BF7047B0F1C04000F07FB990EA010F1A
:109560000CEAD11348BF42F48072624538BF6345AC
:1095700007D213F47F0F16D080EA010000F00040FC
:10958000704710B500F023F9097EFC3E00F005B8E5
:1095900080EA010000F00040704780EA010000F01E
:1095A000004000F05AB912F47F0F04BF0248704720
:1095B00080EA010000F051B90000C07F50EA010CC0
:1095C00000F113801CF5000F58BFBCF5000F01D44B
:1095D0008842704707D710F5000F58BF11F5000FEC
:1095E00015D488427047894270471CF5000F04D596
:1095F000BCF5000FF7D5814270474FF0807C1CEB23
:10960000400F38BF1CEB410F01D28142704710B5AB
:1096100000F0DDF8922449004FF000504FF08051E7
:10962000FFF7FDBE41000B0ED3F19E0208D950F4A6
:1096300000034FEA032323FA02F048BF4042704779
:1096400010B500F0C4F800BF499224800020704794
:109650006FF0004282EA200070470000C10DD1F196
:109660009E0206DB4FEA002343F0004323FA02F098
:109670007047004207D54FEA4001B1F1FE4F02D2D8
:109680004FF00000704710B500F0A1F84992248017
:10969000002070476FEA20007047000010F0004182
:1096A00048BF4042B0FA80F310FA03F2C3F19D03C1
:1096B0000BD051EAC35101EB1220530638BF70475B
:1096C00000F1010008BF20F0010070474FF47F0C4B
:1096D0001CEAD0121EBF1CEAD11392EA0C0F93EAC7
:1096E0000C0F00F0478090EA010F48BF42F48072EF
:1096F0004FF0004C4CEA00204CEA012102EB03023F
:10970000A0FB0113A2F50002002918BF43F00103DA
:109710005B0028BF4FEA330342EB22425FEA132C7F
:109720004CEBC2502EBFBCEB436FB2F57C0F7047C1
:109730004FEA036CBCF1004F08BF20F00100B2F506
:109740007C0F38BF70470BD582F0FF0212F5803FC7
:10975000C8BF704700F1C040D8BF00F0004070475C
:1097600000F5000C5FEA4C0C48BF7047B0F1C040F8
:1097700000F073B890EA010F0CEAD11348BF42F42D
:109780008072624538BF634504D280EA010000F070
:109790000040704710B500F01AF800BF8900013E84
:1097A00000F007B800F009B85FEA410C5FEA1C6CF2
:1097B00008D080EA010000F050B85FEA400C5FEA90
:1097C0001C6CF6D14FF00040A0F5800070470EF100
:1097D000020E2EF0030E5EF8044B244204D44FEA2E
:1097E0004102B2F17F4F11D84FEA4003B3F17F4FEE
:1097F0000CD80ED14FEAD07CB2F17F4F0CEB4C0C61
:109800000CF1020C08BF4CEBD17C04E04FF0080CCB
:1098100001E04FEAD17C0CEB4C0324FA03F404F092
:109820000704B4F1040C06D20EEB840CBDE8104022
:109830004CF0010C6047DFE80CF0070802024FF023
:109840000040A0F5800010BD0846420018BFD2F1CC
:10985000807288BF00F0004010BDFF2141EAD05067
:10986000C005704780F0004090EA010F7FF52FADF2
:1098700081F0004100F08FB84FEAD051002988BF35
:10988000D1F1FF0240F2758001F17D014FEA002025
:1098900070B5490840F0004038BF40080EA2430EA2
:1098A000040CD25C02FB02F304FB03F3C3F140435C
:1098B000A3FB0254ED0D45EA442202FB02F3A0FB98
:1098C00003546D42C4F1404438BF641EA2FB053509
:1098D0000023E2FB0453EA0B42EA4342A0FB0232BC
:1098E00012F14004A2F12103E40903F07F031F2BCE
:1098F00032D904EBC15070BDFEFAF7F3F0ECE9E6A3
:10990000E4E1DEDCD9D7D4D2D0CECCCAC8C6C4C23A
:10991000C1BFBDBCBAB9B7B6B4B3B2B0AFAEACABF1
:10992000AAA9A8A7A6A4A3A2A1A09F9E9E9D9C9B16
:109930009A999897979695949393929190908F8EE9
:109940008E8D8C8C8B8A8A89898887878686858488
:10995000848383828281818004FB04F6B6EB004617
:1099600003D5E64248BF641CC3E7A64258BF641C47
:10997000BFE711F0FF0F02D100F00040704710B5B3
:10998000FFF725FF7FDBFFBE90EA010F48BF81F0A4
:1099900000413FF59CAC421A04D882F00042A0EB93
:1099A000020011444FEAD0524FF07F4C1CEA410FA5
:1099B000A2EBD15318BF9CEA026F4AD04FF0004C83
:1099C0004CEA00204CEA012121FA03FCB0EB0C0C1C
:1099D0000FD412F0FE0F36D05FEA4C001DD50012F6
:1099E00040EBC25038BF70471CF03F0F18BF7047A4
:1099F0000BE0A2F101025FEA1C2040EBC25038BF2D
:109A000070471CF07F0F18BF7047C3F120039940C7
:109A100014BF401E20F00100704780084FEA122357
:109A200008BF7047B0FA80FCA2EB0C02CCF1280C06
:109A300060FA0CF093EA122F04BF00EBC25070479B
:109A40004FEAC3707047130A5FEADC1008BF704723
:109A5000F6E79CEA026F04D010EA5C0F08BF002012
:109A6000704710B5FFF7B3FE40DFF63E81F00040CF
:109A70007047FCF7E1B90CF00F03092B08BF082071
:109A800000F085800A2B0BD0082B18BF704708BF49
:109A90001CF0400F0AD04FF000004FF0000170475B
:109AA0001CF0400F18BF4FF0004070471CF0100F23
:109AB00008D020F0704300F07F4242EAD3014FEA21
:109AC0004370704700F0604021F07F4242EA00029C
:109AD00001F07F4040EA727070474FF0FF0C4CF489
:109AE000E06C1CEA11531CBF9CEA030C9445C2BFF6
:109AF000DA4201EB02517047002B0DD0BCF1000F90
:109B00000FD0002A01F00041A4BF41F0E04141F034
:109B10007F614FF00000704701F000414FF00000FE
:109B2000704750EA01334FF09B0C18BF4CF0806C2B
:109B30007EF476AD70474FF0FF0212EAD0521CBFA0
:109B400092F0FF038B42C2BFD14200EBC15070477D
:109B5000002A0AD0002B0BD0002900F00040A4BF3F
:109B600040F0FE4040F40000704700F000407047B5
:109B700043024FF00B0C18BF4CF0806C7FF402AC2A
:109B80007047FCF7E1BDFCF77DBFFDF70BB91CF496
:109B9000801F11D01CF4E02F03D06FEACC314900B4
:109BA00070474FF04050EFF3008222F0704242EADB
:109BB000000282F3008870474FF0000070470000F9
:109BC000000000000000002F000000000700070058
:109BD00000147F147F1400242A7F2A120062640874
:109BE00013230036495522500000050300000000F1
:109BF0001C224100000041221C000014083E0814F1
:109C00000008083E0808000000A0600000080808DE
:109C10000808000060600000002010080402003EF8
:109C20005149453E0000427F400000426151494693
:109C3000002141454B31001814127F100027454583
:109C40004539003C4A494930000171090503003695
:109C50004949493600064949291E000036360000A8
:109C600000005636000000081422410000141414AD
:109C700014140000412214080002015109060032A8
:109C80004959513E007C1211127C007F49494936E6
:109C9000003E41414122007F4141221C007F494951
:109CA0004941007F09090901003E4149497A007F85
:109CB0000808087F0000417F4100002040413F012B
:109CC000007F08142241007F40404040007F020C8A
:109CD000027F007F0408107F003E4141413E007F2B
:109CE00009090906003E4151215E007F09192946F4
:109CF0000046494949310001017F0101003F4040D0
:109D0000403F001F2040201F003F4038403F00637D
:109D1000140814630007087008070061514945439F
:109D200000007F41410000552A552A55000041415D
:109D30007F00000402010204004040404040000057
:109D400001020400002054545478007F48444438F1
:109D500000384444442000384444487F0038545478
:109D6000541800087E0901020018A4A4A47C007FF6
:109D7000080404780000447D4000004080847D0099
:109D8000007F102844000000417F4000007C041840
:109D90000478007C0804047800384444443800FC0B
:109DA000242424180018242418FC007C0804040827
:109DB00000485454542000043F444020003C40409C
:109DC000207C001C2040201C003C4030403C0044D3
:109DD00028102844001CA0A0A07C004464544C44DB
:109DE00014141414141400000000000000000000FB
:109DF000000000000000000000F80000000000006B
:109E000000333000000000100C06100C06000000AB
:109E100000000000000040C07840C0784000043FCF
:109E200004043F040400007088FC0830000000189F
:109E300020FF211E0000F008F000E01800000021C3
:109E40001C031E211E0000F00888700000001E2167
:109E500023241927211010160E0000000000000016
:109E6000000000000000000000E0180402000000F4
:109E700000071820400000020418E0000000004025
:109E8000201807000000404080F08040400002029F
:109E9000010F01020200000000F0000000000101BB
:109EA000011F01010100000000000000000080B05F
:109EB0007000000000000000000000000000000131
:109EC000010101010101000000000000000000305C
:109ED00030000000000000000000806018040060F6
:109EE00018060100000000E010080810E000000F54
:109EF000102020100F00001010F8000000000020BB
:109F0000203F202000000070080808887000003002
:109F100028242221300000300888884830000018AA
:109F2000202020110E000000C02010F800000007C3
:109F30000424243F240000F8088888080800001939
:109F4000212020110E0000E0108888180000000F6A
:109F5000112020110E0000380808C8380800000041
:109F6000003F000000000070880808887000001C96
:109F7000222121221C0000E010080810E00000004F
:109F8000312222110F00000000C0C00000000000BC
:109F900000303000000000000080000000000000E1
:109FA00080600000000000008040201008000001D8
:109FB000020408102000404040404040400004049B
:109FC0000404040404000008102040800000002065
:109FD000100804020100007048080808F0000000A2
:109FE000003036010000C030C828E810E000071833
:109FF000272423140B000000C038E0000000203CA0
:10A0000023020227382008F8888888700000203F43
:10A01000202020110E00C03008080808380007185A
:10A0200020202010080008F808080810E000203F51
:10A03000202020100F0008F88888E8081000203F32
:10A0400020202320180008F88888E8081000203F06
:10A05000200003000000C03008080838000007187E
:10A060002020221E020008F808000008F808203FFF
:10A07000210101213F20000808F808080000002005
:10A08000203F2020000000000808F8080800C080D9
:10A0900080807F00000008F888C028180800203F52
:10A0A00020012638200008F8080000000000203FAA
:10A0B00020202020300008F8F800F8F80800203FA1
:10A0C000003F003F200008F830C00008F808203F9B
:10A0D000200007183F00E01008080810E0000F10EB
:10A0E000202020100F0008F808080808F000203F82
:10A0F000210101010000E01008080810E0000F181D
:10A10000242438504F0008F8888888887000203F41
:10A110002000030C30200070880808083800003840
:10A12000202121221C00180808F808081800000047
:10A13000203F2000000008F808000008F808001F71
:10A14000202020201F000878880000C83808000060
:10A1500007380E010000F80800F80008F800033C7A
:10A160000700073C03000818688080681808203042
:10A170002C03032C30200838C800C8380800000021
:10A18000203F2000000010080808C83808002038C8
:10A19000262120201800000000FE0202020000001C
:10A1A000007F40404000000C30C000000000000074
:10A1B00000010638C00000020202FE00000000405C
:10A1C00040407F0000000000040202020400000082
:10A1D000000000000000000000000000000080807F
:10A1E0008080808080800002020400000000000067
:10A1F0000000000000000000808080800000001946
:10A20000242222223F2008F8008080000000003F26
:10A21000112020110E000000008080800000000E40
:10A22000112020201100000000808088F800000E1E
:10A23000112020103F200000808080800000001F3F
:10A24000222222221300008080F0888888180020B3
:10A25000203F202000000000808080808000006B74
:10A2600094949493600008F8008080800000203F60
:10A27000210000203F20008098980000000000206E
:10A28000203F20200000000000809898000000C0BF
:10A290008080807F000008F8000080808000203FE0
:10A2A00024022D302000000808F8000000000020E3
:10A2B000203F202000008080808080808000203F20
:10A2C00020003F20003F8080008080800000203FF1
:10A2D000210000203F200000808080800000001FBF
:10A2E000202020201F00808000808000000080FF50
:10A2F000A12020110E000000008080808000000E50
:10A30000112020A0FF80808080008080800020209D
:10A310003F21200001000000808080808000003309
:10A32000242424241900008080E0808000000000A4
:10A33000001F202000008080000000808000001F9F
:10A34000202020103F20808080000080808000013D
:10A350000E300806010080800080008080800F3071
:10A360000C030C300F0000808000808080000020F3
:10A37000312E0E312000808080000080808080811E
:10A380008E7018060100008080808080800000218F
:10A39000302C2221300000000000807C02020000EE
:10A3A0000000003F404000000000FF0000000000EF
:10A3B0000000FF0000000002027C8000000000405E
:10A3C000403F0000000000060101020204040000FA
:10A3D00000000000000000000C12120C0000000041
:10A3E00000000000000000000C12120C0000000031
:10A3F000000000000000004042445840407F4040C0
:10A400005048C6000000004044444444444444448E
:10A410004444FF0000000808E8292E28E80808C87E
:10A420000C0BE80808000000FF0949897F00000FB5
:10A4300040807F00000000FC848484FC0010101029
:10A440001010FF101000003F1010103F0000010618
:10A4500040807F00000000F8010600F0121212F2A6
:10A46000020202FE000000FF0000001F1111111F78
:10A470000040807F000000000C12120C0000000061
:10A4800000000000000000000000000000000000CC
:10A4900000000000000030313233343536373839AF
:10A4A0004142434445464030580030313233343520
:10A4B0003637383961626364656640307800000081
:10A4C000555555555555C53F7D6FEB0312D6D4BF35
:10A4D0005544880E55C1C93F3B8F68B52882A4BF3B
:10A4E00088B20175E0EF493F09F7FD0DE13D023FFC
:10A4F0004B2D8A1C273A03C0C88A599CE52A004084
:10A5000059018D1B6C06E6BF82922EB1C5B8B33FD0
:10A510004FBB610567ACDD3F182D4454FB21E93F7B
:10A520009BF681D20B73EF3F182D4454FB21F93F6A
:10A53000E2652F227F2B7A3C075C143326A6813CF0
:10A54000BDCBF07A8807703C075C143326A6913C9B
:10A55000C4EB98999999C9BF711623FEC671BCBF07
:10A560006D9A74AFF2B0B3BF9AFDDE522DDEADBF6F
:10A570002F6C6A2C44B4A2BF0D5555555555D53F87
:10A58000FF8300922449C23F6E204CC5CD45B73FA2
:10A59000513DD0A0660DB13FEB0D76244B7BA93F1A
:10A5A00011DA22E33AAD903F000000000000000005
:10A5B00002400000000000A0000000000540000074
:10A5C000000000C8000000000C4000000000409C9B
:10A5D00000000000194000000020BCBE0000000088
:10A5E00034400000BFC91B8E00000004B5400000CD
:10A5F000504BCFD06607E2CF010000006C41000055
:10A600003E8251AADFEEA73401000000D9420000CB
:10A61000DCB5A0E23A301F97FFFFFFFFB445000012
:10A62000FD25A0C8E9A3C14FFFFFFFFFFF3F0000CA
:10A630000000008000000000FF3F000000000080DC
:10A640000000000041542B45434D54434F4E4E3DB6
:10A65000302C223132333435220D0A0041542B453F
:10A66000434D544346473D22616C696175746822CD
:10A670002C30202C226B306976336D6B3669454D5A
:10A68000222C22436F766572222C2231636134338F
:10A690003530636237623837353237393261623785
:10A6A0003137313663363665323136220D0A0000D5
:10A6B00041542B45434D544346473D22636C6F75CF
:10A6C00064222C302C322C310D0A000041542B47CF
:10A6D000505352443D310D0A0000000041542B45B7
:10A6E000434C45444D4F44453D310D0A00000000A8
:10A6F00041542B4C4F434154494F4E3D310D0A00BC
:10A7000041542B4346554E3D310D0A0041542B47D1
:10A7100050533D310D0A000041542B45434D544FD9
:10A7200050454E3D302C20226B306976336D6B36B0
:10A7300069454D2E696F742D61732D6D7174742E82
:10A74000636E2D7368616E676861692E616C6979EB
:10A75000756E63732E636F6D222C313838330D0A9A
:10A760000000000041540D0A0000000041542B4538
:10A77000434D545055423D302C302C302C302C223F
:10A780002F7379732F6B306976336D6B3669454D56
:10A790002F436F7665722F7468696E672F657665D3
:10A7A0006E742F70726F70657274792F706F73741E
:10A7B000222C227B226D6574686F64223A227468B1
:10A7C000696E672E736572766963652E70726F703D
:10A7D000657274792E736574222C226964223A2280
:10A7E000323539303631323830222C227061726184
:10A7F0006D73223A7B0000007D2C227665727369AE
:10A800006F6E223A22312E302E30227D220D0A0028
:10A810000000000068A9000800000020A801000056
:10A820006C010008ECA90008A8010020D811000064
:10A83000C8010008000000000000F07F1C000000BC
:10A8400043000000F8FFFFFF0C0000000E000000B6
:10A850000F0000002E000000100100004300000067
:10A86000F8FFFFFF00404040404040404040414131
:10A8700041414140404040404040404040404040D5
:10A88000404040404005020202020202020202026F
:10A89000020202020220202020202020202020026C
:10A8A00002020202020290909090909010101010FC
:10A8B0001010101010101010101010101010101098
:10A8C000020202020202888888888888080808082C
:10A8D00008080808080808080808080808080808F8
:10A8E0000202020240000000000000000000000020
:10A8F0000000000000000000000000000000000058
:10A900000000000000000000000000000000000047
:10A910000000000000000000000000000000000037
:10A920000000000000000000000000000000000027
:10A930000000000000000000000000000000000017
:10A940000000000000000000000000000000000007
:10A9500000000000000000000000000000000000F7
:10A9600000000000000000001184A24A0400092534
:10A9700001020304060708091AFF031901011CC597
:10A980000AD7A33C0809766F12833A0C020B3F18D2
:10A99000211A8004012200091023DB793E3333039E
:10A9A00042136CA71B08F8041A640411190413B0AD
:10A9B000A61B085C041A180C1A44081A0C081AF092
:10A9C000081ACC041ADC0401222D01020304041825
:10A9D00008060708090204063213C7561B08EB04D1
:0CA9E000139C0414209C0C82200000003A
:0400000508000131BD
:00000001FF
