:040000006F00F02C71
:100004000000000000000000620300006403000020
:1000140000000000CC0A0000000000000000000006
:10002400CC0A0000CC0A0000000000000000000020
:10003400CC0A000000000000CC0A00000000000010
:10004400CC0A0000CC0A0000CC0A0000CC0A000054
:10005400CC0A0000CC0A0000CC0A0000CC0A000044
:10006400CC0A0000CC0A0000CC0A0000CC0A000034
:10007400CC0A0000CC0A0000CC0A0000CC0A000024
:10008400CC0A0000CC0A0000CC0A0000CC0A000014
:10009400CC0A000000000000CC0A0000CC0A0000DA
:1000A400CC0A0000CC0A0000CC0A0000CC0A0000F4
:1000B4006A060000CC0A0000CC0A0000CC0A00004A
:1000C400CC0A0000CC0A0000CC0A0000CC0A0000D4
:1000D400CC0A0000EE05000028060000CC0A00004F
:1000E400CC0A0000C6050000CC0A0000CC0A0000BF
:1000F400CC0A0000CC0A0000CC0A0000CC0A0000A4
:10010400CC0A0000CC0A000000000000CC0A000069
:10011400CC0A000000000000000000000000000005
:1001240000000000000000000000000000000000CB
:0C013400000000000000000000000000BF
:10014000397101436EC619A0397141536AC866CA34
:1001500062CC5ECE19A0397101535AD056D252D416
:100160004ED64AD826DA22DC06DE3301614082828E
:1001700041114AC026C222C406C68282B24D410144
:10018000024D924C224CB24B4101024B924A224A00
:10019000B2494101024992442244B2404101828065
:1001A0003367B500FD530D8B79E7B7877F7F938762
:1001B000F7F710419441B372F6003363F600BE9234
:1001C000B3E262006395720C6318D6065041D441C5
:1001D000B372F6003363F600BE92B3E26200639638
:1001E000720A631BD60410459445B372F60033635C
:1001F000F600BE92B3E26200639F7208631ED602ED
:100200005045D445B372F6003363F600BE92B3E2B4
:100210006200639872086311D60210499449B37260
:10022000F6003363F600BE92B3E262006391720897
:100230005105D105E30FD6F6131706019397060172
:10024000631CF7001357060193D706013305F740E7
:100250009375F50F91E982804183C1833305F7409F
:100260009375F50F91E182801377F70F93F7F70FEE
:100270003305F7408280102194210505850563131D
:10028000D60075FA3305D640828011059105E31436
:10029000D6FE014582802105A105E31ED6FC01455D
:1002A00082803105B105E318D6FC01458280410505
:1002B000C105E312D6FC014582803D432A87637362
:1002C000C3029377F700BDEFADE5937606FF3D8A55
:1002D000BA960CC34CC30CC74CC74107E36BD7FE9F
:1002E00011E28280B306C3408A0697020000969608
:1002F0006780A6002307B700A306B7002306B70050
:10030000A305B7002305B700A304B7002304B70073
:10031000A303B7002303B700A302B7002302B7006B
:10032000A301B7002301B700A300B7002300B70063
:10033000828093F5F50F93968500D58D93960501F0
:10034000D58D61B793962700970200009696868216
:10035000E78086FA9680C1171D8F3E96E374C3F836
:10036000A5B701A0B707EFBE37E700E093870708FE
:100370003CC701A0EFF2DFDF0545EF00D067C164A5
:10038000EF00C06AEF30D016EF20F033EF20F054CA
:10039000EF3060701387F4FF9306000F130680128E
:1003A00081450145EF30800837D400009386F4FF83
:1003B000930784A561471306F01C8145130540038C
:1003C000EF30405337D900009386F4FF930749A7D5
:1003D000130700021306F01C930580040145EF305B
:1003E0006051B7D700009386F4FF938707A9614750
:1003F0001306F01C9305800613050003EF30804FB1
:10040000716513050520EF2070580965130505581F
:10041000EF207067A284EF108051EF20C06663194F
:100420000518EF10F06783A5C182138581ACEF90AA
:10043000401B19C1EF20704AEF1050724164EF2049
:100440000076EF10C0721307F4FF9306000F130637
:10045000801281450145EF20707D61479306F4FFCE
:100460001306F01C938784A5B14513053002EF30C5
:10047000604803A5418DEF808032B7D700002A88FD
:10048000AE8861479306F4FF1306F01C938787AA92
:100490009305000313053002EF30C04503A5018525
:1004A000EF80E02FB7D70000AE882A88938707AC8B
:1004B00061479306F4FF1306F01C930580041305AF
:1004C0003002EF30204303C8A187B7D7000061474F
:1004D0009306F4FF1306F01C938747AD93050006BF
:1004E00013053002EF30004103D58188A947330559
:1004F000F502EF70001EB7D7000003A687A483A6FD
:10050000C7A4EF60A04DB7D7000003A607A583A638
:1005100047A5EF6040416352050A03A88181B7D720
:100520000000C166938787AE6147FD161306F01C75
:100530009305800713053002EF30C03B83C7518C11
:10054000C1C303A881814164B7D700009306F4FFBB
:10055000938787AF61471306F01C930500091305C5
:100560003002EF3020399306F4FF930749A71307B1
:1005700000021306F01C9305400B2945EF3080372D
:10058000C52EEF206074EF20207BEF30606FEF10FE
:10059000E035EF20C06083A5018903A5C188EF2065
:1005A000806FEF10C05CEF20B017EF20207FD5B731
:1005B00013054006EF30C0758DB503A8418185B79E
:1005C00003A8418149B70945EF10E00419CD37056B
:1005D0000200EF00F004EF00907F0945EF10A00546
:1005E000EF00F07EEF20407561267300203041114E
:1005F00022C6374401409305404213050480EF10A2
:10060000202B8547631EF500238DA184930540426E
:1006100013050480EF10C02913050480EF10202873
:100620003244410173002030411122C6374400405A
:100630009305404213050440EF108027854763125D
:10064000F502238CA18A138581ACEF20D054930549
:10065000404213050440EF10A02513050440EF109D
:10066000002432444101730020303971854537053B
:10067000004022DE26DC4ADA4ED852D656D45AD270
:100680005ED062CE66CC6ACAEF10200D6305052AE3
:10069000138781851E239384D1848507C207C18374
:1006A0001EA303C7D184B7090020631F0710138559
:1006B000D184EF10906337150140A16513050580C3
:1006C000EF00B0029307F5FF93B71700A382F18CF8
:1006D00083C7B18503CCA187A387F184370A0020A3
:1006E0009547AA8B1384B185938AF184130A2A1F34
:1006F0001389C1849384A18463F28707B7D700006C
:1007000083A507A403A50185EF70C0716358050494
:10071000B7D7000083A547A403A5418DEF70807073
:10072000635E050203D58188A9473305F502EF60B2
:10073000507AB7D7000003A687A483A6C7A4EF60AA
:10074000E029B7D7000003A607A583A647A5EF6059
:10075000801D634505008547639DFB10834B0A00A0
:1007600085471CA08547639AFB1003AD418D83AC80
:10077000018503D58188A9473305F502EF607075BF
:10078000B7D7000003A687A483A6C7A4EF600025FF
:10079000B7D7000003A607A583A647A5EF60A0185A
:1007A0000548938761851307803EEA866686E28561
:1007B00013250500EF10107923000A0023007901AA
:1007C0009E2085079EA07DA81307007DB3F7E70252
:1007D000BDE703C8B18503D58188A94723800400FC
:1007E0003305F50242C6EF60D06EB7D7000003A60E
:1007F00087A483A6C7A4EF60601EB7D7000003A636
:1008000007A583A647A5EF600012324883C5A187DC
:1008100003A6018583A6418D132505006308080002
:10082000370700200347071F11E3014893876185BD
:100830001307803EEF1010719C20E38A07E603C780
:10084000818B3E84E30907E61385391FEF101036CC
:100850008147138781AC930600193386E700230094
:1008600006008507E39BD7FE238C018AEF20502DDD
:1008700099B5230004002300FA00034709008547C7
:10088000E300F7F49A209307301F63F5E706930718
:10089000E01F9EA01C20B9EF03AC418D83AB018506
:1008A00003D58188A94703CAA1873305F502EF6004
:1008B0005062B7D7000003A687A483A6C7A4EF6041
:1008C000E011B7D7000003A607A583A647A5EF60F0
:1008D00080050148938761851307803EE2865E8626
:1008E000D28513250500EF10F06523000900239041
:1008F000040021A083470900FDDB9389391F83C7CA
:100900000900B70400209384041FA9CB1C20B1C3A5
:100910009C20B1C3EF20005E182083C70A006387C4
:10092000E7009387E18439C3054798A385453705D8
:100930000040EF0010647254E2545259C259325AC6
:10094000A25A125B825B724CE24C524D21617300E1
:10095000203085479CA0EF20405B7DBFEF20E05A10
:1009600085472380F900238004007DB7094775BFC0
:10097000EFF21F80371402401C403707FF0893E74F
:1009800017001CC05C40F98F5CC01C403707F7FEA5
:100990006D17F98F1CC01C403707FCFF7D17F98FBE
:1009A0001CC05C40370701FF7D17F98F5CC0B7079B
:1009B0009F001CC4BD2DB7270240094798C3374785
:1009C00002408327078093E707012320F7805C40DC
:1009D0003707C1FF7D175CC05C405CC05C4093E79B
:1009E00007405CC05C40F98F5CC05C403707280062
:1009F000D98F5CC01C4037070001D98F1CC0B717C6
:100A00000240984393166700E3DD06FED843B7160D
:100A10000240719BD8C3D84313672700D8C321472E
:100A2000DC42B18BE39EE7FE6FF0CFF6B7160240D3
:100A3000DC421146B18B13874180638FC702214688
:100A40006381C70495EB9C42918B9DC7B7470F000C
:100A5000938707241CC3B7170240DC43918393F6A6
:100A6000F700B707002093870700B69794231C432D
:100A7000B3D7D7001CC38280B7177A0093870720AB
:100A8000D1BFDC42D4424166C983BD8BF18E890758
:100A900045466393C700C94781EEB746024083A627
:100AA0000680C18A89CEB7167A009386062021A8CF
:100AB000B7160240D4421396E600E35606FEB71678
:100AC0003D0093860690B387D70269B701A09701CE
:100AD0000020938121F2174100201301A15217E554
:100AE00000001305E57997F5FF1F9385A55113863F
:100AF000818463FAC5008322050023A055001105F7
:100B00009105E3EAC5FE138581849385C1C56377AA
:100B1000B500232005001105E36DB5FEFD4273907D
:100B200002BC8D4273904280930280087390023021
:100B300097F2FFFF9382424D93E23200739052305E
:100B4000EFF01FE397020000938202837390123448
:100B5000730020305C413707F1E01307F7EF944D45
:100B60007D8F9C41D58FD44DD58FD441A206D58F92
:100B7000D98F5CC11C4537F7F1FF1307D77FD445E8
:100B80007D8F9C49D58F94458606D58FD98F1CC5FE
:100B90005C55370710FF7D177D8FDC29FD1793F714
:100BA000F70FD207D98F5CD582801C4589C593E7A2
:100BB00017001CC58280F99BEDBF1C4589C593E7D2
:100BC00007101CC5828093F7F7EFE5BF1C4593E73C
:100BD00087001CC5828008450D81058982801C45DF
:100BE00093E747001CC582800845098105898280FA
:100BF0001C4591C537075000D98F1CC58280370727
:100C0000B0FF7D17F98FD5BFA54763F7B7048D47B0
:100C1000138765FF3307F7020328C5009D47B39785
:100C2000E70093C7F7FFB3F70701B396E600DD8E41
:100C300054C5994763E3C70495477D163306F6020A
:100C40005859FD47B397C70093C7F7FFF98F3396FD
:100C5000C5005D8E50D982800D473387E502032899
:100C600005019D47B397E70093C7F7FFB3F7070167
:100C7000B396E600DD8E14C96DBFB14763E2C702CB
:100C8000954765163306F6021859FD47B397C70016
:100C900093C7F7FFF98F3396C5005D8E10D9828018
:100CA00095474D163306F6025855FD47B397C700D2
:100CB00093C7F7FFF98FB395C500DD8D4CD58280C2
:100CC0005C4191C537070004D98F5CC1828037072A
:100CD00000FC7D17F98FD5BFB7066745B7270240DF
:100CE000938636123797EFCDD4C31307B79AD8C37C
:100CF000D4D398C7D85B9386470313162700E34BDA
:100D000006FED85713670720D8D7DC5B37070020CB
:100D1000D98F9CC2372702405C5B93962700E3DDA6
:100D200006FE3C4989C593E707043CC9828093F7D6
:100D3000F7FBE5BF4111B777004002C6938707C0B4
:100D40003EC6B2473E952AC6B2478CC34101828057
:100D50001C4161773D0794517D8F9C45D58F944907
:100D6000D58FD449D58F944DD58FD44DD58FD451AF
:100D7000D58F9455D58FD98F1CC1DC455CC19C4162
:100D80001CC5DC415CC582801C4189C593E7170006
:100D90001CC1828041677917F98FDDBF4CC1828009
:100DA000B70702409C437D8D3335A0008280B70792
:100DB0000240C8C382805841032805004C453706CD
:100DC0000140930706403E979346F8FFB1C583253F
:100DD0000640F58D2320B640D043F18ED4C3144392
:100DE000B3E6060114C3184190479346F7FF758E8A
:100DF00090C7D047F18ED4C7144541466399C600C9
:100E00009447D98E94C7D447558FD8C78280B69758
:100E10009443558F98C382801C43F58F1CC38280F6
:100E2000B707014023AAA74082809C4513F707011A
:100E300013F8F70001C7D8413368E8008E2113F793
:100E4000F50F39C318418146854E3D4F930F8002FF
:100E500093028004214E3396DE00B3F8C50063117F
:100E600016039398260033131F011343F3FF3377C0
:100E7000E300B318180133E7E800639FF70550C992
:100E80008506E39AC6FD18C11307F00F6375B70412
:100E900054412146854E3D4F930F800293028004BA
:100EA000414EB398CE0033F715016392E802131751
:100EB000260001173313EF001343F3FFB376D3007B
:100EC0003317E800D98E639DF701232A1501050623
:100ED000E319C6FD54C18280E39457FA10C94DB797
:100EE000E39757FE23281501DDB708456D8D33358F
:100EF000A00082800CC982804CC9828019C20CC9B2
:100F000082804CC98280370700C0B377E5006395C3
:100F1000E708370701405C439356B501584F9D8A57
:100F20009DE6F99BB70600FFFD16758F89C99316DC
:100F30000501C182D58FB706FF01758D498FB706B0
:100F40000007D58FB7060140DCC2D8CE82800546A7
:100F50006396C600F59BB70680FFF9B7094663960E
:100F6000C600ED9BB706E8FFC1B70D466396C60005
:100F7000DD9BB706FCFF4DBF11466397C60093F794
:100F8000F7F3B706C0FF4DB71546E391C6FA93F7DE
:100F9000F7CFB706E0FF49BF370700406391E7028C
:100FA000B7070140D84F4205B367A70089E513454D
:100FB000F5FFB377E500370701405CCF8280A9E3F6
:100FC00037080140B7073000032648001317050112
:100FD000B376F50041836396F602B70600F9FD1675
:100FE000B377D60003264800F18E2322D80091C59E
:100FF000558112053315A700C98F370701405CC31F
:1010000082809317B50063D007029357050193F6CA
:10101000F7008D47B397D70093C7F7FFF18FB70657
:101020000007D58FE9B7935755019207B317F7001B
:10103000E5B7EFF2EF9337F4FF1F0327447237064B
:10104000003E4111931797019346F7FFF18F060772
:1010500037063E00718FD98F37060001139796002F
:10106000718FD98FBD824167F98E02C202C402C658
:10107000D58F23A2F186035784728545239EE18490
:10108000032704721305D00323A4E18603274470C9
:1010900023A0E186035704732396E1865D2E832700
:1010A000447037073A101307077093F7F7F063841B
:1010B000E710636BF7003707321013070770638080
:1010C000E70841016FF00F8D37073B1013070770DA
:1010D000638BE70837073D1013070770E393E7FEBC
:1010E000854521650D3537140140E177930480046F
:1010F0004C00130504807C8226C6053B85679387D8
:1011000087334C00130504C07C8226C6393B9147C7
:101110007C824C0093078002130504C03EC6313325
:10112000F9774C00371501407C8226C6FD398D4782
:101130007C8226C64C0013050440C53959B7E177B7
:101140003715014093C707C0130480044C001305F2
:1011500005C07C8222C6D13989677C8222C64C00B8
:1011600037150140D9BF85452165713B37140140D2
:10117000E177930480044C00130504807C8226C62A
:101180006D31930700214C00130504C07C8226C6F4
:10119000693991477C824C0093078002130504C093
:1011A0003EC66131F9774C00371501407C8226C676
:1011B000AD398947B5BFB7140140E1779387077010
:1011C000130480044C00138504807C8222C6B1394C
:1011D000930790E34C00138504C07C8222C6B13192
:1011E00091477C824C0093078002138504C03EC661
:1011F0002D39F9779DB723A8A186828003A701879F
:10120000854714216310F7021C31639CE7023C21DF
:10121000960793E707F837E700E093F7F70F36975D
:101220002300F740054793D756003317D7005441A2
:1012300089CE938707048A07B7E600E0B69798C37C
:101240008280EDF33C219607F9B793870706B7E64E
:1012500000E08A07B69798C30F10000082803777A6
:1012600000401C4309C593E707101CC3828093F715
:10127000F7EFE5BFB77700409C430547F19BC98F67
:10128000631AE5007D771307F73FF98F05671307AA
:101290000780D98F377700401CC3B7F700E003A75A
:1012A00007D11367470023A8E7D005476391E502FC
:1012B00003A707D15D9B23A8E7D07300501037F731
:1012C00000E0832707D1ED9B2328F7D0828083A6F7
:1012D00007D103A707D193F606021367870223A855
:1012E000E7D003A707D11377F7FD558F23A8E7D0E1
:1012F00003A707D11367870023A8E7D07300501016
:1013000003A707D1136787007DB7B7160240DC42F9
:101310003747FF7F7D17F98F5D8DC8C282803717F1
:1013200002405C5309C593E717005CD38280F99BA8
:10133000EDBF371702401C535D8D08D3828001C971
:10134000371702401C53A166D58F1CD38280B71675
:1013500002409C5261777D17F98F9CD282803717AB
:1013600002405C439146B18B638CD706A146638EE5
:10137000D706BDE71C43918BA5C7B7470F009387DE
:1013800007241CC1371602405C42370700201307B0
:1013900007019183BD8BBA9794231C41B3D7D70023
:1013A0005CC15442A1829D8ABA969422B3D6D700DA
:1013B00014C55442AD829D8A36971423B3D6D70004
:1013C00054C55842634C07005C42B98313F7370099
:1013D00093878180BA979C23B3D7F6021CC9828079
:1013E000B7177A009387072069BF5C435843C166EB
:1013F000C983BD8B758F8907C5466393D700C947DD
:1014000001EF3747024003270780418B09CF371789
:101410007A001307072021A8371702405843931674
:10142000E700E3D606FE37173D0013070790B387A2
:10143000E70281BF99C5371702405C4B5D8D48CBF1
:101440008280B7170240D84B1345F5FF798DC8CB82
:10145000828099C5371702401C4F5D8D08CF82806E
:10146000B7170240984F1345F5FF798D88CF8280DA
:1014700099C5371702405C4F5D8D48CF8280B71702
:101480000240D84F1345F5FF798DC8CF828099C5AA
:10149000371702405C475D8D48C78280B71702400E
:1014A000D8471345F5FF798DC8C7828093575500FB
:1014B00005476399E700B71702409C4333D5A7005F
:1014C0000589828009476396E700B71702409C535D
:1014D000F5B7B7170240DC53D5B7B737004003D78D
:1014E000078089C5598D2390A78082801345F5FF19
:1014F000798DD5BFB737004003D747801367070101
:101500002392E78082803737004083574780C207A5
:10151000C183BD9BC207C1832312F7808280B73687
:10152000004083D7868103D5C68103D78681C20751
:10153000131605014207C1834183418293860680C9
:101540006386E700CA2E4207598D828013950701F2
:10155000518D8280EFE2DFC141112AC6613F3245E1
:10156000B7370040135705014205239CE7804181AE
:10157000239EA780493F41016FE0DFC1EFE25FBFDB
:1015800041112AC6853F3245B73700401357050140
:101590003D8B42052394E78041812396A780A537A0
:1015A00041016FE03FBFEFE2BFBC41112AC699374E
:1015B0003245B73700401357050142052390E782B3
:1015C00041812392A782813741016FE0BFBC373749
:1015D00000408357478093F70702E5DF8280373763
:1015E000004083574780C207C183DD9BC207C18388
:1015F0002312F7803737004083574780A18BEDDFF8
:101600008280B737004003D747801345F5FF798DB7
:101610002392A78082803737004083574780035743
:101620000780C207698FC18309C77D8D3335A0004C
:10163000828001458280EFE2BFB3E1376FE09FB562
:101640001A218D6793870704B6217D8F9E21D58F40
:10165000D621D58FF621D58F9625D58FB625D58F56
:10166000D625D58FF625D58FD98F1EA19E291EA9E7
:1016700082801E2189C593E707041EA18280C207CC
:10168000C18393F7F7FBC207C183C5BF4EA5828014
:101690004A2582800A256D8D3335A00082801E2167
:1016A00037370140130707C0C207C1836300E50253
:1016B00037070040630CE500130707406308E500A7
:1016C00037170040130707806316E500FA2193F7E8
:1016D000F7F8D98F9A2593F7F7CFC207C183D98F2F
:1016E000371700401EA1130707809C416310E502D5
:1016F0005CD5DE211EB5B7370140938707C0631460
:10170000F500BC251EB985475EA98280C207C1834A
:101710005EB5C5B71E2189C593E717001EA182805B
:10172000C207C183F99BC207C183CDBF5E2501C635
:10173000DD8D4EA5828093C5F5FFFD8DDDBF1E2595
:10174000C207C183E19BC207C1831EA5828093C5E6
:10175000F5FFC205C1810EA982801E294A25ED8FA1
:101760004205418189C76D8D3335A00082800145D6
:10177000828093C5F5FFC205C1810EA98280EFE288
:101780003F9F1629F577FD17F58FF621DA25797138
:10179000D58F1EA95625FD779387379FF58FD621C4
:1017A0002A842EC6D58F9625D58FB625D58F5EA5D2
:1017B0005E29C207C18393F7F7CFD98F5EA9680866
:1017C000793EB747014093870780B245631AF40416
:1017D000A25756246547B387E702C206C1869841DF
:1017E00063D20604060752244206B3D7E702130762
:1017F00040064186B3D6E702B3F7E7029206635587
:1018000006028E0793872703B3D7E70213F7770003
:10181000B367D700C207C1831EA445616FE09F97DD
:10182000925745BF0A07C1B7920793872703B3D7DB
:10183000E702BD8BD58FF9BF91C55E250967D98FAA
:101840005EA582805A25F977FD17F98FD5BF13F76A
:10185000F50F85471583B395B7006319F700930714
:10186000C500984301CED98D8CC3828089469307E9
:101870004501E318D7FE93070501E5B793C5F5FFCA
:10188000F98DDDB75E2901C6DD8D4EA9828093C535
:10189000F5FFFD8DDDBF93F5F51F4EA182804A2136
:1018A0001375F51F82800A216D8D3335A00082806B
:1018B00013F7F50F85461583B397B6006311D7026A
:1018C0005A25F98F1A2101454207418381CB0545ED
:1018D000A181B315B5006D8F3335E0008280894654
:1018E0006314D7001A29F1BF5A29E1BFEFE25F88DC
:1018F000411185452145B13EC1473EC68D6737142C
:101900000140938707C07C824C008947130504C0BF
:101910003EC423130100EFF04FD18D65938505C0C0
:10192000130504C0EFF04FDD41016FE0BF86EFE229
:101930003F841D7185451145293E85452145113E50
:10194000371401408547130504802C007C8423153F
:101950000100231601002317010023180100231999
:101960000100EFF08FCC8944130504802C006484BF
:1019700002C8EFF08FCB130504C02C00648402C8AA
:10198000EFF0AFCAC1473EC8A147130504C07C842D
:101990002C0089473EC6EFF04FC98545130500204E
:1019A000EFF03FAB85450545EFF0DFA83165372403
:1019B0000140EFF09F959D46054681451305044083
:1019C000EFF08FA49D460946854513050440EFF0CE
:1019D000AFA39D460D46A54513050440EFF0CFA2E9
:1019E00037070E0085473AD04C080D4713050440D1
:1019F0002304E1023ECC3ED802CE02CA02D202D675
:101A0000EFF04F959307C4443EDA93070010BEC62B
:101A1000938741873EDC93070040BEC893070008C8
:101A2000B7040240BEC48D4713858400BEC04C1865
:101A30008967BECC82C202DE82CA82CEEFF04FB18D
:101A4000138584008545EFF02FB4854513050440C8
:101A5000EFF0AF96854513050440EFF00F958545EF
:101A600013050440EFF04FA7814513050440EFF044
:101A70002FA513050440EFF06F951309044085442A
:101A80004A85EFF04F95E30D95FE1305044037248A
:101A90000140EFF0CF941304044085442285EFF019
:101AA000AF94E30D95FE25616FE0CFEEEFE24FECD2
:101AB00037040240814513058400EFF0EFAC8D45FB
:101AC00013058400EFF08FAD854513058400EFF01A
:101AD000AFAB37250140854513050540EFF04F9129
:101AE0000945EFF0EFAB6DDD0945EFF04FAC6FE06E
:101AF0006FEAEFE24FE683D9C1872A891384C18751
:101B0000B307354193D6F741B58F958FC207C1878B
:101B1000954663C9F604B7D7000083A4C7B023A6CF
:101B20009180B7D7000003A507B1A685EF60E069F3
:101B30002A8A4E85EF60702DAA855285EF60A03FFE
:101B4000AA894A85EF60702CA685EF60C03EAA8501
:101B50004E85EF50B045EF60F025420541810AA067
:101B60006FE0AFE2B7D7000083A487B04DBFEFE2CC
:101B70008FDE83C6018105479389C18E1389418712
:101B8000938401886395E602138A01811384C18ED0
:101B9000938A4901213F035709009C400904231FF0
:101BA000E4FEBA979CC0E3978AFE23000A00FD3D3D
:101BB000035549003D3F2394A18803552900153F53
:101BC0001386B1871822239FA1861315170083550A
:101BD00009009C40AA9903D50900AE972390B9004B
:101BE0000507A945898F3367B7029CC037150140A7
:101BF0009384E187130505C0B3D7B70218A23A84CE
:101C0000A1452394F184B707002003C6171F854719
:101C10006319F606EFF04FAE8A20B7D40000EF60EC
:101C2000D01E83A544B1EF50106FB7D7000083A535
:101C300087B1EF60403023A8A18403D58184138449
:101C4000A187EF60F028B7D7000083A5C7B1EF6088
:101C5000802E83A544B1EF50106CAA85EF5010354B
:101C600023A2A188B7D7000003A907B2AA84CA8516
:101C7000EF60401B635AA000930740061CA06FE072
:101C8000CFD0EFF02FA749BFB7D7000083A547B249
:101C90002685EF60201963450504A6854A85EF6017
:101CA000C052EF60D02FB7D9000003A609B483A6B5
:101CB00049B4EF20C017B7D7000003A687B483A6A6
:101CC000C7B4EF40B051B7D700002A86AE8603A54F
:101CD00007B583A547B5EF50E01BEF50D01999A089
:101CE000B7D7000003A987B22685CA85EF608013A5
:101CF000634C0502CA852685EF60204DB7D70000EA
:101D000083A5C7B2EF602023B7D7000083A507B330
:101D1000EF507060B7D7000083A547B3EF5010298C
:101D2000EF60500908A0A1BFB7D7000003A987B38F
:101D30002685CA85EF60000F634B0502CA8526859C
:101D4000EF60A048B7D7000083A5C7B3EF50B05CE1
:101D5000EF60F0242A86AE86EF405048B7D70000E7
:101D600003A687B583A6C7B5EF405047BDB723008C
:101D7000040031B7EFE2CFBC01112ACA2ECC368560
:101D8000BA853E8D32CEB68C3A8CEF60C01AEA85A9
:101D9000EF60601A93050000EF6000036302054ADC
:101DA000E6856685EF602019AA8DE2856285EF6081
:101DB0008018AA856E85EF50701FAA8DEA856A8506
:101DC000EF606017AA856E85EF50501E9384C18125
:101DD0001384C18A1389418A9389818AEF60301CF8
:101DE00083AB0400032B090083AA0900032A040023
:101DF000EF204036EF607025AA8DAA856685EF50EA
:101E00009051AA8CEE856285EF50F0502A8CEE85B9
:101E10006A85EF505050AA8DD2855A85EF60A01187
:101E20002A8DD6855E85EF600011AA856A85EF60F0
:101E3000C039AA85EF509017DA852AC45E85EF6015
:101E4000800F2A8DD2855685EF60E00EAA856A85BF
:101E5000EF50D015AA85EF5070152A8DDE855E856E
:101E6000EF60600DAA8BDA855A85EF60C00CAA85F9
:101E70005E85EF6080352A8BD6855685EF60A00B96
:101E8000AA855A85EF606034AA8AD2855285EF60B0
:101E9000800AAA855685EF507011AA8AAA856285A4
:101EA000EF6060092A8AEA856E85EF60C008AA851E
:101EB0005285EF608031A2452A8A6E85EF60A007C7
:101EC0002A8BD6856685EF600007AA855A85EF6064
:101ED000C02FAA8AEA856685EF60E005A2452A8BB5
:101EE0006285EF604005AA855A85EF60002E2A8B37
:101EF000930500005285EF600004938B818983A5D0
:101F00000B0037DC0000EF50700AAA8D23A0AB0055
:101F1000930500005685EF600002938BC18983A56D
:101F20000B00EF50B008AA8C23A0AB009305000073
:101F30005A85EF604000938B018A83A50B00EF5018
:101F4000F00683250CB72A8D23A0AB005285EF50F5
:101F5000907ED245EF509005AA856E85EF50100512
:101F600083250CB7AA8B5685EF50F07CE245EF50E5
:101F7000F003AA856685EF50700383250CB7AA8C01
:101F80005A85EF50507B7246B285EF503002AA85D9
:101F90006A85EF50B001032D09002A8A03AC0900BD
:101FA00037050080DE853345A501EF50D078AA8A39
:101FB000E2856685032B0400EF50F077AA855685ED
:101FC000EF60A020AA8ADA855285EF50D076AA85E4
:101FD0005685EF60801FB7DA000083A54AB783AD4E
:101FE0000400EF505075EE85EF50407C88C0EE85C0
:101FF0002ACC5E85EF503074E2852AC45285EF50BA
:102000009073A247AA853E85EF50407ADA852AC4AC
:102010006685EF505072A247AA853E85EF60E01AB0
:1020200083A54AB7EF503071EA85EF50207823201E
:10203000A900EE852ACA6685EF50F06FEA852AC4AA
:102040005285EF50506FA247AA853E85EF60E0179A
:10205000DA852AC45E85EF50106EA247AA853E85B8
:10206000EF50C07483A54AB7EF50F06CE285EF5093
:10207000E07323A0A900EE852AC45285EF50B06B0F
:10208000EA85AA8D6685EF50106BAA856E85EF50A4
:10209000E071AA8CE2855E85EF50F069AA856685BD
:1020A000EF60A01283A54AB7EF50F068DA85EF50D1
:1020B000E06FE2462A8B08C0B6853685EF50B067E0
:1020C0005247AA8BBA853A85EF50F066AA855E859D
:1020D000EF50C06DA247AA8BBE853E85EF50B0651C
:1020E000AA855E85EF50806CAA8BDA855A85EF5001
:1020F0009064AA855E85EF50606BEF60406AEF20C8
:102100006005EF6080742A8BAA858840EF50B0206C
:102110002A8C88C003250900DA85EF50D01F2320C0
:10212000A9002A8D03A50900DA85EF50D01E23A04F
:10213000A900AA8B0840DA85EF50F01D83A54AB7A5
:1021400008C0AA8C5285EF50105FAA85EF50006638
:10215000B7D7000083A587B7138B4189EF50B05DD7
:1021600083250B00EF5080642320AB0037DB000099
:102170008325CBB76A85EF50105CE685EF50B05BE6
:102180002A8AE2856285EF506062DE85EF50B05AA0
:10219000AA855285EF508061EF606060EF10103DBE
:1021A00037DA000003260AB883264AB8EF40100346
:1021B000EF60A06983A9090023A8A188CE854E8578
:1021C000EF50C05E032909008325CBB7AA8A4A8550
:1021D000EF507056CA85EF5010562A8BD6854E8523
:1021E000EF507055AA855A85EF50307EB7D7000062
:1021F00083A507B1EF50805BEF60605A2EC68C401C
:102200002AC42E85EF50805ACA85EF50D0520C4018
:10221000AA845685EF503052AA852685EF50005982
:10222000EF60E0572246B246EF10304003260AB86E
:1022300083264AB8EF40807AEF60206123A6A18808
:1022400005616FD0BFF3EFD21FF12E84328A368939
:10225000EF10801803C7818B85479384818B6318A7
:10226000F700D285138581ACEF70A03701CD4A8588
:10227000EF10102A23800400EF10800C333580000B
:102280006FD0BFF00545EF10B0289C2089C7238090
:102290000400EF10E00A61DC7D1442044180D1B7F4
:1022A000EFD21FED1945EF60207993844182904071
:1022B000056423A8A18C37D50000930584389306C4
:1022C000401F130505BC4137904037D500009305EA
:1022D00084389306401F130585BCB537904037D529
:1022E0000000930584389306401F130545BDA13FA8
:1022F000904037D50000930584389306803E13053F
:1023000005BE9137904037D5000093058438930679
:10231000803E130505BF053F904037D5000093056B
:1023200084389306803E1305C5BF313F03A6018361
:1023300037D50000930584389306803E130585C188
:10234000193703A6C18237D500009306803E930556
:102350008438130585C4C53D6FD0DFE3EFD25FE15C
:10236000138441821040856437D5000093858438FA
:102370009306C05D130545DBEFF0FFEC104037D549
:102380000000938584389306C05D130545DDEFF0AA
:102390009FEB104037D500009306C05D93858438CD
:1023A000130505E0EFF03FEA6FD0DFDEEFD25FDC30
:1023B0002A84B7D50000938505C9138581ACEF70D9
:1023C00040221DC9B7D500009385C5CBAA84EF7004
:1023D000402111C585471CA01545EF107013B7D5D6
:1023E0000000938545CC2685EF70A01F11C5230002
:1023F00004001545EF10D0116FD0DFD9B5658146C7
:1024000011431386C192938585B813850190138873
:10241000C18B1387C1909388418C194E9387F6FF27
:1024200093F7F70F636BF3028A07AE979C4382879B
:102430008507E20723800E00E187B30EF600038FC5
:102440000E00E3170FFE9387160093F7F70F93968E
:102450008701E186E394C7FD82808147F9BF850744
:10246000E20723800E00E187B38EF800038F0E0091
:10247000E3170FFEC9BF8147C5BF8507E207238069
:102480000E00E187B30EF700038F0E00E3170FFE77
:102490005DBF8147C5BF8507E207A3870E00E187BF
:1024A000B30EF700038FFE00E3170FFE69BF8147ED
:1024B000C5BF8507E20723800E00E187B30EF80051
:1024C000038F0E00E3170FFEBDBF8147C5BF850711
:1024D000E20723800E00E187B30EF500038F0E00A4
:1024E000E3170FFE8DB78147C5BF9387818B982374
:1024F000630F070EEFD2DFC7411123800700AA84C4
:10250000EF001064370500201305351FEFF01FEAB8
:10251000B7D500009385C5C7138581ACEF70600CFB
:102520002AC639C1EFF09FED3245B5688147814534
:10253000A942930FC002A1439388C8B913830190A5
:10254000138EC18B1388C190938E418C138FC192CF
:1025500083060500639956028387418C9306100415
:102560006390D70885479CA08147138781AC930669
:1025700040063386E700230006008507E39BD7FE6D
:1025800041016FD03FC16396F601850593F5F50FC4
:102590008147050583060500E38CF6FB1387F5FFED
:1025A0001377F70FE3E6E3FA0A0746971843028723
:1025B0003307FF0014A3850793F7F70F51BF338745
:1025C000FE00CDBF3307F800F5B73306F80074B648
:1025D000DDB73306FE0014A2F9BF3306F300E5BFF2
:1025E00093066005E392D7F823800400B5BF82808C
:1025F000EFD29FB513850190EF60004323A8A18A15
:102600001385C192EF604042D1679387078837B73F
:102610000300AA971307F7971384018B9385C18C46
:10262000636BF7109CC1144003A6018D930740060D
:1026300033F7F6029384C1901385C1901384818C83
:1026400037D9000018A233D7F6023377F70218B251
:10265000096713070771B3D6E602B3F6F60234A290
:10266000944133D7E6023377F70238B233D7F60214
:102670003377F702B3F7F60258A25CB2EF60603A24
:10268000EF60A01C08C01385F400EF6080392A8A2F
:10269000AE8A0840832589B1EF50E047AA84EF5005
:1026A0007071AA89EF60C002AA852685EF50F031CB
:1026B000EF60E00EB7D4000003A684C883A6C4C8A8
:1026C000EF30B0392A8B4E85AE8BEF50A0072A86AB
:1026D000AE865A85DE85EF304045EF60001708C0B2
:1026E000D6855285EF606016832589B1EF50A042F0
:1026F0002A89EF50306C2A8AEF50907DAA854A854E
:10270000EF50B02CEF60A00903A684C883A6C4C80C
:10271000EF30B0342A895285AE89EF50A0022A8664
:10272000AE864A85CE85EF304040EF60001223AA86
:10273000A18A6FD0FFA4B797FDFF938707F03E955E
:1027400088C1D5B5EFD2DF9F5D71B2C2B6C042DE9F
:10275000AAC6AEC43A84BE89238C018AEF00503EDB
:10276000EFF01FE983A7018D9384818B983303C910
:10277000070003CA270083CA370003CD470083CD73
:10278000570003A5818C3ADC1309097DEF60200115
:102790002A8B03A5418BAE8BEF60600083C7518C01
:1027A0002A8CAE8C725886461646A6483643D1C748
:1027B00083A781826306030803A781823685BAC096
:1027C0003EDE42D646D4B2C2EF50707D16462AD0C5
:1027D0002ED23285EF50B07C0647F25762562ACC93
:1027E00037D500002ECE3ACA3EC85687D286CA8553
:1027F00062C466C65AC05EC26E88EA871305C5CC3D
:10280000EF00103FB7DA00004A8A93858AD9138512
:1028100081ACEF60105D05C9B7D50000938545DA3E
:10282000138581ACEF60F05B814719E1B33780001D
:102830002380F90061616FD07F9483A701829DBFDF
:1028400003A70182A5BF0545EF10804C9C2089C7D6
:1028500023800400EF00D02E61D07D14420441801B
:102860006DB7EFD2FF902A84B304B50063149400CF
:102870006FD05F9208200504EF00E060A30FA4FE74
:10288000F5B7EFD2FF8E0111C887A30F0100EF004B
:10289000805C9C871305F100854593E707F8DC878A
:1028A000EFF03FFC1305F1018545EFF09FFBEF00D2
:1028B000005C0345F10105616FD0DF8DEFD25F8BC6
:1028C0004111C8874C87EF0000591305F100854579
:1028D000EFF03FF91305E1008545EFF09FF8EF00B9
:1028E0000059014541016FD0FF8AEFD27F88411125
:1028F000136505F82E8432C4C887B12B1305F10087
:102900008545EFF01FF6224622859375F60FEFF00E
:102910005FF5B12B41016FD0FF87EFD27F851305A3
:102920005007EFF01FF681452A8413056007EFF08A
:10293000FFF885454545EFF07FF813054006EF1099
:10294000203D1945EF60400F23ACA18C1945EF6085
:10295000A00E23AEA18C930770047D556313F4126F
:10296000854513056007EFF07FF589451305A0073E
:10297000EFF0DFF4814513056007EFF03FF49305B6
:1029800000045945EFF09FF313055006EFF07FEF79
:102990002A84814513055006EFF05FF28145130547
:1029A0000006EFF0BFF1894513051006EFF01FF1A7
:1029B000A28513055006EFF07FF09305300613054E
:1029C000F005EFF0BFEF814513056007EFF01FEF53
:1029D000930560035145EFF07FEE814513056007D5
:1029E000EFF0DFED13055006EFF0BFE9936545000A
:1029F00093F5F50F13055006EFF05FEC37D70000A5
:102A0000032707E881451305600723AAE182EFF059
:102A1000FFEA13050005EFF0DFE69365950293F5F5
:102A2000F50F13050005EFF07FE937D70000032706
:102A300007EA81451305600723ACE182EFF01FE848
:102A40001305F004EFF0FFE39365950293F5F50F9E
:102A50001305F004EFF09FE6814513056007EFF0E2
:102A6000FFE51305E004EFF0DFE19375F50D93E565
:102A7000F5001305E004EFF07FE40545EF10402971
:102A800001456FD02FF1EFD2AFEE25261545EF109F
:102A90002028EFF09FE86FD0EFEFEFD26FED4111FC
:102AA00031462A84AE847D454C0002C202C402C66F
:102AB000EFF0BFE31C829882A207D98F1EA01C836F
:102AC0009883A207D98F3EA01C849884A207D98F2F
:102AD0005EA01C859885A207D98F9EA01C8698862B
:102AE00003150400A207D98FBEA01C879887A207F0
:102AF000D98FDEA003A94183EF503031CA85EF5052
:102B00008043EF5010250AA003152400EF50F02F4A
:102B1000CA85EF504042EF50D0232AA0031544004D
:102B2000EF50B02ECA85EF500041EF5090224AA0DE
:102B30000395040003A98183EF50302DCA85EF501F
:102B4000803FEF5010218AA003952400EF50F02B16
:102B5000CA85EF50403EEF50D01FAAA00395440015
:102B6000EF50B02ACA85EF50003DEF50901E1E2056
:102B7000CAA0B307F0401EA03E20B307F0403EA01D
:102B80005E20B307F0405EA09E20B307F0409EA0F9
:102B9000BE20B307F040BEA041016FD0AFDFEFD23F
:102BA0008FDB9384C18D1384818D8C40084041114B
:102BB000EFF0BFEE0329040083A90400B7D400009E
:102BC0000315490037D40000EF50302483A584E674
:102BD000EF5060368325C4E6EF50E0352AC6031572
:102BE0002900EF50902283A584E6EF50C03483255E
:102BF000C4E6EF5040342AC40315090037D9000059
:102C0000EF50B02083A584E6B7D40000EF50A03287
:102C10008325C4E637D40000EF50E0312AC2039583
:102C20004900EF50901E832509E7EF50C03083A57F
:102C300084B7EF40506E832544E7EF50C02F2AC081
:102C400003952900EF50701C832509E7EF50A02E53
:102C500083A584B7EF40306C832544E7EF50A02D67
:102C60002A8A03950900EF50501A832509E7EF508F
:102C7000802C83A584B7EF40106A832544E7EF508A
:102C8000802BB247224792460246D285EFF08F8EC4
:102C900041016FD08FCFEFD2AFCDAE84AA85EF5078
:102CA00080292A84A6852685EF50E028AA852285DA
:102CB000EF40D02FEF50B02EEF10C049EF50F0385A
:102CC00023AAA18C6FD00FCDEFD28FCA85453705CF
:102CD0000010EFE0EFF9854537050008EFE04FF908
:102CE0000545EFE0CFD70545EFE06FE30544130559
:102CF0001006EFE0AFFBE31C85FE13050020EFE0BC
:102D00004FE30545EFE0AFE3EFE07F8DEFE03F8C71
:102D100025651305F546EFE07F86EFE05F8B014503
:102D2000EFE05F83EFE0BF8AA9659385555A1145AF
:102D3000EFE04F806FD00FC6EFD28FC30111EFE0ED
:102D40001F89EFE0CFFD239AA184EFE05F8803D5D0
:102D50004185510542054181239AA184EFE0BF845A
:102D6000EFE0FF8685450945EFE02FF7EFE03F866E
:102D7000B707020005443EC80808A1473ECC22CE52
:102D800002CAEFE04F839307900328007C844085BC
:102D900022C6EFE0AFC605616FD0CFBFEFD24FBD07
:102DA0000945EFE01F8685450145EFE0AFCC6FD0C8
:102DB0006FBEEFD2EFBB0565011185451105EFE050
:102DC0004FE937140140C1478D448A8513050480BB
:102DD0003EC47C8026C2EFE04F85E1473EC48A8531
:102DE0009307000A130504807C8026C2EFE0EF837E
:102DF000930780043EC48A8593070004130504806A
:102E00007C8026C2EFE06F8285450565EFE02FE804
:102E100081450565EFE0AFE7B70704013EC6B70798
:102E200000023ECA930780033ECC6C009D473735B5
:102E30000140FC8602C8EFE0BF8085453735014080
:102E4000EFE03F830546C14513050480EFE00F8B9B
:102E500005616FD02FB4EFD2AFB1371501400146F5
:102E6000C14513050580EFE06F896FD0AFB2EFD297
:102E70002FB0371501400546C14513050580EFE029
:102E8000EF876FD02FB1EFD2AFAE2A84854489454A
:102E900037350140EFE01F80E31B95FEA2853735F3
:102EA0000140EFE0AFFE854537350140EFE08FFE92
:102EB0008547E31AF5FE37350140EFE06FFD1375E6
:102EC000F50F6FD02FADEFD2AFAA41118545214547
:102ED000EFE02FD8C1473EC63715014085677C8299
:102EE0004C008D47130505C03EC4EFD01FF44101CF
:102EF0006FD04FAAEFD2CFA73715014085651305D4
:102F000005C0EFD03FFF6FD0EFA8EFD26FA6371507
:102F100001408565130505C0EFD01FFE6FD08FA758
:102F2000EFD20FA583A4418D011137D4000026856F
:102F3000EF50F0062ECE832504B72ACC2685EF402D
:102F4000D076E1473EC06246F246635E0512C16438
:102F50001308F01C89470547930500031305000972
:102F60009388F4FFEF0060660148E1471387F4FFA0
:102F70009306F01C13060002930500031305000CD2
:102F8000FD2983A401852685EF5070012ECE83256F
:102F900004B72ACC2685EF405071E1473EC041641A
:102FA0006246F2469308F4FF1308F01C8947635801
:102FB000050E0547930580041305800A392501484D
:102FC000E1471307F4FF9306F01C13065002930524
:102FD00080041305800D65210148E1471307F4FFC4
:102FE0009306F01C13060002930580041305400E9F
:102FF000792103D58188A9473305F502EF40606D3B
:10300000B7D7000003A687A483A6C7A4EF30101D7E
:10301000B7D7000083A647A503A607A5EF30B010D9
:103020004167E1477D179306F01C6359050837D6C1
:103030000000130646EA930580071305300BEF00E6
:10304000C06F83C7518CC1C3416737D60000E147C9
:103050007D179306F01C130646EA93050009130535
:10306000700AEF00806D03C6A187C1676148FD1734
:103070001307F01C8D46930500061305B00CDD21E7
:1030800005616FD02F91C168FD181308F01C8947A6
:1030900009479305000313050009052BDDB5094712
:1030A000930580041305800A0D230148E1471307A7
:1030B000F4FF9306F01C130650023DB737D600000C
:1030C000130606B68DBF416737D60000E1477D176E
:1030D0009306F01C130606B649B7EFD26F89371472
:1030E000014005468565130504C0EFD03FE1130597
:1030F0006009EF00F04101468565130504C0EFD07B
:10310000FFDF13052003EF00B0400546856513057A
:1031100004C0EFD0BFDE13054006EF00703F01464C
:103120008565130504C0EFD07FDD6FD0AF86EFD289
:103130002F84411185451145EFE0AFB137140140AF
:10314000930780043EC68D44930700404C0013054E
:1031500004807C8226C4EFD05FCDE1473EC64C00A0
:1031600093070020130504807C8226C4EFD0FFCB98
:1031700091473EC6E1777C824C0089471305048065
:103180003EC4EFD09FCA41016FD0CF80EFC25FFE37
:103190005D712A84EFF0BFF985451165EFE06FABF3
:1031A00085450545EFE00FA922CA37440140B7071E
:1031B0000C004C08130504803ECE02CC2310010203
:1031C000EFE0EFDB930744803ED2938781933ED4B8
:1031D000930700083EDCB7040240930700193ED86D
:1031E0004C108D6713858405BEC402DE82C002DAEE
:1031F00002D682C682C2EFD0BFB5054693054042D3
:1032000013050480EFE0AFE485471307500368001F
:103210003EC878865C87EFD07FFE054613050480A4
:1032200093050004EFE00FE6130504808545EFE009
:10323000AFE0854513858405EFD01FB561616FC090
:103240007FF5EFC2FFF2411185451145EFE06FA018
:1032500037140140930780043EC68D44A1474C00BB
:10326000130504807C8226C4EFD03FBCE1473EC6F4
:103270004C009147130504807C8226C4EFD0FFBA2E
:1032800041016FC03FF1EFC2BFEE5D712A84EFF0E4
:103290005FFB854537050200EFE08F9D85450545BD
:1032A000EFE04F9922CA37440040B7070C004C08A2
:1032B000130504403ECE02CC23100102EFE02FCCD8
:1032C000930744403ED2938781AC3ED493070008D5
:1032D0003EDCB7040240930700193ED84C108D67BE
:1032E0001385C406BEC402DE82C002DA02D682C6DC
:1032F00082C2EFD0FFA50546930540421305044066
:10330000EFE0EFD485473EC86800930760037C86F2
:1033100023070100EFD09FEE0546130504409305F7
:103320000004EFE02FD6130504408545EFE0CFD031
:1033300085451385C406EFD03FA561616FC09FE549
:10334000EFC21FE3370402401305C4068145EFD0E6
:10335000BFA31305C40693050019EFD03FA485450C
:103360001305C406EFD05FA26FC0DFE2EFC25FE0DB
:10337000931505013744014013050480C181EFE036
:103380008FD113040480930500082285EFE0AFD1AC
:103390007DD96FC03FE0EFC2BFDD2A840305040082
:1033A00019E16FC03FDFEFF07FFC0504C5BFEFC23E
:1033B0003FDC931505013744004013050440C181EB
:1033C000EFE06FCD13040440930500082285EFE081
:1033D0008FCD7DD96FC01FDCEFC29FD92A84030532
:1033E000040019E16FC01FDBEFF07FFC0504C5BFCF
:1033F0004571232AB11A232CC11AAA85501B08082B
:103400002326111A232ED11A2320E11C2322F11C7A
:103410002324011D2326111D32C6EF7080050808E4
:10342000EFF09FFB8320C11A79618280EFC2BFD287
:10343000B28936897D16FD16C2064206C1824182D6
:103440002A8A2E84BA8AED2B636F24016FC0FFD3C2
:1034500085045685C2045D23C180E3EB34FF050477
:1034600042044180D5B7D284CDBFEFC27FD0328431
:10347000AE862A86F123228551236FC0BFD1EFC2C9
:103480003FCC41113AC413D717003E8AB68B9396AE
:1034900007019377770042C6B337F00013584A000C
:1034A000C182C297B387F60201161374F60F130692
:1034B000F5FF3A9642064182AA89AE8462043EC074
:1034C0009387F5FFBE96C206C1829D2B61841306C9
:1034D0000003B307C402356BCE8C01490144130BC2
:1034E000CBEA314C214D3EC282471317090141837B
:1034F0006365F70041016FC07FC8E147E31CFAFE36
:103500009247814A3307F9005A97834D0700B24723
:1035100033D75D41058B89EF5E8511E322450504B4
:10352000F1291374F40F337784030DEB01442DA0BC
:1035300011C75E86A6856685EFF03FF393871C0072
:10354000939C070193DC0C0133873C41631887018E
:103550008504C204C180CE8C050979B7850AE39839
:10356000AAFBDDBFEFC25FBEFD16AA842E8BB28B15
:103570003A8CBE8CC289935A180013F4F60F1309C3
:10358000F00F294A631424016FC09FBFA28705462C
:10359000FD1793F7F70F6397270333D6CB022685E2
:1035A000D6940148CE876687E286DA85C2047D1408
:1035B000C1801374F40F3376460313060603EFF04D
:1035C0001FECC9B733064603E1B7EFC27FB78349A3
:1035D0000104AA842E8B3285B685B68A3A893E8C40
:1035E000328AC28BC68CEF40000913D41900AA8D11
:1035F000E287054D1307F00FA946FD1793F7F70F64
:103600006396E70813960D014E88E6875E87CA86A3
:10361000DA85268541824204EFF0DFF441803305EC
:1036200024030509CE8766870148DE861306E0027B
:10363000DA8526954205418133042403EFF03FE407
:103640006E85EF4020102A86AE865285D685EF30F3
:1036500070042A8A6A85AE8AEF40C00E2A86AE863A
:103660005285D685EF308037EF40E0002694131660
:103670000501131504014E88E6875E87E2864182C4
:10368000DA854181EFF01FEE6FC05FAF330DDD02D1
:10369000ADB7EFC2FFAA13543600137A760041117A
:1036A0002A8CAE84BA8CBE8D1374F40F814B6306E2
:1036B0000A0005041374F40F854BA6969397060130
:1036C000C1833EC4130DF4FFA247639097064101E6
:1036D0006FC0DFAA83C7090033852A014205B3D72B
:1036E0002741858B42C64181668691E36E86A68519
:1036F000EFF0BFD7324805091379F90F63860B0045
:10370000B33749016304AB0193378900E1F78509B9
:10371000050B9377FB0F63FD8700931A3B00E29A3A
:10372000C20A93DA0A010149D1BFC289014BD5B758
:103730008504C2042298C18041BFEFC27FA0396ACC
:10374000B96ABE8913DD170001112A8BAE8B32894D
:10375000368CBA8C01448147130ACA07938A4A639C
:103760003307F9000306070001E605616FC01FA1DA
:1037700093841700C204C1806345060233056401C7
:1037800042050148CE876687E286DE854181230CAB
:10379000C100A30C01006A94EFF07FCE4204418087
:1037A0002DA8330799009376060E9305000C0307A6
:1037B00007006396B602230CC10045DB890793948A
:1037C0000701C180A30CE100230D0100E147638BD9
:1037D000F90C93070002638DF910A68751B7937611
:1037E000060F9305000E6398B602230CC10035DF67
:1037F000A30CE10013872700420741834A97030780
:10380000070025D78D0793940701C180230DE100A0
:10381000A30D010065BF9376860F9305000FE39E0D
:10382000B6FA230CC10031D3A30CE10013872700A3
:10383000420741834A970307070005DB230DE10098
:1038400013873700420741834A970307070011DFB8
:10385000910793940701C180A30DE100230E01009D
:10386000B5B72C0842C6EFC0BF93324809CD850DCD
:10387000C20D93DD0D011307D0043388ED0233052B
:103880000A011C21F9FF330564011508420552980D
:10389000E6876287E1466146DE854181EFF07FDFA2
:1038A0006104EDBD814DC1BF2C0842C6EFC05F8FE2
:1038B000324809CD850DC20D93DD0D011307500867
:1038C0003388ED0233850A011C21F9FF33056401B9
:1038D000150842055698E68762879306000213068C
:1038E0000002DE854181EFF0DFDA130404027DB5CA
:1038F000814DE9B7297123248112232291122320BB
:1039000021132A84AE843289BE85301A08102326FA
:10391000111236C63AC4232C0113232E111332CEB2
:10392000EF6030352247B246939504011315040128
:10393000BA8710103687C181CA864181EFF0FFDF58
:103940008320C1120324811283244112032901120E
:1039500031618280EFC2DF81411185452145EFD081
:103960005FAF9307003F371401407C82C1473EC6DA
:103970004C008D47130504C03EC4EFD00FCB930518
:10398000003F130504C0EFD0EFD641016FC09F8008
:10399000EFC26FFCAA843715014093050020130580
:1039A00005C0B7190140EFD02FD52144138909C0B4
:1039B000930500104A85EFD02FD493978401E187B7
:1039C000930500084A8563D80702EFD0AFD27D1473
:1039D000930500104A8586041374F40FEFD08FD13D
:1039E00093F4F40F71F493050020138509C0EFD010
:1039F0006FD06FC08FF9EFD02FD0D1BFEFC24FF78C
:103A00002A842181EFF0DFF81375F40FEFF05FF8EF
:103A10006FC04FF8EFC2CFF537140140AA84930569
:103A20000004130504C0EFD02FCD2685EFF05FF61C
:103A300093050004130504C0EFD0CFCB6FC08FF502
:103A4000EFC20FF341112A841305A00236C22EC61D
:103A500032C4EFF03FFC1305C40042054181EFF092
:103A6000FFF922463106131506014181EFF01FF9D7
:103A70001305B002EFF01FFAB2452E85EFF01FF8E4
:103A800092463685EFF09FF71305C002EFF09FF8DE
:103A900041016FC02FF0EFC2AFEDEFF0BFEB371475
:103AA000014093050002130504C0EFD0EFC41305D5
:103AB0004006B92C93050002130504C0EFD08FC354
:103AC00013054006B124C145130504C0EFD0CFC291
:103AD00013054006352C4545EFF0DFF3130580074D
:103AE000052C13056003EFF0FFF21305000AEFF059
:103AF0003FEA1305A003EFF0FFF11545EFF05FE992
:103B00001305200BEFF01FF13145EFF07FE8314551
:103B1000EFF01FE80145EFF0BFE713053003EFF0CA
:103B20003FE713053003EFF0BFE61305700BEFF02E
:103B30007FEE13055003EFF0BFE51305B00BEFF078
:103B40007FED13052003EFF0BFE41305200CEFF029
:103B50007FEC0545EFF0DFE31305300CEFF09FEB52
:103B60005545EFF0FFE21305400CEFF0BFEA1305F7
:103B70000002EFF0FFE11305600CEFF0BFE93D45F7
:103B8000EFF01FE11305000DEFF0DFE81305400A29
:103B9000EFF01FE01305100AEFF09FDF1305000E92
:103BA000EFF05FE71305000DEFF09FDE2145EFF02A
:103BB0003FDE3945EFF0DFDD2545EFF07FDD2545C0
:103BC000EFF01FDD1545EFF0BFDC13051003EFF03C
:103BD0003FDC13053003EFF0BFDB13058004EFF08B
:103BE0003FDB5D45EFF0DFDA5145EFF07FDA554519
:103BF000EFF01FDA13051003EFF09FD91305400310
:103C0000EFF01FD91305100EEFF0DFE01305000DE4
:103C1000EFF01FD82145EFF0BFD73945EFF05FD760
:103C20002545EFF0FFD62545EFF09FD65545EFF03F
:103C30003FD613051003EFF0BFD513053003EFF0A7
:103C40003FD513058004EFF0BFD45D45EFF05FD49E
:103C50005145EFF0FFD35545EFF09FD31305100307
:103C6000EFF01FD313054003EFF09FD213051002AE
:103C7000EFF05FDA13059002EFF0DFD96FC08FD15C
:103C8000EFC20FCF011185450545EFD06FFE370517
:103C90000040EFD0DFAA930730063ECA89679387BA
:103CA000F7574C08370500403ECC231E0100230F78
:103CB0000100EFD0DF9E854537050040EFD03FA9DA
:103CC0000546854537050040EFD05FA685473EC8CD
:103CD00068009307C0127C8623070100EFD00FD243
:103CE000854537050040EFD0FFA205616FC08FCA40
:103CF000B707002083A7471F0967130707F4B3D747
:103D0000E702C207C1832391F18E2390F18E828056
:103D1000B7F700E0D8438146799BD8C303D7018E1B
:103D20003306A70290CBD4CB98431367070198C3FF
:103D300098431367170298C3D843058B75DF9843E0
:103D4000799B98C382801387C1831C439386C1C526
:103D50003E95636BD500B75600209386068063E5D9
:103D6000A60008C33E858280FD57EDBF5D71A2C4E9
:103D7000A6C2CAC04EDE52DC86C6138A01842A84DB
:103D8000AE84712103270A00FD572A89AE89630793
:103D9000F7022286A6862285A685EF30900319EDCC
:103DA0002285A685EF10702897970000938787CA11
:103DB0009043D443EF20502C634CA000B6402644DF
:103DC0004A85CE8596440649F259625A61618280DD
:103DD00085473EC4179500001305850297B700007C
:103DE000938707C83EC602D422CC26CE22C826CA54
:103DF000EF10302503270A002AD02ED28947630B03
:103E0000F7002800EF10B02311C5A25791EB02591B
:103E100092596DB7EF40D041930710021CC1F5B71E
:103E2000EF401041A2571CC1DDB76F00D0041D71D7
:103E30005EDE938B0184A2CCA6CACAC8CEC6D2C409
:103E4000D6C2DAC086CE2A89AE893284B684EF0023
:103E5000D02003AB0B00FD57AA8A2E8A6307FB060E
:103E60002286A6862285A685EF30A07639ED4A8681
:103E7000CE864A85CE85EF30C07501468146631BEC
:103E800005104A85CE85EF20901829ED0146814620
:103E90002285A685EF20B0174DE185473EC497B730
:103EA00000009387A7BE3EC602D44AC84ECA22CCA1
:103EB00026CE02D002D2630D0B1097970000938795
:103EC00067B983AA070003AA4700F64066445685EF
:103ED000D285D6444649B649264A964A064BF25BF5
:103EE000256182805685D285EF109014630F050EF0
:103EF0005685D28501468146EF20701179F54A85B5
:103F0000CE85EF10F01271D12285A685EF105012E8
:103F10004DDD914703A70B003EC497B70000938780
:103F2000E7B63EC602D44AC84ECA22CC26CE02D03C
:103F300002D28947631BF71235AA2285A685EF10A6
:103F4000300F41D5014681462285A685EF20B01D60
:103F5000E35D05F6054783A70B003AC417B70000D9
:103F60001307C7B23AC602D44AC84ECA22CC26CEDC
:103F70006398071002D002D22800EF10500C630C97
:103F80000510A25789C7EF40B02AA2571CC1825A18
:103F9000125A25BF2285A685EF2070071DF5979739
:103FA0000000938727AB03AA470083AA0700854632
:103FB00036C497B60000938666AD36C602D44AC8AA
:103FC0004ECA22CC26CE56D052D28947E30FFBEE02
:103FD0002800EF10D00671C5A257D5DBEF40502561
:103FE000A257825A125A1CC1CDB54A85CE85EF1010
:103FF0003004E30F05EE2285A685EF107003E30978
:1040000005EED286D2855686568503AA0B00EF3080
:10401000405C63170510979700009387A7B2904301
:10402000D4438D472285A6853EC497B70000938769
:10403000E7A522CC26CE3EC602D44AC84ECAEF20FF
:10404000F0192A84AE8463140A0697B70000938798
:1040500067A29843DC43014681464A85CE853AD023
:104060003ED2EF20500C634805062800EF10207D5B
:10407000E31905F0EF40D01B930720021CC111B7D4
:1040800097B600009386869E9042D442094732D06C
:1040900036D2E393E7EEEF40B019930710021CC14C
:1040A000CDB5EF40F018930710021CC135B797B794
:1040B00000009387279D9843DC43014681464A854B
:1040C000CE853AD03ED2EF201006634A05028947DA
:1040D000E302FAFA59BF2285A685EF10607722869F
:1040E000A686EF20C07215C997B70000938707997D
:1040F0009843DC4303AA0B003AD03ED2C9BF2285C5
:10410000A685EF10E0742286A686EF20407011C5C8
:1041100097B7000093878795E1BF03AA0B0045BFBF
:1041200085473EC497B70000938747963EC602D4A2
:104130004AC84ECA22CC26CEE30E0AE20146814688
:104140003285B685EF2060112AD02ED28947E3044C
:10415000FAF41DB55D71A2C4A6C2CAC052DE56DC17
:1041600086C62A84AE84EF10C01C9387018403A9FD
:104170000700FD572A8AAE8A6301F9022286A686C5
:104180002285A685EF30E04409E901468146228573
:10419000A685EF204079634C0500B6402644528541
:1041A000D68596440649725AE25A616182808547F3
:1041B0003EC497B700009387A78D3EC602D422CC99
:1041C00026CE22C826CA63070902014681463285E7
:1041D000B685EF2080082AD02ED28947631EF900C9
:1041E000EF401005930710021CC1A25781EF025A3D
:1041F000925A65B702D002D22800EF1040646DD108
:10420000A257F5D7EF40D002A2571CC1CDB73971E4
:104210004AD81399150022DC26DA06DE4ED652D48F
:1042200056D25AD05ECE62CC66CA6AC86EC61359E0
:104230001900B707F03F2E84AA84634DF9063309AD
:10424000F9403369A900630B09022A86AE86EF2084
:1042500070442A86AE86EF204000AA84F250625451
:1042600026854259D254B259225A925A025BF24BD5
:10427000624CD24C424DB24D2161828097B7000012
:104280009387C7819043D443EF20407597B70000D0
:10429000938747819043D4432A89AE892685A28596
:1042A000EF20C0732A86AE864A85CE85EF10F007D0
:1042B000AA846DB7B707E03FAE89178B0000130BD8
:1042C0006B79635AF902B707403E6354F92897A700
:1042D00000009387A77D9043D443178B0000130BF6
:1042E0006B77EF10900403260B0083264B00EF2022
:1042F000A058634EA0242685A285EF1000532A867D
:10430000AE8603250B0083254B00EF20B03897972E
:104310000000938727839043D443EF20206C97A716
:104320000000938727799043D4432A84AE84EF20FA
:10433000E06A97A70000938767789043D443EF1013
:10434000C07E2286A686EF20606997A7000093872B
:1043500067779043D443EF20F0332286A686EF2080
:10436000E06797A70000938767769043D443EF10E8
:10437000C07B2286A686EF20606697A70000938701
:1043800067759043D443EF20F0302286A686EF2055
:10439000E06497A70000938767749043D443EF10BD
:1043A000C0782286A686EF20606397A700009387D7
:1043B0006773D44390432A8AAE8A2285A685EF206C
:1043C000E06197A70000938767729043D443EF2082
:1043D000702C2286A686EF20606097A70000938746
:1043E00067719043D443EF1040742286A686EF2075
:1043F000E05E97A70000938767709043D443EF2057
:1044000070292286A686EF20605D03260B00832696
:104410004B00EF1080712A8BAE8B2285A685EF00B2
:104420005071B737EF3F93872733AA8C2E8C63DD0B
:1044300027055A86DE865285D685EF10106266867D
:10444000E286EF20A0596686E286EF10006E2A868B
:10445000AE86EF10806D97A700009387A764904306
:10446000D443EF20302397A70000938727632A8641
:10447000AE868843CC43EF20F021AA84E34030DFAE
:10448000B7070080BD8DD9BB2A86AE86EF10E069E4
:104490005A86DE862A8DAE8D5285D685EF10F05B6A
:1044A0002A86AE866A85EE85EF204053014A2A8B24
:1044B000AE8B5286E2865285E285EF2020522A8614
:1044C000AE862285A685EF20F01C2A84AE84528613
:1044D000E2866685E285EF1040652A86AE862285F3
:1044E000A685EF1090572A86AE86EF10006497A736
:1044F00000009387275B2A86AE868843CC4317A4A7
:10450000000013042460EF20F0182A86AE865A8536
:10451000DE85EF2030182A8BAE8B5286E2865285DC
:10452000E285EF1080602A86AE8608404C40EF207E
:1045300070162A86AE865A85DE85EF20B0152A864B
:10454000AE8608404C40EF20F014AA8405BFA28537
:1045500031B32A86AE86EF20604897A70000938784
:1045600067559043D4432A89AE89EF20204797A707
:1045700000009387A7549043D443EF10005B4A8612
:10458000CE86EF20A04597A700009387A7539043BE
:10459000D443EF2030104A86CE86EF20204497A7E0
:1045A00000009387A7529043D443EF1000584A86E7
:1045B000CE86EF20A04297A700009387A751904393
:1045C000D443EF20300D4A86CE86EF20204197A7B6
:1045D00000009387A7509043D443EF1000554A86BC
:1045E000CE86EF20A03F97A700009387A74F904368
:1045F000D4432A8AAE8A4A85CE85EF20203E97A7EB
:1046000000009387A74E9043D443EF20B0084A861A
:10461000CE86EF20A03C97A700009387A74D90433C
:10462000D443EF1080504A86CE86EF20203B97A7D8
:1046300000009387A74C9043D443EF20B0054A86EF
:10464000CE86EF20A039978700009387A74090433C
:10465000D443EF10804D2A86AE865285D685EF1062
:10466000D03F2686A286EF2060372686A286EF10EE
:10467000C04BAA84E5B6B307C04037070080134794
:10468000F7FFD18F4111337ED700FD8306C622C4C8
:10469000B3E7C7013703F07FAA882E886367F30466
:1046A000B307A040C98F6D8FFD83D98F2E8F636EA6
:1046B000F302B70710C0B697D18FF1C713D4E64104
:1046C00093752400B367A7001354F8014D8C85EB54
:1046D0008947630FF40A8D476312F40A97A7000015
:1046E000938747438843CC4339A03285B6854686B5
:1046F000C286EF108043B240224441018280B367FA
:10470000CE00A5C763046E0A630167063307C7417D
:1047100051879307C00363C4E70863D80600930773
:1047200040FC01458145634AF7004685C285EF108C
:10473000D032EF10800FEF00105D85476300F40C5E
:104740008947630AF40845D897A700009387873FF5
:104750009043D443EF20007497A700009387073B52
:104760009043D443EF20007379B7634F0F0497A7AA
:1047700000009387A7328843CC43B5BFB2402244A0
:10478000C285410182802244B24041016F00B0578E
:1047900097A70000938787378843CC43A9BF97A783
:1047A00000009387A72F8843CC4341BF8947630B01
:1047B000C705E30FF4FC8D47E302F4F2854763027B
:1047C000F4060145814505BF97A70000938787350B
:1047D0008843CC430DB797A700009387A736904333
:1047E000D443EF20206B97A70000938727322A86B7
:1047F000AE868843CC43EF20E069F5BDB707008063
:10480000BD8DD5BD6304F4048D47630AF40285476A
:104810006300F40297A700009387C72E8843CC4318
:10482000D9BD97A700009387672F8843CC43E1B594
:1048300097A70000938787308843CC436DBD97A727
:1048400000009387272F8843CC4375B597A70000B6
:104850009387C72D8843CC4379BD370800801971F1
:104860001348F8FFCAD833F9060186DEA2DCA6DABF
:10487000CED6D2D4D6D2DAD0DECEE2CCE6CAEAC8E0
:10488000EEC6B367C900DDC73374B800B707F07F61
:10489000AE8A2A8A63DB8702370810C02298336801
:1048A000A800B705F03F0145631D0808F65066549F
:1048B000D6544659B659265A965A065BF64B664C5C
:1048C000D64C464DB64D096182806309F406E3C5B6
:1048D00027FDB707F07F630FF91AAE84AA89B28C5F
:1048E000B68D014D63C30A0863900C0CB706F07FC8
:1048F0006301D914B706F03F630FD914B70600401F
:10490000E384DD18B706E03F6390DD0A63CE0A0852
:104910006654F6504659265A965A065BF64B664C34
:10492000D64C464DB64D4E85A685B659D65409612E
:104930006F0030200145B705F03F8DBF19E1E35A04
:1049400024F96654F650D6544659B659265A965A02
:10495000065BF64B664CD64C464DB64D17850000AF
:104960001305054A09616F00D06DB70640436356D1
:10497000D912B706F03F6347D9029356494193864F
:1049800016C05146E35AD61013064003B306D6406C
:1049900033D6DC00B316D60063969601058A094328
:1049A000330DC340E3880CF44E85A685EF00F06715
:1049B00063050A0413DEF4017D1EB366CD01E5C272
:1049C000B706E04163D8260FB706F04363D9267BCC
:1049D0003707F03F6350E40A63DC0D0697A7000039
:1049E0009387C70C9043D4433285B685EF10107F70
:1049F00075BDEF00906363140A0A01C89396240002
:104A000089823706F03FE397C6FA63C80D06E3DFF5
:104A10000AE8B70710C0A297B3E7A701E39C070A0B
:104A20002A86AE86EF2000472A86AE86EF10F00277
:104A3000B5BD370510C0229533653501E30C05EE91
:104A40003707F03F634FE470EE850145E3D00DE694
:104A500001458145A1BD4E85A685E3D90DE4978723
:104A60000000938727FF8843CC434E86A686EF102D
:104A7000C07E2DBDE344B0F7E1BF178700001307E8
:104A800067FDAA8CAE8708434C436686BE86EF104E
:104A9000C07CB5BFE30306E401B5094DB1B54E8650
:104AA000A6864E85A685EF20E03E2A86AE86EF10CC
:104AB000C07AEDBBB706F07FF58C014691EC97A666
:104AC00000009386260D9042D44272C4EF101071FC
:104AD000224E2E841306B0FCB7051000935E4441AD
:104AE0001388F5FFB7A60300938E1EC03378040128
:104AF000370CF03F9386E688B29E336C880163DB07
:104B00000667B7B60B009386966763DD067D978AC6
:104B10000000938A2AF4850E330CBC4083A70A0058
:104B200003A84A0002C802CA02DC02DE81493EC470
:104B300042C62244B244E2852286A68676DA72D83C
:104B40002A89EF2020352A8BAE8B2286A6864A85BD
:104B5000E28522C426C6EF00507D2A86AE8603A5D4
:104B60000A0083A54A008144EF10206F2A86AE8692
:104B70002ACC2ECE5A85DE85EF105066135F1C407E
:104B8000B7060020336FDF00B7060800369FFA999A
:104B90002A8ACE86014626852E84EF1030642A8626
:104BA000AE865A85DE85EF20E02E2246B2462A8B5D
:104BB000AE8B0145CE85EF20E02D2A86AE864A8554
:104BC000E285EF20202D2686A286EF1030612A860E
:104BD000AE865A85DE85EF20E02B6248F24897AB1F
:104BE0000000938BABFE4286C686EF10305F528684
:104BF000A2862AC42EC65285A285EF10305E97A6E3
:104C000000009386A6F99042D4422A89AE89EF101B
:104C1000F05C97A600009386E6F89042D442014BE0
:104C2000014CEF0090704A86CE86EF10305B97A65D
:104C300000009386A6F79042D442EF00106F4A8698
:104C4000CE86EF10B05997A600009386A6F6904244
:104C5000D442EF00906D4A86CE86EF10305897A66A
:104C600000009386A6F59042D442EF00106C4A866D
:104C7000CE86EF10B05697A600009386A6F4904219
:104C8000D442EF00906A4A86CE862ACC2ECE4A8540
:104C9000CE85EF10B0546247F2472A86AE863A8539
:104CA000BE85EF10B0532A89AE892686A28652852A
:104CB000A285EF0090672246B246EF1030524A8636
:104CC000CE86EF0090662A89AE892686A286268542
:104CD000A285EF10B05003A60B0083A64B002AD488
:104CE0002ED6EF0090644A86CE864ACC4ECEEF0098
:104CF000D0632E895A86AE862685A285EF10104E87
:104D000003A60B0083A64B002AD02ED25A85CA8553
:104D1000EF204018225FB25F7A86FE86EF20801770
:104D20002A86AE866245F245EF20C0165286A286DC
:104D3000EF10D04A2A84AE842245B2455A86CA86EC
:104D4000EF10D0492A86AE862285A685EF00F05D59
:104D5000025B925B2A84AE842A86AE865A85DE8503
:104D6000EF00B05C97A600009386C6E69042D4425E
:104D700062852E8AEF1090462A89AE895A86DE8691
:104D80006285D285EF2000112A86AE862285A6850F
:104D9000EF20401097A60000938646E49042D4424C
:104DA000EF10D04397A600009386C6E39042D4420A
:104DB0002A84AE846285D285EF1050422A86AE8660
:104DC0002285A685EF0070566256F256EF00F05528
:104DD000D25E2A8BAE8B7685EF20B00F2A84AE840C
:104DE0005A86DE864A85CE85EF0030544246D2464A
:104DF000EF00B0532286A686EF003053014632857D
:104E0000A6862286AE842A84EF20C0084246D24677
:104E1000EF2040084A86CE86EF20C0072A86AE865D
:104E20005A85DE85EF200007425E2A89AE8913038A
:104E3000FDFF336EC301631F0E3097A600009386FB
:104E400066D29C4203A846003EC442C6014C62861C
:104E5000EE866685EE85EF20E0032286A686EF10BB
:104E6000F0372A8BAE8B6686EE864A85CE85EF10AC
:104E7000F0362A86AE865A85DE85EF00104B2A89E9
:104E8000AE896286EE862285A685EF1030352A86A9
:104E9000AE862A84AE844A85CE85EF001049B707D6
:104EA00090402A8A2E8BAE8B63CCF524B387F540D5
:104EB000C98F639C074097A70000938727D390432F
:104EC000D4434A85CE85EF0050462A8DAE8D22868A
:104ED000A6865285DA85EF10F07B2A86AE866A8533
:104EE000EE85EF1070196342A03E93D74B4193F7C4
:104EF000F77F37051000938727C0B357F540DE973B
:104F000013D747411377F77F130717C0130AF5FF2D
:104F1000B355EA4093C5F5FFFD8D33FA4701D147FC
:104F2000336AAA003387E7400146AE86335AEA4027
:104F300063D40B00330A40412285A685EF1090759B
:104F40002A86AE862A84AE844A85CE85EF00F03D5F
:104F50002E8B931D4A0117A70000130727CA104381
:104F60005443014C6285DA85EF1050275A8DAE8B81
:104F70002A8B2286A6866285EA85EF10B0712A8682
:104F8000AE864A85CE85EF10F07017A70000130794
:104F900067C710435443EF10702417A7000013078E
:104FA000E7C6104354432A84AE846285EA85EF1035
:104FB000F0222A86AE862285A685EF0010372A8940
:104FC000AE892A86AE865A85DE85EF0010365A866F
:104FD000DE862A84AE84EF10F06B2A86AE864A8580
:104FE000CE85EF10306B2A8BAE8B2286A68622856B
:104FF000A685EF10B01E97A700009387A7C1904326
:10500000D4432A89AE89EF10701D97A700009387BB
:10501000E7C09043D443EF10F0674A86CE86EF1086
:10502000F01B97A700009387E7BF9043D443EF009E
:10503000D02F4A86CE86EF10701A97A7000093876C
:10504000E7BE9043D443EF10F0644A86CE86EF105B
:10505000F01897A700009387E7BD9043D443EF0073
:10506000D02C4A86CE86EF1070172A86AE8622850F
:10507000A685EF1030622A86AE862A8CAE8C2285F9
:10508000A685EF10B01597A60000938626BB904228
:10509000D4422A89AE896285E685EF10B05F2A8600
:1050A000AE864A85CE85EF10401B2A89AE895A8686
:1050B000DE862285A685EF1070125A86DE86EF0006
:1050C000D0262A86AE864A85CE85EF10B05C228631
:1050D000A686EF10305CAE862A8683A54A0003A51B
:1050E0000A00EF10305BB387BD0093D64741635E83
:1050F000D022BE852246B246EF10500E6FF00FFB55
:1051000093971500B7D6904085839386F6BF63D6F4
:10511000F61AB7376F3F93870740AE97C98F99EB61
:105120002286A686EF1010574A86CE86EF10C074EE
:10513000E34D05DA17A400001304C4AB104054403B
:105140002245B245EF10900910405440EF1010096D
:105150006FF0CFF583A70A0003A84A003EC442C6F9
:10516000F5B1E3D70D8EB70500800145B3C5B50194
:105170006FF0CFF3978A0000938ACA8D45B2B706C5
:10518000F03F1386E6FFE3598684E3C5868E978A4F
:105190000000938A2A8C03A60A0083A64A0072C8DC
:1051A000EF10504F97A600009386469C9042D44241
:1051B0002A84AE84EF10900297A600009386869B07
:1051C0009042D4422A89AE892285A685EF1010012B
:1051D00097A600009386869A9042D4422AC42EC68F
:1051E0002285A685EF10807FAE8697A50000938567
:1051F00065992A868841CC41EF10D0492286A6863F
:10520000EF10C07DAE86978500009385A5932A8612
:105210008841CC41EF1010482A8BAE8B2286A6869F
:105220002285A685EF10807B2A86AE865A85DE858C
:10523000EF10C07A97A60000938646959042D4421C
:10524000EF10C0792247B2472A86AE863A85BE85DE
:10525000EF1050442A86AE862A8BAE8B4A85CE85C7
:10526000EF00B00C0146CE86328532844A86AE8489
:10527000EF1050422A86AE865A85DE85EF109041A7
:105280002A89AE89424E65B64E864E85A686A6858B
:10529000EF10C0746FF08FE1639D0CF4B306D6403D
:1052A0003356D940B316D600668D639526E5058A38
:1052B0000943330DC3406FF0EFE33707E03F814D03
:1052C000014AE35AF7C8D1872DB11794000013049F
:1052D000E47DADB58547631BFDDCB7070080BD8D60
:1052E0006FF0CFDC97A60000938646869C4203A809
:1052F000460097A600009386E6853EC842CA9C42B7
:1053000003A8460097A60000938646853EDC42DE51
:105310009C4203A84600B70904003EC442C6977ADF
:105320000000938A2A736FF0DF805286EF00A06A34
:10533000D1B341113707F07F22C426C206C63378A5
:10534000B7002E84AA84630DE816AE87AA86635F31
:10535000B00E13DE454163000E1A37071000130626
:10536000F7FFF18FD98F130E1EC013971700137616
:105370001E0093D7F601BA971397160011C67D83C6
:105380008607BA9713972600135E1E40D945814EB3
:105390008146370620003385C6001358F701FD15F6
:1053A00063C6A700898FB306C500B29E8607C29761
:1053B00006070582EDF11305000201438148370617
:1053C000008019A86385D70E9355F70186077D15D0
:1053D000AE97060705820DC9B3051601E3D4F6FEA4
:1053E000B388C500368863CE050A958FB336B700FB
:1053F000958F0D8F9355F70186077D153293C286E1
:10540000AE970607058269F9D98F9354130089CBAB
:1054100093041300FD5785806314F300850E8144C7
:1054200013D71E403704E03F93FE1E003A94638575
:105430000E00B7070080DD8C13174E012297B24093
:1054400022442685BA859244410182801397150033
:1054500005833368A7002E87E30308FED1E193D5C7
:10546000B600AD172E87D606FDD913D6450159E6ED
:10547000014611A02A8606079315B70013051600EA
:10548000E3DA05FE930800023688B388A840BA859F
:10549000B396A60033571801338EC740B367B700E1
:1054A0006DBD13C8F8FF1358F80136983DBFE36D82
:1054B000B7F0B388C500E3C605FE3E88814715BF37
:1054C0002A86AE86EF1080512686A286B92DB2407C
:1054D0002244AA842E872685BA859244410182807F
:1054E0002A86AE86EF10101B2A86AE86EF00F05695
:1054F000AA842E87A9B72E8781479DBF3688930837
:1055000000027D5641BF79714AD01399150022D40B
:1055100026D256CA06D64ECE52CC5AC85EC61359AB
:105520001900B70710442E84AA84AE8A6346F90492
:10553000B707F07F63CE2701630BF9006353501F59
:1055400097970000938787558443C04309A87DD56A
:1055500026862685A286A285C92BAA842E84A285AA
:10556000B2502254268502599254F249624AD24AD4
:10557000424BB24B45618280B707DC3F6351F91C57
:10558000B707203E634DF9167D5A2686A2862685EA
:10559000A285EF10A0442A86AE862A8BAE8BEF1030
:1055A000E043979700009387E7699043D4432A89A3
:1055B000AE89EF10A0429797000093872769904328
:1055C000D443A5234A86CE86EF104041979700002A
:1055D000938747689043D443892B4A86CE86EF1041
:1055E000E03F97970000938767679043D443352B3C
:1055F0004A86CE86EF10803E979700009387876695
:105600009043D4431D234A86CE86EF10203D9797C2
:1056100000009387A7659043D443012B5A86DE860A
:10562000EF10C03B979700009387C7649043D44323
:105630002A8BAE8B4A85CE85EF10403A97970000B3
:105640009387C7639043D443EF10D0044A86CE8635
:10565000EF10C038979700009387C7629043D443F8
:10566000EF1050034A86CE86EF1040379797000020
:105670009387C7619043D443EF10D0014A86CE860A
:10568000EF10C035979700009387C7609043D443CD
:10569000EF1050004A86CE86EF1040342A86AE8640
:1056A0005A85DE8559212686A286EF102033FD57C4
:1056B0002A86AE86630EFA060E0A97970000938735
:1056C000E75FD2979043D443979700009387075D95
:1056D0003E9AEF10207C2686A286EF10A07B2A86B9
:1056E000AE8603250A0083254A00EF10A07AAA841B
:1056F0002E84E3D60AE6370400802D8C8DB597976B
:1057000000009387A73A9043D44305219777000080
:10571000938747349043D443EF100016E356A0E636
:105720003DBD979700009387E73F8443C04305BD85
:105730002685A285EF100076AA842E840DB5F5206B
:10574000B707F33F2A84AE846356F904B707E63FF0
:105750006359F90A2A86AE86C92E97770000938787
:10576000672F9043D443014AEF10C072979700000F
:105770009387C74C9043D4432A89AE892285A68556
:105780006D262A86AE864A85CE85EF00102DAA8426
:105790002E84E5BBB78703406357F90417990000CF
:1057A0001309C93B0326090083264900094AEF1063
:1057B000606E03260900832649002A8BAE8B228562
:1057C000A685EF10A021977700009387A728904324
:1057D000D443A12E2A86AE865A85DE85EF00F027B7
:1057E000AA842E845DB3979700009387A7378843D8
:1057F000CC432286A686EF0050260D4AAA842E842A
:1058000069B3177900001309E924032609008326E8
:105810004900054AEF1000682A8BAE8B0326090069
:10582000832649002285A6856DB7860585818280FD
:1058300086058581370510802E957D818280014502
:10584000828097970000938767498843CC43828082
:1058500013D7454179711377F77F22D406D626D224
:105860004AD04ECE130617C0CD48AE87AA862E8EDC
:1058700013D4F50163C6C810634A0608B7051000C3
:10588000FD15B3D5C54033F5F500558DB6883E837B
:105890002DC5858133F8F5003368D800630508020B
:1058A0009306E7BE370E040093B6160093C5F5FFC6
:1058B00037080080B306D040ED8F3356CE403378A2
:1058C000D80033EEC700979700009387A7411313C2
:1058D00034003E9303240300832443004286F2866F
:1058E0002285A68599242AC42EC62245B245228641
:1058F000A686EF10205AAA882E83B25022549254C2
:105900000259F24946859A8545618280B704008034
:1059100093C4F4FF33F7B400498FAA882E8371DF54
:105920009397C500B18333E7A700B307E040D98F51
:10593000979600009386063B13173400BA96B183FE
:1059400003A9060083A946000177370308006D8F7D
:1059500033F367003363E3009A862A86CE854A854F
:10596000E9222AC42EC62245B2454A86CE86EF10C9
:105970006052ED8C1313F40133E36400AA88B5BFC1
:105980009308300363DEC80013070040AA882E8303
:10599000E315E6F62A86F286492AAA882E83B1BF45
:1059A0001307D7BE7D563356E600B375A600AA8806
:1059B0003E83A1D50582B377A6002A88E38507F048
:1059C000370800401346F6FFB376A6003357E84089
:1059D00033E8E600CDBD411193D7454122C406C648
:1059E00026C293F7F77F2E87AA863284C1E7939762
:1059F00015008583C98FA5CB979700009387872FC4
:105A0000D4439043EF00907DD177938707CBAA864C
:105A10002E876340F40E93D7454193F7F77F2E8688
:105A20009387A7FCA2979305E07F63C2F50A6345BD
:105A3000F00A9305B0FC63D0B706B16793870735CA
:105A400063C78708979700009387C71A8043C443AA
:105A500036862285BA86A6857528A6862286EF0018
:105A6000F077AA862E87B240224492443685BA85C2
:105A7000410182801308F07F2E86E39507FBAE86F6
:105A80002A866520B2402244AA862E879244368513
:105A9000BA8541018280370710807D17938767039D
:105AA000798ED2071797000013074725B685D18F47
:105AB000544310432E85BE85EF005072B2402244FD
:105AC000AA862E8792443685BA85410182809797AF
:105AD00000009387A7FD9DBF37071080B240224486
:105AE0007D17718FD2075D8F92443685BA8541014B
:105AF0008280979700009387E70FD4439043EF008D
:105B0000F06DB2402244AA862E8792443685BA852B
:105B100041018280370700809347F7FFF98EED8FB0
:105B20002A87D58F3A85BE858280370810000111FB
:105B30007D183377B80026CA3378D80093D445014E
:105B400013D34601131E37004EC61357D5010E0856
:105B50009357D60193F4F47F1373F37F06CE22CCD0
:105B60004AC893D9F50193DEF6013367C701131FC5
:105B7000350033E80701931F3600338E644063809D
:105B8000D9196356C0136304031CB706800093073A
:105B9000F07F3368D800638FF4369307800363C0C7
:105BA000C735FD4763CDC747130500023305C5411F
:105BB000B3D7CF01B316A8003399AF00DD8E3339C8
:105BC0002001B357C80133E926011D8F33092F4146
:105BD000B3372F013306F7409317860063D40724A9
:105BE000370780007D173374E600630C042C228590
:105BF000EF20505C130785FF93070002998FB3577E
:105C0000F9003316E400D18F3319E9006341972A74
:105C100033059740130615007D47634DC7381307BA
:105C20000002118FB356C9003319E9003397E7001A
:105C3000558F333920013369270133D6C70081449A
:105C40009377790081CF1377F90091476308F700C4
:105C500013074900333927014A963A89931786007A
:105C600063D6071C138514009307F07FCE85630469
:105C7000F520B70780FFFD17F18F9398D7011359CF
:105C80003900A607B3E82801B1831375F57F939611
:105C9000C7005205F2406244B182FE05C98ECD8E26
:105CA000D2444249B2494685B68505618280631E69
:105CB0000E0A138314001373E37F63170322B36781
:105CC000E701B368F801639D041A638707406386A0
:105CD00008443309FF41B307074133362F013386A8
:105CE000C7409317860063D6074C3389EF41B3074B
:105CF000E84033B62F013386C740F68991B7635029
:105D0000C00F6300030CB70680009307F07F336871
:105D1000D800638AF43A9307800363CBC713FD4727
:105D200063DFC73513090EFE93070002B35628013F
:105D3000630AFE00130900043309C941331928011D
:105D4000B3EF2F013339F0013369D90031A2B367C2
:105D5000F801638A071C9307FEFF638C07389306DC
:105D6000F07F6309DE1A3E8E0DBDB305934063914B
:105D70000422B367E701638707329387F5FF6381E6
:105D800007449306F07F638CD520BE85930780037C
:105D900063CCB72AFD4763CFB73C930700028D8FD2
:105DA0003319F700B356BF00B317FF003369D900AA
:105DB000B337F0003357B7003369F9003308E840D0
:105DC00041ACB367F801638007349307FEFF638A31
:105DD00007209306F07F6308DE2E3E8E2DBF631EE4
:105DE0000E149386140093F7E67F63910734B3672C
:105DF000E7016395042C6380073EB367F801638E67
:105E000007303309FF01B3070701333FE901338648
:105E1000E7019317860063D70700B70780FFFD17D8
:105E20007D8E854493777900E39F07E09317D60131
:105E300093583900B3E8F800935736001307F07F02
:105E4000638DE404B207B18313F5F47FCE8581B589
:105E50003369F801333920017A99B337E901338680
:105E6000E70093178600E3DF07FA85049307F07FC6
:105E70006396F418CE851305F07F8147814801BDF4
:105E8000C1EB6384083A931636009317D8018D82CC
:105E9000B3E8D700F68993573800B3E7F800F9DB89
:105EA00081451305F07FB70708008148CDB3370659
:105EB00080FF7D167D8E93777900998CE39507D8C6
:105EC000B5B74A85EF20102F13078501FD47E3D5AD
:105ED000E7D2130685FFB317C900014905BB336933
:105EE000F80133392001DDB13309FF4133060741A1
:105EF00033342F01330486409317840063CD072485
:105F0000B3688900E39308CE8147814981441DBF6E
:105F1000E39808F80E059317D7010D81B3E8A700A1
:105F2000935737009DBF0E059317D7010D81B3E836
:105F3000A700F2849357370011B73305934063826B
:105F40000412B70680009307F07F558F630DF32E80
:105F50009307800363CBA720FD4763C3A72A93075A
:105F60000002898F3319F700B356AF00B317FF0053
:105F70003369D900B337F0003357A7003369F9000C
:105F80003A987E99B337F901338607019A84D1BDD7
:105F9000B70680009307F07F558FE319F3DE931760
:105FA00036008D839318D801B3E81701F68993570B
:105FB0003800E5B5130715FE9306000233D7E70056
:105FC000630AD600930600043386C6403396C700A2
:105FD0003369C900333920013369E900014681443E
:105FE00091B53309FF01B30707013336E9013E9646
:105FF000931786008544E3D707E28944B70780FFFB
:10600000FD17F18F13571900137919003369270110
:106010009398F70133E9280113D6170015B1130936
:106020000EFE93070002B3562801630AFE0013090F
:1060300000043309C94133192801B3EF2F01333963
:10604000F0013369D90059B63369E70133392001CA
:1060500033892F41B3B72F013306F8409A84F6896C
:10606000A5BEB367E701638207189307F5FF638452
:10607000071C9306F07F6304D5123E85D1BD9307BC
:106080000002B387C741B316F8003399FF0033D637
:10609000CF01D18E33392001B357C80133E926012E
:1060A0003E975DBB931736008D839318D801B3E8F4
:1060B0001701AE8493573800F68949B3EDC33369AD
:1060C000F801E31F09DC0E059317D7010D81B368B2
:1060D000F50093573700D1B36381080E931636004D
:1060E0009317D8018D82B3E8D700F689935738000B
:1060F00091BB3309FF41B3070741333F2F0133867B
:10610000E7418544D1BC0E059317D7010D81B368D3
:10611000F500F2849357370015B30E059317D70196
:106120000D81B3E8A7009357370029BB9307F07F91
:10613000E382F6D43309FF013336E901B3070701DF
:10614000B2979398F7011359190033E9280113D630
:106150001700B684C1B93389EF413307E84033B63D
:106160002F013304C740F68949B43369E701333955
:10617000200101BD938705FE93060002B357F70087
:10618000638AD50093060004B385B6403317B70081
:10619000336FEF003339E0013369F90055BD9317D0
:1061A00036008D839318D801B3E817019357380050
:1061B000EDB1B368C900E39708C68147814959B179
:1061C0003389EF41B307E84033B62F013386C74028
:1061D000F689854411B4931636009317D8018D8241
:1061E000B3E8D70093573800B1B993163600931728
:1061F000D8018D82B3E8D700AA84935738003DB9FF
:10620000930705FE93060002B357F700630AD50013
:10621000930600043385A6403317A700336FEF00C1
:106220003339E0013369F900A9BB81451305F07FDB
:10623000B7070800A9BC3309FF01B30707013336CC
:10624000F9013E9675B3931636009317D8018D82E7
:10625000B3E8D7009357380089B1397193D7450116
:1062600022DC4AD856D22A891394C50006DE26DAE3
:106270004ED652D45AD05ECE13F5F77F318093DAE2
:10628000F501630B05109307F07F630BF514135AA8
:10629000D9010E0433648A00370A8000336A44014E
:1062A000131B3900930415C00144814B13D84601D8
:1062B0001399C6001378F87FB2881359C90093D98F
:1062C000F601630E08089307F07F6300F804135784
:1062D000D6010E0933692701130818C0B7078000DB
:1062E0003367F90093183600B38404418145BD47F4
:1062F00033C83A0163E4871A97970000938787A011
:106300000A043E9410403E9602863367C900938487
:106310001480631207101364240081488945C1BFAB
:106320001306F07F81470147B207F25062545206CC
:10633000B1837E08D18FB3E70701D2544259B259D5
:10634000225A925A025BF24B3A85BE8521618280C5
:1063500001481306F07FB70708000147F1B733671C
:10636000C9004DC7630809304A8532C4EF208064F4
:106370002246130755FFF547930685FF998F33197A
:10638000D900B357F60033E72701B318D600269596
:106390009304353F8145A1BF336A240163030A0694
:1063A00036C632C46306042A2285EF20A060224646
:1063B000B246AA84130755FF754A138B84FF330A2C
:1063C000EA4033146401335A4901336A8A00331BAB
:1063D00069011305D0C0B30495400144814BF9B560
:1063E000336A240163180A002144014B9304F07FAF
:1063F000894B6DBD228A4A8B31449304F07F8D4BCB
:1064000075B51144014B8144854B4DB5136414009F
:1064100081488545E9BD136434004A878D45C1BD77
:10642000630A052E8547898F9306800363DDF63264
:10643000014681470147CDBDCE868947638DF53A38
:106440008D47E387F5F085473688E383F5FE1385AE
:10645000F43FE357A0FC93F778006396072893D6A0
:1064600038009317770063D80700B70700FFFD17C0
:106470007D8F138504409307E07FE3C3A7EA1316DB
:10648000D70193179700B1833367D6001376F57F52
:1064900061BDD6865287DA88DE8545B763614723BA
:1064A000630DEA20DA86FD145284014B93178700AE
:1064B00013D388013363F300935E0301B357D4030E
:1064C000131F0301135F0F0193D50601139E88006C
:1064D0003374D4033307FF024204C18D63FBE5002C
:1064E0009A951386F7FF63EE652663FCE526F91798
:1064F0009A95998D33D7D503C206C182B3F5D503DA
:106500003306EF02C205D58D63FBC5009A9593064D
:10651000F7FF63E6652463F4C52479179A95C207EB
:1065200041645D8F9307F4FF3375F70093580701BB
:10653000935F0E01B377FE00B302F502B386C54048
:10654000B383F80293D502013386AF021E962E96CE
:106550003385F803637376002295C168FD1893555F
:106560000601337616014206B3F81201AA95469643
:1065700063E6B6126382B6123306CB408D8E333B90
:10658000CB00338B66411385F43F630C6317B3581C
:10659000DB0393550601337BDB03B3061F03420B7A
:1065A00033EB6501637BDB001A9B9385F8FF636D1A
:1065B0006B20637BDB20F9181A9B330BDB40B3564F
:1065C000DB0342064182337BDB03330FDF02420BE6
:1065D00033666601637BE6011A969385F6FF63676F
:1065E000661E6375E61FF9161A96C208B3E8D8004E
:1065F0009395080193D20801C181B38EF502330649
:10660000E641B385BF0293D60E01B387F202BE9571
:10661000AE96B38F5F0263F4F600C167BE9FC1659B
:10662000FD1593D70601ED8EC206B3FEBE00BE9FD8
:10663000F696637FF6091A969387F8FF6369661AE0
:106640006368F619630FF61BBE8893E8180011B54E
:106650004A85EF20203613075501F14593040502C2
:106660002246B246E3DAE5D4130485FF331A8900E3
:10667000014B85B3328532C4EF20C0331307550177
:10668000F146AA87224613050502E3D6E6CEE117B6
:106690003317F6008148E5B9E370CBEE729B3335D2
:1066A000CB011A95AA961305F7FF6378D30263E628
:1066B000B6106382D5102A87C1B5E3651BDF9355F9
:1066C0001B009316FA0113541A00CD8E7E0BF9BBF2
:1066D000E31DF6F7E38F06D6B9BFE31ED3FCE378DC
:1066E000CBFD2A8751BD93F7F8009146E389D7D6B1
:1066F00093B7C8FF9386480093C717008D823E97D3
:106700008DB381468547E34CA0FEFD58E31C05D0C0
:10671000930410C085471385E441B316A70033D610
:10672000F8003395A800D18E3335A000C98E13F63A
:1067300076003357F70001CE93F7F60011466388D1
:10674000C70093874600B3B6D7003697BE86931727
:10675000870063D80704054681470147F1B63687AD
:106760007DBBB28779B3FD46E3D7F6FA0556098EAD
:10677000930600023356C7006388D7009387E4432B
:10678000B317F700B3E8F800B3361001D18E13F653
:106790007600814701CE93F7F60011460147E39258
:1067A000C7FA931797001316D701B18313D7360092
:1067B000518F014695BEE370CBF0729B3335CB0110
:1067C0001A957917AA964DBBAE88C5BBAE8631BD6A
:1067D00093171E0033BEC70172931A96F9183E8EA6
:1067E000E315F6E7E307DEC693E818009DB1BE881F
:1067F000E30AF6FF99BD36881306F07F814701470B
:1068000025B6E367DEFCBE88E310DEFE99B113D740
:106810004501B7071000FD1713D846011377F77F1E
:106820009308F07F33FEB700AA8EF58FFD81328F7B
:106830001378F87FFD82630B170105436306180187
:1068400063140701630DFE001A858280B368AE00F1
:106850000543E39B08FEE319E8FED18FF5F70543F6
:10686000E394EEFF0143E381D5FE054371FF3365F9
:10687000AE003333A000C9BF13D74501B7071000DE
:10688000FD1713D846011377F77F9308F07F33F392
:10689000B7002A8EF58FFD81B28E1378F87FFD82C6
:1068A00063081703630018030DEBB368A3006314B8
:1068B00008005D8E29CA638508046388D5020545F2
:1068C00095ED8280B3E8C700E38008FE79558280A9
:1068D0003365A30065FD630CE802631408005D8E58
:1068E00079DEE39ED5FCE34CE8FC63480701E3E86E
:1068F00067FC6303F302637FF30081E57D558280CB
:10690000F5DE054582800145E39B08FA82805D8EB5
:1069100069DA6DBF01458280E3E3CEFB0145E37296
:10692000DEFBE5F1E1BF13D74501B7071000FD1706
:1069300013D846011377F77F9308F07F33FEB70033
:10694000AA8EF58FFD81328F1378F87FFD82630E5A
:106950001703630D180129E3B368AE00631F080035
:106960005D8E01EE0143638C080421A8B3E8C700E3
:106970000943639608046DD305A063840804638506
:10698000D50205438DCD7D531DA8B368AE000943E4
:1069900063970802630AE802631408005D8E75D2EB
:1069A000E391D5FEE34FE8FC63490701E3EBC7FD44
:1069B000630FFE0001436374FE00F1D505431A85A1
:1069C0008280EDFE7D53E5BF5D8E79DACDBFE36A4F
:1069D000DFFB0143E3F5EEFFF5F175B739714AD8F6
:1069E00013D945014ED652D456D29399C50006DE2E
:1069F00022DC26DA5AD05ECE1379F97F2A8A93D91F
:106A0000C90093DAF501630D090E9307F07F630661
:106A1000F9181354D5018E09B36934013704800085
:106A200033E4890093143500130919C08149814B5F
:106A300013D74601139AC6001377F77FB285135A0E
:106A4000CA0013DBF601630B07109307F07F6303A3
:106A5000F7049357D6010E0A33EA4701130717C00C
:106A6000B7078000B367FA00931536003A9981485A
:106A700033C76A01BD463A851308190063E8361723
:106A8000178600001306062C8A09B29983A609000E
:106A9000B2968286B367CA001309F97F6399071219
:106AA00093E9290081458948E1B701479307F07FC1
:106AB0003704080081443204D20731807E075D8CA0
:106AC000598CA285F250625426854259D254B2594B
:106AD000225A925A025BF24B216182805A853E848F
:106AE000AE84C68B8947638DFB0E8D47E38FFBFA1F
:106AF00085472A87639EFB3881470144814465BFEF
:106B000033E4A90061C036C632C4638C092A4E85BD
:106B1000EF10506A2246B246AA87130755FF754404
:106B2000938487FF198CB399990033548A00336496
:106B30003401B3149A0013D746011309D0C0139A35
:106B4000C6001377F77F3309F9408149814BB2853D
:106B5000135ACA0013DBF601E31907EEB367CA0044
:106B6000B1C7630F0A22528532C4EF10B0642246C7
:106B70002A87930655FFF547930587FF958F331AAC
:106B8000BA00B357F600B3E74701B315B6003309AF
:106B9000E9401309D9C08148E1BD33E4A90001EC03
:106BA000A14981441309F07F894B59B593E9190034
:106BB0008145854875BD4E84AA84B1491309F07F8B
:106BC0008D4BBDB5914981440149854B95B593E9FC
:106BD0003900D2878D4869BD89475685E397FBF018
:106BE0002A879307F07F01448144F1B5C16E138673
:106BF000FEFF93D6040113DE0501F18CF18D33867F
:106C000095023383B6029358060133059E021A9506
:106C1000AA98B382C60363F36800F692C16F138328
:106C2000FFFF33F5670093D30701B3F76800C2078E
:106C3000337366003E933306950293D80801B387F9
:106C4000A602135F0601B3849302BE94FA94B38E36
:106C5000760263F3F400FE9E416A9307FAFF935FA6
:106C60000401B376F400B3F9F4007D8EC18033845F
:106C7000D502C209338FD401B299CE98B307DE0290
:106C8000935E0401B385BF02AE97BE9E330EFE0332
:106C900063F3BE00529EC1679385F7FF33F6BE00D3
:106CA0006D8C4206229693DE0E01B305D502769EC8
:106CB0003385AF0213D40501B386D302AA96A296F8
:106CC000B38FF30363F3A600BE9F41657D15B3F751
:106CD000A600C2076D8DAA97B3855800B3B93501D8
:106CE000FA97B2953384370133B6C500B30EC401A9
:106CF0003385CE0033343401B3B7E701C18F33BEDF
:106D0000CE0113D406013336C5003E943366CE005F
:106D10009394950032947E94B3E4640026049356D1
:106D20007501B3349000DD8193179500CD8C558C9F
:106D3000DD8C9317740063DB070093D714008588FC
:106D40009316F401DD8CD58C058042899307F93FB9
:106D50006359F00893F6740081CE93F6F40011465F
:106D60006388C60093864400B3B496002694B68424
:106D70009316740063D80600B70700FFFD177D8CDB
:106D8000930709409306E07F63CFF60E93D6340055
:106D90009314D4012604D58C318093F7F77F21BB5F
:106DA000328532C4EF10104193065501F1471307A5
:106DB00005022246E3D1D7DC6115B317A600814551
:106DC000F9B3EF10303F13075501F1459307050262
:106DD0002246B246E3D5E5D461153314AA008144B6
:106DE00099BB85469D8EB1E71309E941B39724010C
:106DF000B3D4D40033192401B337F000B36499003D
:106E0000DD8C93F77400B356D40081CF93F7F40070
:106E100011466388C70093874400B3B49700A696D1
:106E2000BE849397860063D8070485470144814454
:106E300059B113068003E341D6CC7D46E356D6FA1A
:106E40000556B307F640930500023356F4006387F6
:106E5000B6001309E943B3172401DD8CB334900065
:106E6000D18C93F67400014499CA93F7F40011464B
:106E70008146E392C7FA139496003180F6068D801E
:106E8000D58C81470DB99307F07F0144814425B12A
:106E900042896DBD370710007D1701113373B700AC
:106EA00093D84601758F935ED60122CC26CA0E0375
:106EB00093D445019357D5010E0706CE4AC84EC656
:106EC00093F8F87F130EF07F33E7EE0093F4F47F2E
:106ED00013D4F50133E36700131F3500FD82931EC1
:106EE00036006380C81993C61600B3851441630544
:106EF000D4126351B018638B081AB70780005D8FF6
:106F00006381C4599307800363C4B734FD4763C5E5
:106F1000B748930700028D8FB3D9BE003318F7002E
:106F2000B39EFE00336838013357B700B339D00140
:106F3000336838013303E340B3090F41B3373F01EE
:106F40003306F3409317860063D307243709800084
:106F50007D1933792601630F092C4A85EF1090259E
:106F6000130785FF93070002998FB3D7F9003316F3
:106F7000E900D18FB399E9006344972A058F13067E
:106F80001700FD4663C5C63A13070002118FB3D63A
:106F9000C9003398E9003397E700558F3338000173
:106FA000B369070133D6C700814493F7790081CFD5
:106FB00093F6F90091476388F6009386490033B849
:106FC00036014296B6899317860063D6071C13874D
:106FD00014009307F07F05886306F720B70780FF4A
:106FE000FD17F18F1398D70193D93900A60733689D
:106FF0003801B1831377F77F9396C7005207B182A8
:107000007E04D98EC18EF2406244D2444249B249D4
:107010004285B685056182806356B00A638A08128C
:10702000B70780005D8F6387C42D9307800363C714
:10703000B718FD4763D2B73C138805FE93070002DB
:10704000B3590701638AF50093070004B385B7407D
:107050003317B700B3EEEE003338D0013368380190
:1070600095A2B367D7019385148099E393C6160060
:10707000630AD404D1E19387140093F7E77F6399FF
:10708000071EB367E3013368D70163920416638276
:10709000073C63160842131835009316D3011358A2
:1070A000380033E806019357330019A2B367D701BC
:1070B0006385071A9387F5FF638B073A638CC523B3
:1070C000BE8589B56399051C9386140093F7E67F06
:1070D000C1EFB367E30163900436638D0744B36780
:1070E000D701639407460E051318D3010D81336849
:1070F000A800935733006DA8B38598406397042088
:10710000B367E301638D07309387F5FF6389074019
:107110001305F07F6383A520BE859307800363C2B8
:10712000B72AFD4763C8B73C930700028D8F331819
:10713000F3003356BF00B317FF003368C800B339FC
:10714000F0003353B3003368380133076740B5AC00
:10715000B367D701638307109387F5FF638F071E1B
:107160006380C52FBE85D1B59307F07F638BF6068C
:10717000FA9E33B6EE01B307E300B2971398F70116
:1071800093DE1E00B369D80113D61700B68493F7B7
:107190007900E39F07E09317D60113D839003368CD
:1071A000F800A685935736001307F07F6380E50645
:1071B000B207B18313F7F57F05883DBD3367D7016B
:1071C0003338E000B309E801B3B7E901338667005B
:1071D00093178600E3DD07FA85049307F07F639C2D
:1071E000F41805881307F07F8147014831B5639192
:1071F00007106301083C131836009317D701135882
:1072000038003368F800368493573700B367F800C6
:10721000E9DB01441307F07FB70708000148E9BB29
:10722000370680FF7D167D8E93F77900998CE39168
:1072300007D895B74E85EF10E07713078501FD4716
:10724000E3D2E7D2130685FFB397C90081492DB376
:107250003368D70133380001C5B1131835009317CF
:10726000D301135838003368F800935733002DBF0B
:10727000B309DF413309E34033363F013309C940E5
:107280009317890063CA072033E82901E31508CC66
:107290008147014431BFB385984063810414B70628
:1072A00080009307F07F3363D3006381F820930756
:1072B000800363CCB722FD4763C9B72C9307000254
:1072C0008D8F3318F300B356BF00B317FF00336838
:1072D000D800B339F0003353B300336838011A973C
:1072E000B309D801B3B7D9013386E700C684CDB559
:1072F000E31108F2131835009317D301135838001F
:107300003368F8009357330011B7370580009307AF
:10731000F07F3363A300E392F8E00E061318D70161
:107320000D823368C800935737003684C5B50517FA
:107330009306000233D7E700630AD60093060004E1
:107340003386C6403396C700B3E9C90033383001ED
:10735000B369E800014681441DBDB309DF01B307ED
:10736000E30033BFE9013386E701931786008544C4
:10737000E3DF07E08944B70780FFFD17F18F13D7DC
:10738000190013F81900336807019399F701B3E95D
:10739000090113D6170011B9138805FE93070002DF
:1073A000B3590701638AF50093070004B385B7401A
:1073B0003317B700B3EEEE003338D001336838012D
:1073C000A5BE3363E30133386000B3890E41B3B720
:1073D0003E013306F740C6843684ADB6B367E30199
:1073E000638707189387F5FF638C071C9306F07F6C
:1073F000638ED50ABE8565BD930700028D8FB3D914
:10740000BE003318F700B39EFE00336838013357CF
:10741000B700B339D001336838013A9365B3131814
:1074200036009317D7011358380033E80701368424
:107430009357370095BBBDCB3367D701E31B07DC00
:107440000E051318D3010D813368A800935733003C
:1074500075BBE30F08E2131836009317D7011358D2
:1074600038003368F80036849357370091B3B30976
:10747000DF41B307E340333F3F013386E7418544B3
:10748000D1B4131835009316D3011358380033E8DC
:107490000601935733009DBBB389EE413306674025
:1074A00033B93E0133092641368475B40E061318EC
:1074B000D7010D823368C8009357370081BBB309E9
:1074C000DF41B307E34033363F013386C7409317AC
:1074D000860063D7070AB389EE41B3076740B3BE9E
:1074E0003E013386D7413684C9B43363E301333870
:1074F0006000FDB3138805FE93070002B359030132
:10750000638AF50093070004B385B7403313B300D3
:10751000336F6F003338E001336838017DB5B389CC
:10752000EE41B3076740B3BE3E013386D741368490
:10753000854409BC131836009317D7011358380037
:107540003368F80093573700A5B1B309DF01B307DB
:10755000E30033BFE9013386E70193178600E3D8E0
:1075600007C2B70780FFFD177D8E85440DB10E065B
:107570001318D7010D823368C800935737002DB117
:1075800033E8C900E30608D019B1138805FE930754
:107590000002B3590301638AF50093070004B38521
:1075A000B7403313B300336F6F003338E0013368F3
:1075B00038013DB301441307F07FB70708002DBC25
:1075C000B309DF01B307E300B3BED9013386D701A6
:1075D00069BB13D74501B7071000FD171347F7FF25
:1075E00013D84601FD8DF58F931657011378F87F58
:1075F00099CA1307F07F01456303E8008280D18FA9
:107600003335F0008280C98D0545E5D5828093D75A
:107610004501B70610001387F6FF93F7F77F1306AF
:10762000E03F6D8FFD81635CF6001306D041635A25
:10763000F600370500801345F5FF2E958280014541
:107640008280130630431D8E7D48558F635DC800D0
:1076500093063041B387F640B357F7003305F04047
:10766000E5F13E8582809387D7BEB317F700335587
:10767000C500C98FE5B793D74501B706100013873A
:10768000F6FF93F7F77F1306E03F2A886D8F0145D9
:10769000FD816354F60099C1828082801306E04127
:1076A0007D55E34BF6FE130530431D8D7D46558F0A
:1076B000634AA6009387D7BE3317F7003355A80057
:1076C000598D828013053041B307F5403355F700DB
:1076D0008280411106C622C426C20DCD9357F541C2
:1076E000B3C4A7009D8C2A842685EF10A02C930696
:1076F000E041898EA9477D8093F6F67F63CDA7028E
:107700002D47098FB3D7E4005505B207B394A40001
:10771000B18329A00144814681478144B207D20642
:10772000B1837E04D58FC18FB24022442685BE85A9
:107730009244410182805515B397A400B207B183EA
:107740008144E9BF1DCD411122C406C62A84EF1031
:1077500060269306E041898EA94793F6F67F63DCA5
:10776000A7025515B317A400B207B1830147B24071
:107770002244B207D206B183D58F3A85BE85410136
:10778000828081478146B207D206B1830147D58FF7
:107790003A85BE8582802D47098FB357E400B20732
:1077A000130755013317E400B183D1B741113707EF
:1077B00080007D1713D8750126C293547501337369
:1077C000A70093F4F40FB376B7004AC01378F80F0C
:1077D0001359F50106C622C4FD819A8726854A867B
:1077E000131E3300939E3600B3880441630AB90E1A
:1077F0006350100D630408149307F00F638BF414A7
:10780000B7070004B3EEFE00ED4763C117299307E5
:107810000002B3871741B397FE00B3D81E01B337F8
:10782000F000B3E7F800B307FE4013975700635E1C
:107830000718370400047D147D8C2285EF10801713
:107840006D15B317A4006348951A058D1304150030
:1078500013070002018F3397E7003337E000B3D7F7
:107860008700D98F814413F7770019C713F7F70002
:1078700091466303D700910713975700635B071482
:1078800085041307F00F4A866383E4169A07A583DD
:1078900013F5F40FB2402244A6079314750113D5D3
:1078A0009700458D7E0692440249518D41018280A8
:1078B0006399080A138714001377E70F63170714F7
:1078C00063900422630D0E1EE3860EFCB307DE41B7
:1078D0001397570063500722B387CE412E8961B7B3
:1078E000635C100B630E08089307F00F6383F406C4
:1078F000B7070004B3EEFE00ED4763C9171F9307F7
:107900000002B3871741B397FE00B3D81E01B33707
:10791000F000B3E7F800F297139757006357070A90
:1079200085041307F00F6384E40CB706007E13D7B9
:107930001700FD16858B758FD98F35B7638D0E08AF
:10794000FD18B307DE41E38208EE9307F00FE39DD5
:10795000F4EA630D030801461305F00FB707400072
:1079600015BF33079840EDE863020E147D176308D6
:1079700007189307F00F6319F80E2E893683D1BFCD
:10798000638B0E04FD18B307DE01E38708F8930745
:10799000F00FE393F4F675BF63950808850413F7B9
:1079A000E40F6313071263170510630F0E14E383CC
:1079B0000EEEB307DE0113975700814463570700AB
:1079C000370700FC7D17F98F854413F77700E31F15
:1079D00007E813D337009307F00FE38CF4F69317FF
:1079E0009300A58313F5F40F4A866DB54A861305F7
:1079F000F00F814745B5370700FC7D17F98F13F766
:107A00007700898CE31407E6E9B73304DE41931766
:107A1000540063C3070CE31204E2014601458147A9
:107A200095BD33079840ADC49307F00FE308F8F411
:107A3000B7070004336EFE00ED4763CCE70C9307F5
:107A40000002998FB317FE003357EE00B337F000F2
:107A5000D98FF697C284C9B59307F00FE30FF8F0FA
:107A6000B7070004336EFE00ED4763C3E7089306D3
:107A70000002998EB316DE00B357EE003337D00004
:107A8000D98FB387FE40C2842E8945B3854761BB39
:107A9000630E0E067D17B307DE01C284E30E07E610
:107AA0009307F00FE31AF8F8368365B53683C2847E
:107AB0002E8915B7E3040EECE38D0EE869BD638DE6
:107AC0000E022E86B687F9B39307F00FE381F4F226
:107AD000B307DE018583D5BD3384CE412E89B1BB8A
:107AE000E31C0EFCE3890EE62E8949BD854725B5CA
:107AF000854741BFE39B07EC0146814761BBB387E4
:107B0000CE41C2842E8915B3B68769B33683C28449
:107B1000D9B585473DBF3971935775014AD856D2BB
:107B20005ECE931A95001359F50106DE22DC26DAA3
:107B30004ED652D45AD093F7F70F93DA9A00CA8BE5
:107B4000638207121307F00F6384E7128E0A370768
:107B50000004B3EAEA00138A17F80144014B93D7F3
:107B600075019394950093F7F70FA58093D9F501CC
:107B7000FDC71307F00F6387E7028E04938717F89A
:107B800037070004D98C330AFA408146558C1777A1
:107B900000001307271F0A043A941C403349390197
:107BA000BA978287130A1AF0F9E88946558C177735
:107BB0000000130727210A043A941C403349390175
:107BC000BA97828701491307F00FB7074000139552
:107BD0009700F25062549317770125817E095D8DDD
:107BE00033652501D2544259B259225A925A025B46
:107BF000F24B216182801307F00F8147C9BFA68A2B
:107C0000CE8B368B8947630BFB1A8D47E30CFBFA4F
:107C10008547630AFB0A1307FA0713F91B0063572A
:107C2000E01293F77A0099C793F7FA0091466383BD
:107C3000D700910A93974A0063D90700B70700F865
:107C4000FD17B3FAFA0013070A089307E00FE3C41D
:107C5000E7FA93976A00A5831377F70F8DBFB9E40E
:107C60008546A9B763940A021144014A054BC5BD74
:107C700063990A002144130AF00F094BCDB58D46D4
:107C800031B73144130AF00F0D4BD1BD56852EC6C6
:107C9000EF0050529307B5FFB39AFA009307A0F88C
:107CA000338AA7400144014BB24555BD2685EF00FC
:107CB00070501307B5FFB307AA00B394E400138A0A
:107CC00067078146E1B513F91B000147814701B7FA
:107CD0004166139554007D1693570501698E63FA2A
:107CE0009A0AB3D5FA027D1AD68601473388C502AF
:107CF000B3F6F602C206558F637B07012A97938677
:107D0000F5FF6368A70A6376070BF9152A9733070F
:107D10000741B356F7023377F702B38AC6029317C7
:107D2000070163FB5701AA971387F6FF63E1A708D2
:107D300063FF5707F916AA97C205B38A5741D58D35
:107D4000B33A5001B3EA5501CA8BF1B58546998E15
:107D500011C76D4601478147E34BD6E6130AEA098E
:107D6000339A4A01B3D7DA00B33A4001B3E7570177
:107D700013F7770019C713F7F70091466303D7008D
:107D8000910713975700634807029A07A583014795
:107D90003DBD93D61A00B3D5F6021397FA0141837D
:107DA0003388C502B1B7CE8B368B814AA1BDBA8666
:107DB00061B7B685A9BF0547814711BD13F91B00FF
:107DC0001307F00F814721B593567501B70780005F
:107DD000FD1713D6750193F6F60F1308F00FB3F8DD
:107DE000A7001357F501ED8F1376F60FFD8163841D
:107DF00006031305F00F6304A60205456383C6005E
:107E00008280E39FF8FE0145E30CB7FE0545EDFADD
:107E10003335100182800545E38D08FC82800545DD
:107E2000E9DF828093567501B7078000FD1713D6EE
:107E3000750193F6F60F1308F00FB3F8A700135768
:107E4000F501ED8F1376F60FFD8163810603630C58
:107E500006018DE211E2B1C3638E08026305B70427
:107E600005451DE78280F5D779558280E39E08FE9F
:107E70006309D60211E2EDD7E314B7FEE342D6FE62
:107E800063C7C600E3EE17FD0145E3FDF8FC01E71B
:107E90007D558280F5DD054582800145E39208FC31
:107EA0008280F9DBD1B78146E1BF93567501B707F0
:107EB0008000FD1713D6750193F6F60F1308F00F27
:107EC000B3F8A7001357F501ED8F1376F60FFD8178
:107ED000638706036309060185EA11EA89EB014518
:107EE000639B080082800945F5FFE5DA31A8638CC1
:107EF00008026300B704054575D77D5582800945A2
:107F0000639808026304D60211E2F5D7E315B7FEC1
:107F1000E343D6FE63C7C600E3EF17FD0145E3F375
:107F2000F8FC19E3D9BFF1D905458280E5D38280F9
:107F300082808146C5B7797122D4135475014ECE23
:107F400052CC9319950006D626D24AD056CA5AC8A2
:107F50001374F40F93D99900135AF50169C4930768
:107F6000F00F6308F40E9397390037070004B3E964
:107F7000E700130414F88144014B13D77501939A59
:107F800095001377F70F93DA9A0013D9F50145CFCF
:107F90009307F00F630CF7028E0A130717F8B70761
:107FA0000004B3EAFA003A94014633452A01BD477A
:107FB000AA869305140063E2971017770000130751
:107FC00067E48A04BA949C40BA9782871304F40F3A
:107FD00063980A0C93E424000946C1BF01451307C6
:107FE000F00FB7074000B2502254A6075E07A583E2
:107FF0007E05D98F92540259F249624AD24A424BC5
:108000005D8D45618280CA86D689328B894763013E
:10801000FB0A8D47E304FBFC854736856312FB1A98
:1080200001478147C9B7639E090413D77501939A25
:1080300095001377F70F91440144054B93DA9A00AA
:1080400013D9F50131F7639D0A0093E41400054646
:10805000A9BF63930902A1441304F00F094B31BF78
:108060005685EF0030159307B5FF098CB39AFA00D7
:108070001304A4F8014615BFB1441304F00F0D4BCF
:10808000EDBD4E852EC6EF00F0129307B5FF130429
:10809000A0F8B399F900098C8144014BB245F1BDB8
:1080A00093E434000D4611B78947D286E313FBF6FB
:1080B00036851307F00F81473DB741639306F3FF01
:1080C00013D6090193D80A01B3F7D900B3FADA003D
:1080D00033885703B389F80213570801B30A5603CC
:1080E000D6994E9733061603637357011A96C167E4
:1080F000FD17B376F7003378F800C206C29693995D
:10810000660093570701B3393001E982B2979A07A5
:10811000B3E6D900B3E9D7009397490063D90700C4
:1081200013D7190093F71900B369F7002E841307CA
:10813000F4076350E00493F7790099C793F7F900C7
:1081400091466383D70091099397490063D907004B
:10815000B70700F8FD17B3F9F900130704089307F0
:10816000E00F63CBE70493976900A5831377F70FBC
:108170009DBD8547B386E74011C76D4601478147DE
:10818000E343D6E61307E4093397E9003337E00009
:10819000B3D7D900D98F13F7770019C713F7F700B2
:1081A00091466303D700910713975700634C07006C
:1081B0009A07A583014705BD1307F00F814725B531
:1081C0002E84B5B70547814739BD37078000411177
:1081D0007D179356750113D87501B377A70093F6F1
:1081E000F60F935EF5013376B70026C24AC01378C6
:1081F000F80F06C622C41303F00F3E8E3689F684AC
:10820000139F3700FD8113153600B38806416302C2
:10821000681093C51500638CBE106354100D631075
:1082200008106304051EFD18B307AF4063860802FB
:108230009307F00F6388F616ED4763C717291307F6
:108240000002330717413317E500B35715013337E1
:10825000E000D98FB307FF40139757006351071A07
:10826000370400047D147D8C2285A9276D15B31772
:10827000A400634E251B3305254113041500130785
:108280000002018F3397E7003337E000B3D7870050
:10829000D98F014913F7770019C713F7F7009146F3
:1082A0006303D700910713975700635E0714930683
:1082B00019001307F00F93FE14006386E6169A0761
:1082C000A58393F6F60FA607B240224413D5970074
:1082D000DE069397FE01558D924402495D8D410162
:1082E00082806392080A138716001377E70F631BD7
:1082F00007146394062263020F2071D5B307AF40C1
:108300001397570063550722B307E5410149AE842F
:1083100051B7E30005F0638ABE0AE35410FD9307EA
:10832000F00F6381F608B70700045D8D31B7635E17
:108330001009630108089307F00F6385F606B70775
:1083400000045D8DED4763C0171F1307000233075C
:1083500017413317E500B35715013337E000D98FC4
:10836000FA9713975700635C070805091307F00F86
:10837000630BE90AB706007E13D71700FD16858B3D
:10838000758FD98F01BF3307D84063950610630DF1
:108390000F147D176303071A9307F00F6314F81087
:1083A000AE84328E630F0E06814E9306F00FB70730
:1083B000400011BF39C9FD18B307AF00E38308FAC5
:1083C0009307F00FE390F6F8F1BF6399080813895B
:1083D00016001377E90F63160712639B06106303F9
:1083E0000F16E30205EEB307AF00139757000149DC
:1083F00063570700370700FC7D17F98F054913F70E
:108400007700E31C07E813DE37009307F00FE30B58
:10841000F9F893179E00A5839376F90F93FE140045
:108420005DB593FE14009306F00F814769BD3707D1
:1084300000FC7D17F98F13F777003309A940E31E7D
:1084400007E4D1B73304AF409317540063C3070C5C
:10845000E31C04E0814E81468147B5B53307D8401F
:10846000B5C69307F00FE30EF8F2B7070004336FB9
:10847000FF00ED4763CDE70C93070002998FB31718
:10848000FF003357EF00B337F0005D8FB307A7004D
:108490004289C1BD9307F00FE304F8F0B707000469
:1084A000336FFF00ED4763C2E70893070002998F1F
:1084B000B317FF003357EF00B337F000D98FB3077E
:1084C000F5404289AE8449BB854769B3630E0F0608
:1084D0007D17B307AF004289E30507E89307F00F64
:1084E000E319F8F8328E7DBD328E4289AE8431BFF9
:1084F000E3090FEAE30805EA45BD0DCDAE8EB2876C
:10850000D9B39307F00FE300F9F2B307AF00858307
:10851000FDB53304E541AE8481BBE31D0FFCE305EB
:1085200005E8AE84BDBD854725BD854749BF0149E6
:10853000E39707EC814E814779B3B307E541428960
:10854000AE8419BBB28741B3328E42897DBD0547E7
:1085500035BF37068000135775019307F6FF137771
:10856000F70F9305E007B3F6A7009357F50163FCF7
:10857000E5009305D00963FAE5003705008013454F
:10858000F5FF3E9582800145828093055009D18E8A
:1085900063CDE500130660093307E64033D7E600F4
:1085A0003305E040F5F33A8582801307A7F6339749
:1085B000E600FDB713577501370680009307F6FFF5
:1085C0001377F70F9305E007B3F6A7009357F5016C
:1085D000014563F4E50099C3828082809307E00936
:1085E0007D55E3EBE7FE93055009B3E7C60063D77B
:1085F000E5001307A7F63395E700828013056009AD
:108600003307E54033D5E7008280411106C622C416
:1086100026C20DCD9357F54133C4A7001D8CAA8403
:108620002285492E9307E0093387A7409307600905
:10863000FD8063CCE702A1469377F70F63D5A600D0
:1086400061153314A4002604258021A081448147AC
:108650000144260413559400B2402244DE07FE0470
:108660005D8D458D9244410182809307900963DDC1
:10867000E7009307B5019546B317F400898E33548C
:10868000D400B337F0005D8C954763D6A7009307FD
:10869000B5FF3314F400B70600FCFD1693777400A1
:1086A0003376D40085C39377F4009145638CB7008B
:1086B00011069317560063D707009307F009758ECC
:1086C0003387A7401314660025809377F70F51B7BF
:1086D000411106C622C415CD2A84E92C9307E0096E
:1086E0003387A7409307600963C0E704A1469377E7
:1086F000F70F63D5A60061153314A4002604258066
:10870000260413559400B2402244DE075D8D4101DA
:1087100082800144260413559400B24022448147CC
:10872000DE075D8D410182809307900963DDE700DC
:108730009307B5019546B317F400898EB337F0005F
:108740003354D4005D8C954763D6A7009307B5FFDB
:108750003314F400B70600FCFD16937774003376EB
:10876000D40085C39377F4009145638CB70011065C
:108770009317560063D707009307F009758E338768
:10878000A740131466002580260413559400B240B8
:1087900022449377F70FDE075D8D410182801357E6
:1087A00075011377F70F41119307170022C426C2F2
:1087B0001314950006C693F7E70F25809354F5012F
:1087C00085C793573400130707387604B20752075A
:1087D000B1831395F401D98FC98FB2402285224409
:1087E0009244BE854101828005EB39C42285D9229D
:1087F000A94763C6A7042D47098F9307550133572F
:10880000E4003314F4009317C70013079038098F5E
:10881000B1831377F77F5DBF01CC13573400B707DF
:108820000800D98FB2077604B1831307F07F79BFB0
:108830001307F07F814759BF0147814741BF1307A5
:1088400055FF3317E40001447DBF93D6450193974C
:10885000C50093F6F67FB183138616008E07135773
:10886000D5011376E67FFD815D8F9318350035CEF7
:10887000138806C89307E00F63DD0701814713954E
:1088800097009306F00FDE062581FE05558D4D8D70
:1088900082806355000B931765000E07B337F00015
:1088A000D98F93D8D801B3E7170113F77700630185
:1088B000071013F7F70091466303D70091073707B6
:1088C00000047D8F75C7130718001306F00F937609
:1088D000F70FE305C7FA9A07A58313959700DE06FD
:1088E0002581FE05558D4D8D8280B367170199EE68
:1088F00085CF95479A07A5831395970093F6F60FB2
:10890000DE062581FE05558D4D8D8280A5DBB707DE
:108910004000139597009306F00FDE0681452581F0
:10892000FE05558D4D8D82808147139597008146B8
:10893000DE062581FE05558D4D8D8280A557634845
:10894000F804F94737068000B38707417D45598E03
:108950006351F50479573307074113050002335774
:10896000E6006388A700938626CAB316D600B3E84C
:10897000D800B3371001D98F13F77700014815FBE2
:10898000139757008546E34807F48146A5B781460B
:108990008DB7938626C83397D8003337E000B316D7
:1089A000D600B3D8F800B367D700B3E7F800E9B74B
:1089B000C28689B7C167637CF5029307F00F13077E
:1089C000000263EBA700976700009387A747AA9769
:1089D00088233305A7408280218197670000938711
:1089E0006746AA97882361473305A7408280B70767
:1089F0000001636DF50061819767000093878744EC
:108A0000AA97882321473305A74082804181976731
:108A1000000093872743AA97882341473305A7403F
:108A2000828081456F10D00A294681456F10B01FA2
:108A3000938741848843828093874184AA858843B1
:108A40006DA0DDC183A7C5FF411122C406C626C2A1
:108A50001384C5FF63D307003E94AA84EF20F07C03
:108A60009387418E9C4381EF2322040023A2818EB1
:108A70002244B2402685924441016F20307B637EC0
:108A8000F40014403307D4006396E7009843DC43B6
:108A9000369718C05CC0D9BFBA87D84319C3E37DE5
:108AA000E4FE94433386D700631F86001040B296DD
:108AB00094C33386D700E31DC7FA10435843B296D8
:108AC00094C3D8C375B76375C400B1479CC04DB794
:108AD0001040B306C4006316D70014435843B2963F
:108AE00014C058C0C0C369B78280011126CA9384DC
:108AF0003500F19806CE22CC4AC84EC6A104B14733
:108B000063F5F404B14463E4B4042A89EF20F071FE
:108B10009387418E98433A8429E49387818E9C43BE
:108B200099E781454A85EF00102823A4A18EA685E8
:108B30004A85EF005027FD5963193507B1472320B7
:108B4000F9004A85EF20906E29A0E3DE04FAB147D0
:108B50001CC10145F2406244D2444249B249056118
:108B600082801C40858F63CF0702AD4663F6F60016
:108B70001CC03E9404C031A05C406313870223A252
:108B8000F18E4A85EF20906A1305B40093074400E4
:108B900061993307F5405DDF3A94898F1CC05DBF52
:108BA0005CC3C5B72287404085BF13043500719868
:108BB000E30285FCB305A4404A85EF00D01EE31B09
:108BC00035FBADBF797122D44AD052CC56CA5AC8AF
:108BD00006D626D24ECE3A8AAE8A32843689428B67
:108BE000014763580600370700803344C700130766
:108BF000D00298A393F4F8FD930760048D46638830
:108C0000F4009307500489466393F4000509DA875A
:108C10009308C100130881004A87D6852286EF1089
:108C2000F01993077004AA896396F400137A1A0066
:108C3000630A0A0493076004338A29016397F402E4
:108C400003C7090093070003631EF700014681462E
:108C50005685A285EFD0BFBB11C585473389274113
:108C600023202B0183270B003E9A0146814656851F
:108C7000A285EFD0DFB911E152C613070003B24756
:108C800063E24703B2474257B2502254B387374199
:108C90001CC34E8592540259F249624AD24A424B51
:108CA000456182809386170036C698A3C9BF10A17C
:108CB000130725009307B00263D60500B305B04043
:108CC0009307D0021CB1A54763DAB704411193079B
:108CD000F100BE88294813033006B3E60503138666
:108CE000F7FF93860603A38FD7FEB3C60503634D34
:108CF000B30093860603F917A30FD6FE63E91701A5
:108D00003305A74041018280B287B685F9B7850750
:108D100083C6F7FF0507A30FD7FECDB79307000360
:108D200013074500938505033CA12CB13305A740EB
:108D3000828019713ACE86DEA2DCA6DA2E84CAD8E9
:108D4000CED6D2D4B689DAD0DECEE2CC3289D6D233
:108D5000E6CAEAC8EEC6AA84EF20F03B832B0500E2
:108D60005E85EF00F006032B0400724702DC937669
:108D70000B102A8C034A84011C43F1CA93864700D6
:108D800014C39C43081098433AD0D8433AD298472A
:108D90003AD4DC473ED6EF30B02828C46CC4832CCC
:108DA000C404176700001307E719832A8404032DFE
:108DB0000700832D470093971C0085836A86EE8603
:108DC0005685BE853ECEEFE0DF8041EDF2476A86F4
:108DD000EE865685BE85EFD01FB56354A0080146C8
:108DE00081465685E685EFD01FB46356050093078C
:108DF000D002A301F40493077004976A0000938AD9
:108E0000EA1463F64701976A0000938A6A14137B99
:108E1000BBFF8D47232064011CC8014B4E87CA86C7
:108E20007018A2852685C12EFD5C631E95157D55A3
:108E3000F6506654D6544659B659265A965A065B89
:108E4000F64B664CD64C464DB64D096182809D0767
:108E5000E19B9386870014C39843DC4338C47CC4E9
:108E60003DBF5686E6865685E685EFE08FF611CD46
:108E700093077004976A0000938ACA0DE3F947F9D3
:108E8000976A0000938A4A0D59B75C407D57137D5D
:108E9000FA0D6395E70899475CC0544013670B408F
:108EA0003C18D6853EC018C09307310302C2D28851
:108EB0001308410366862685EFF0DFD09307700420
:108EC000AA8AD255631BFD00F55763C5F5005C40C7
:108ED00063D8B708791A137AFA0F9307500663E636
:108EE0004705FD155286130504052EDAEFF03FDC29
:108EF000625785462A8BB307A7001CC863C5E600E6
:108F00001840058B19C385071CC883473103E387C5
:108F100007F09307D002A301F40409B71307700404
:108F2000E31DEDF6BDFB854785BF93076006631B18
:108F3000FA025C40635BB0000CC881E71840058B07
:108F400009CF8507AE971CC809A889E71840854650
:108F5000058B19C39386270014C82CCC014B75B719
:108F6000130A7006E25763C9F5001C400CC8858BD4
:108F7000EDD793871500C1BF05476344B00009478B
:108F80000D8FBA97C9B71C4013F7074015E3144873
:108F90005686CA8526858299E30B95E91C40898B04
:108FA00063960724F2574844E354F5E83E8549B5F3
:108FB00013075006637B471928446C4401468146D9
:108FC000EFD0FF8439E9854617660000130606F9DD
:108FD000CA8526858299E30C95E55257E257634589
:108FE000F7001C40858BDDDBE2865E86CA85268520
:108FF0008299FD57E30DF5E2014A930AA4017D5BD6
:10900000E257FD17E35CFAF885465686CA85268541
:109010008299E30E65E1050AE5B7D2576346F0068B
:10902000854617660000130666F3CA852685829971
:10903000E30F95DFD2576257D98F81E71C40858BAC
:10904000B1DFE2865E86CA8526858299FD57E300F8
:10905000F5DE014A130BA401FD5BD257B307F040C4
:10906000634BFA00E2565686CA8526858299FD57DB
:10907000E316F5F26DBB85465A86CA852685829928
:10908000E30775DB050AD1BF3C4C625A63D3470145
:109090003E8A635A4001D2865686CA8526858299C1
:1090A000FD57E306F5D8814C130DA401FD5D09A819
:1090B00085466A86CA8526858299E30AB5D7850CD6
:1090C000032B8405D28763530A008147B307FB4013
:1090D000E3C0FCFE5257E257634DF7021C40858BFC
:1090E0008DEBE2575257338AE7406344EB00338AF3
:1090F0006741635B4001D28633866A01CA85268553
:109100008299FD57E305F5D2814A130BA401FD5B5B
:1091100015A0E2865E86CA8526858299FD57E312F0
:10912000F5FC31B385465A86CA8526858299E300C7
:1091300075D1850A5257E257998F528763530A00B7
:109140000147998FE3C0FAFE91BDE256054763449B
:10915000D700858BB5C785465686CA8526858299F0
:109160007D5AE30645CDE2865E86CA8526858299CC
:10917000E30F45CB28446C4401468146EFD02FE9EC
:109180001DC9E25613861A00CA85FD1626858299E6
:10919000E30F45C9DA8613060405F9B585465686F8
:1091A000CA8526858299E30475C9050AE257FD1729
:1091B000E346FAFEC5B7014A930AA401FD5BFDB779
:1091C00085465686CA8526858299E31595FD85B123
:1091D00085465686CA8526858299E30A65C5050AAD
:1091E0005C447257998FE345FAFE6DBB014A930ABE
:1091F00094017D5BF5B7797156CA9C49BA8A984546
:1092000022D426D24ECE52CC06D64AD05AC85EC6FA
:10921000AA892E84B284368A63D3E700BA879CC0B9
:109220000347340419C385079CC01C4093F7070209
:1092300081C79C4089079CC00329040013796900F9
:10924000631A0900130B9401FD5B5C449840998FED
:10925000634CF9041C408346340493F70702B33689
:10926000D000A5EB13063404D2854E85829AFD57B3
:109270006303F5041C4011469840998B5444814483
:109280006397C700B384E64063D3040081441C4461
:1092900018486354F700998FBE94014969047D5BB7
:1092A00063982405014509A885465A86D2854E85CE
:1092B000829A631E75017D55B25022549254025910
:1092C000F249624AD24A424BB24B4561828005095B
:1092D000ADBF3307D40013060003A301C70403473F
:1092E000540493871600A2978906A381E7049DBFC3
:1092F00085462286D2854E85829AE30E65FB050956
:1093000045B7797122D426D24AD04ECE06D652CC59
:1093100056CA5AC8B689942D930790063289AA84F2
:109320002E8413863504638DF60263E2D706930715
:1093300080056387F61863EDD700638F06209307D7
:109340003004638FF60A930A24042301D404D1A0C5
:10935000930730066386F60A93074006E395F6FE08
:109360001C40084393F6070893054500CDC61C41F1
:109370000CC363D807001307D002B307F040A30162
:10938000E404976600009386A6BD29476DA893075D
:1093900000076383F61663E5D7029307E006638A46
:1093A000F6189307F006E390F6FA0C401C4313F806
:1093B0000508138547006308080608C39C438DA869
:1093C00093075007E383F6FE93078007638AF6123C
:1093D00093073007E399F6F61C43D0418145938605
:1093E000470014C383AA07005685EF20605701C5C4
:1093F0003305554148C05C401CC8A301040461A862
:109400001C43930A2404938647009C4314C32301FE
:10941000F4048547D5B793F607041C410CC3B1DAB1
:10942000C207C187B9B793F5050408C3C1D99E2304
:109430001307F0066387E60E97660000938646B230
:109440002947A30104044C400CC463C5050008402F
:109450006D9908C099E3B28A89CDB28AB3F5E70263
:10946000FD1AB6958C212380BA00B3D5E70263F0CC
:10947000E70CA147631EF7001C40858B91CB584039
:109480001C4863C7E70093070003A38FFAFEFD1A89
:109490003306564110C84E87CA867000A2852685BD
:1094A000EFF07FD57D5A631D450B7D55B250225498
:1094B00092540259F249624AD24A424B4561828033
:1094C000A382D50497660000938686A90C400843C2
:1094D00013F805081C411105630D080208C313F7B2
:1094E000150001C793E505020CC04147B9FB0C40CC
:1094F00093F5F5FD0CC0B1B79C4193E707029CC101
:1095000093078007A302F40497660000938686A65B
:1095100075BF13F8050408C3E30308FCC207C18341
:109520007DBF976600009386A6A3214719BFAE872B
:1095300035B794411C43CC4913F8060813854700FE
:109540006306080008C39C438CC339A008C393F684
:1095500006049C43F5DA8EA323280400B28A25BFB3
:1095600014485686CA8526858299E30045F51C4035
:10957000898B8DE7B2474844E35AF5F23E853DB703
:1095800085465686CA8526858299E30065F3050AD5
:109590005C443247998FE345FAFEE9BF014A930ADA
:1095A00094017D5BF5B7411122C42A842E8523AC3A
:1095B00001C406C6EFA02FF9FD576317F500938786
:1095C00081C59C4391C31CC0B240224441018280AA
:1095D000AA87850703C7F7FF6DFF3385A7407D1571
:1095E000828018219C2101E791C301458280814737
:1095F00039A01C3113071500EDDB81473A8533870D
:10960000F500182365D7B306F5009422E393E6FE30
:1096100085072A87E5B7011122CC2A872E843A854F
:10962000A28532C606CEEF20502D32462A88AE885B
:1096300005C651801374F47F9307B006818F635D74
:10964000F000D2073707F03F01483E974286BA86BE
:10965000EFD0CFB82A88AE88F24062444285C685F2
:109660000561828035714AC92A89368532D436C669
:1096700006CF22CD26CB4EC7EAD8EED62E8D52C5C8
:1096800056C35AC1DEDEE2DCE6DA82C8EF204028AB
:10969000AA8D084181440144EFF09FF3B246AA89A4
:1096A000EAC635469305B0021305D002130800023E
:1096B000A548B6479823636BE608637F170955C72B
:1096C00002C8364A93070003814A03470A00631B16
:1096D000F71283471A00130780056388E700130613
:1096E0008007130700036396C710C247368898089F
:1096F000D408176600001306668DEC004A85EF104B
:10970000B03893797500AA8A6388090099476397EE
:10971000F906050AD2C602C8A25781C7B647225722
:109720001CC3C247B9C7B7050080A18DFA406A447F
:1097300026854A49DA44BA492A4A9A4A0A4BF65BCC
:10974000665CD65C465DB65D0D6182806309B700DC
:109750006303A702E31607F78507BEC699BF02C8D1
:1097600013871700BAC69C33A9FFA257EAC602C8DE
:10977000D5F7A28565BF05473AC8DDB7464611CA89
:1097800093055003A808EF20703BC6454A85EF209B
:10979000C032FD19914763EE3701175700001307D8
:1097A000A77E8A09BA9983A70900BA978287E644F7
:1097B000764493FA8A00E3810AF6B70700805D8C4D
:1097C000A1BFF6453704F0FF7D14B3F7850056447A
:1097D000E644130434439315440133E4B700D1BF86
:1097E0003704F07FF9B7B705008013C4F5FFFD54C7
:1097F000C9B7B64793861700B6C69C33E38BE7FE1E
:1098000081DF854AB64C014A814B014CA546A145F2
:10981000A9473645034B050013070BFD1376F70FD9
:1098200063FDC60483A50D004E86EF20F06F3DC199
:10983000DA87E28D8146014B0145130750066387A5
:10984000E7001307500481496395E71663960D00FE
:10985000B3E7560199DB814D364D1307B0029307EC
:109860001D00BEC683471D00638FE70C1307D0029F
:1098700001486390E70E0548C1A863C98501B38B11
:10988000FB02BA9B0505050CAAC661B7330AFA02AA
:109890003A9ACDBF364581464E95AAC61C21630B28
:1098A0000C06014BE28D138707FD25466375E60222
:1098B000054561B7B647850613861700B2C69C33C7
:1098C000E38AE7FE1387F7FC2146E366E61EB64C03
:1098D000368B814D8146938707FD1387160085C718
:1098E0003A9B3385B6016E872148C14829466316E5
:1098F000A702850DB69DA14663CEE6022947B38B2C
:10990000EB020147BE9BB64793861700B6C69C3351
:10991000BA8651BF1307000365B793051700634666
:10992000E800B38BCB022E87D9B7E3CEB8FE330A5B
:10993000CA02D5BFC1460147E3C7B6FDA946330AEF
:10994000DA023E9AC9B7014893072D00BEC6834785
:109950002D00138707FD25466365E60C13070003FA
:109960006385E70A1387F7FC214681496363E604B0
:10997000B648138707FD2543294EB64713861700BF
:10998000B2C69C33938507FD93F5F50F6375B30855
:109990009569330616419389F9E1A148CE8563C6DE
:1099A000C800BA8963D3E500AE8963040800B3092F
:1099B000304163960D0CB3E6DA00E39F06D4E3165C
:1099C00005DA1307E0046389E706634FF70413071A
:1099D0009004E39CE7D8975500009385255EE80046
:1099E000EF10F059E30305D8B6479755000093856B
:1099F000255DE800FD17BEC6EF10705801E5B647BB
:109A00008507BEC63704F07F01BBB6471386170033
:109A1000B2C69C33B1B73307C703BA97138707FDA4
:109A2000A9BFEAC6814971B713079006E385E7FA33
:109A30001307E006E39BE7D2975500009385C558CE
:109A4000E800EF10D053E30205D2B64798239307FE
:109A500080026313F702B0089755000093854558BC
:109A6000E800EF10B05495476318F500F645370449
:109A7000F07FE6444D8C4DB13704F8FF71B9B38ADD
:109A8000694163130C006E8CC1476E8D63D3B701BF
:109A9000414D5E85EFD01FCBA547AA842E8463DCA1
:109AA000B70393077DFF13973700975700009387FD
:109AB000675EBA979043D443EFC05FF22A84528521
:109AC000AE84EFD03FC82A86AE862285A685EFC039
:109AD000CF85AA842E84BD4763CDB709E38E0AC221
:109AE000635450075947634357038E0A9757000042
:109AF0009387475ABE9A03A50A0083A54A00268683
:109B0000A286EFC0BFEDAA842E8439B1130750029C
:109B10003307B741634F5705B38DB741175900005D
:109B20001309495793973D00CA978843CC43B38D97
:109B3000BA412686A2868E0DEFC05FEACA9D03A6B3
:109B40000D0083A64D0075BFA95763C4FA02B3097F
:109B50003B41139B3900975900009389A953DA9927
:109B600003A6090083A649002685A285EFC0EFEE73
:109B700059BF338DAD41569D6357A0119377FD00BA
:109B800099CF175700001307E7508E07BA978843FD
:109B9000CC432686A286EFC07FE4AA842E84137D60
:109BA0000DFF63080D0A9307401363D5A705014B0A
:109BB000814902C6814B930720022320F900370414
:109BC000F07F8144B247E38907B4C6454A85EF1068
:109BD000D06EDE854A85EF10506ECE854A85EF1037
:109BE000D06DB2454A85EF10506DDA854A85EF1089
:109BF000D06C1DB6135D4D402685A2858147014A74
:109C0000054897580000938868466346A80599C39D
:109C1000AA842E84175700001307474593173A006C
:109C2000BA978843CC433707B0FC22972686BA867A
:109C3000EFC0DFDA3704F07FB377B4003707A07CDA
:109C4000AA84E366F7F63707907C637AF7027D14FF
:109C5000FD54014ADDA813771D0011CF13173A00F8
:109C6000469710435443EFC07FD785470548975820
:109C700000009388A83F050A135D1D4079B737049B
:109C800050032E94F9B7E3060DFC330DA0419377F2
:109C9000FD0099CF175700001307C73F8E07BA97EB
:109CA0009043D4432685A285EFC02FDBAA842E845F
:109CB000135D4D40E30F0DF8FD4763DDA701014B38
:109CC000814902C6814B930720028144014423202D
:109CD000F900CDBD137A0D0163040A00130AA00632
:109CE0002685A285975700009387C7300147937652
:109CF0001D0081CA9043D4433EC6EFC03FCEB24759
:109D00000547135D1D40A107E3130DFE19C3AA8487
:109D10002E8463050A029357440113F7F77F9307D4
:109D2000B006998F635CF0007D476354F7221307F8
:109D3000400381446359F72037047003014681468C
:109D40002685A285EFC0BFAC3DD95E87EE866286D0
:109D5000E6854A85EF1030642AC6E30A05E493D706
:109D6000FA41B3093B41B3F7F9003ED056CE63D375
:109D70000A0002CEB247014B8149B1073ED8B7076E
:109D80001000FD173ED6B2474A85CC43EF10304A4B
:109D9000AA8BE30205E2B247C2553105904B090692
:109DA0000A06EF10703DB808D4082286A6854A85B9
:109DB00026CA22CCEF200044AAC8E30E05DE854562
:109DC0004A85EF109072AA89E30705DED64763C77C
:109DD00007180257724C338DE7006647B387474137
:109DE00093066003BA97FD17930D20C0998E63D632
:109DF000B7193387FD407D46998E6346E616854D3B
:109E0000B397ED003ED2814C369CB30DDD00529CE1
:109E1000EA8763D3AD01EE876353FC00E2876358A2
:109E2000F000B38DFD40330CFC40330DFD408257F4
:109E30006358F002CE853E864A85EF200001AA894C
:109E4000E30B05D64646AA854A85EF10D06B2ADA81
:109E5000E30305D6C6454A85EF103046D257BEC843
:109E6000634FB011635A50017246DE854A85EF1088
:109E7000D07DAA8BE30105D4635A8001DE8562861A
:109E80004A85EF206008AA8BE30705D2635AA00138
:109E9000CE856A864A85EF202007AA89E30D05D082
:109EA000C6455E864A85EF2020162A8BE30505D03D
:109EB000032CC500CE8523260500EF20C011635971
:109EC000050C336C9C0063110C129317C400639D46
:109ED0000710B707F07FE18F3707B0066376F710FA
:109EE00083274B0191E703270B01854763DEE70ECC
:109EF000DA8505464A85EF202001CE852A8BEF20A2
:109F0000800D6353A00E630C0A10B707F07FE18F3A
:109F10003707B0066345F71037077003E355F7DAE4
:109F20000147B70750392685A2853A86BE86EFC01D
:109F3000FFAA2E84C98DAA84E39905C8930720023D
:109F40002320F90059B181177D57B317F7007D8C95
:109F5000F5B37D57B317F700FD8CCDB37247025DA3
:109F6000330CF7409DBD930C20BEB387FC40854C5D
:109F7000B39CFC0085473ED241BD814CE5BFC64540
:109F80006E864A85EF105078AAC8E31D05EC25B10E
:109F900069E9370710007D17B377E40063090C0403
:109FA0006399E7047D5763000A02B707F07FE18FEA
:109FB000B706A00663E9F600D1839306B006B3871F
:109FC000F6403317F7006396E402B707F07FFD17FA
:109FD0006315F400FD57E380F4BEB705F07FE18D13
:109FE000370410002E948144E31C0AF2F9BEC58F99
:109FF00099DB63820C04B3FC8C00E3870CFE528671
:10A000002685A285630F0C02EFF0EFE02A86AE866C
:10A010005245E245EFB07FB1AA842E84F1B7B7056F
:10A02000F07FE18D3704F0FFA295370410007D1416
:10A030004D8CFD5455BF9257B3FD9700E3860DFA42
:10A040007DBFEFF04FDD2A86AE865245E245EFC078
:10A050007FE401468146AA842E84EFC04FFB49F578
:10A060009DB1CE855A85EF20202697570000938713
:10A07000E7BC9043D4432A8DAE8DEFC0DF8A6342A4
:10A08000A01063010C0A814D370DF03F0147B7075F
:10A09000F03FB706F07FB37CD400B706E07F639F44
:10A0A000DC166AD2370DB0FC229D2685EA853EDE9D
:10A0B0003ADC6EDAEF206004D25812582A86AE8657
:10A0C0004685C285EFC09F912686EA86EFB0FFA540
:10A0D000AA843705F07F3376B500B706A07C6257B7
:10A0E000F2576365D60C62479307F5FF6396E70066
:10A0F0005247FD57E381E7ACB707F07F1384F7FFC2
:10A10000FD54C6454A85EF10501BDE854A85EF1089
:10A11000D01ACE854A85EF10501ADA854A85EF109D
:10A12000D01995B1B1E0B257E18FA1E797370000A0
:10A13000938747929043D4436A85EE85EFC0AFFE84
:10A14000634D0502973700009387C79F9043D44320
:10A150006A85EE85EFC09F882A87AE87370D00801D
:10A16000BA8D334DFD0035B785476394F400E30C99
:10A1700004B4814D370DF0BF11BF0147B707E03F71
:10A18000F1BF973700009387E79B9043D4436A85DC
:10A19000EE85EFC0BF842A87AE872E8D63160C0034
:10A1A000370D0080334DBD00AA8DE5B5370450034F
:10A1B0002E94E3180AF4B706F07FE18EE393DCF403
:10A1C000BE853A853A8DBE8CEFD06FC4EFD06FD08C
:10A1D0002A86AE866A85E685EFC0DFCBB2572A8D28
:10A1E000AE8DE18FC58F33EC8701630B0C0A975757
:10A1F0000000938727DB9043D443EFC0CFF2E346C0
:10A20000059C97570000938767DA9043D4436A858B
:10A21000EE85EFC06FE6E356A0EE45BA630D0A0483
:10A22000B706A00663E9960597560000938606D701
:10A230009042D4423A85BE853ADA3ED2EFC0AFEEC4
:10A24000925752576344A0023A85BE85EFD0AFC201
:10A2500011E10545EFD00FCF2A87AE872E8D63160B
:10A260000C00370D0080334DBD00AA8DB705B00638
:10A270002E9D330D9D415245E2453EDA3AD2EF1014
:10A28000D0672A86AE866E85EA85EFC02FF55246E6
:10A29000E246EFB09F89AA842E84D257125711BF8D
:10A2A00097570000938707D19043D443EFC0AFE79F
:10A2B000E35905E419BA130750066387E70013074B
:10A2C000500405456399E7EE014B05456FF04FD803
:10A2D000938741849C432E86945389E69766FF1F9B
:10A2E000938646DAAA853E856FF0CFB779714AD05A
:10A2F0004ECE06D622D426D2AA892E8993041900DE
:10A3000003C4F4FF3A8536C632C42EC23AC0EF10F9
:10A31000C05F22951C3102479245A18B2246B2466E
:10A32000D1E39307D0026311F4089C200543930402
:10A330002900E5C641476390E60213070003639CCA
:10A34000E7009C201307800593F7F70D6392E70C55
:10A350009C30C1468904B70800806314030093C889
:10A36000F8FF33FFD80201480145A54FE54EFD52E5
:10A3700033DED802138707FD63E3EF04BA8763DE99
:10A38000D704630D58007D58636AAE006314AE00B5
:10A390006346FF0005483385A6023E95850483C7C2
:10A3A000F4FFC9BF268999BF9307B0026305F40083
:10A3B000A2870143BDBF9C2093042900DDBF138702
:10A3C000F7FB63E5EE00938797FC55BF1387F7F91A
:10A3D00063E5EE00938797FA5DB7FD57631FF800BA
:10A3E0009307200223A0F900468519EEB2502254AB
:10A3F00092540259F2494561828063040300330597
:10A40000A0406DD6630408009385F4FF0CC2F9BF29
:10A4100093070003A9F2A1463DBF13070003E3829F
:10A42000E7F2A9460DBF938741849C43B2869853B7
:10A4300009E71767FF1F1307E7C42E86AA853E8525
:10A440006FF0DFEAB7070080197193C7F7FF3ECEC0
:10A450003EC8C1772EC42ECC938787202C0086DE81
:10A460003ECAEF20E005A24723800700F6500961AD
:10A47000828093874184B2862E86AA8588436FF0B6
:10A480007FFC011122CC1C49804906CE26CA4AC84D
:10A490004EC652C456C263C187127D1413182400DD
:10A4A00093894501338A0901130945014A98832795
:10A4B0000A00032708008507B354F7026366F7060E
:10A4C000C1684E834A8E814E014FFD181103032649
:10A4D000C3FF110E3377160141823307970233060B
:10A4E0009602769793560701B3771701B307FF409B
:10A4F00036968326CEFF935E06013376160133F738
:10A500001601BA97C18213D70741918EBA9613DF0D
:10A510000641B3F71701C206D58F232EFEFEE3775F
:10A520006AFA83270800BDCBAA8AEF10D02A6349B4
:10A53000050441668504CA8501457D16910903A875
:10A54000C9FF98419105B376C800158DB376C70051
:10A55000AA96935707011358080113D70641B387EA
:10A560000741BA9713D50741F18EC207D58F23AEA5
:10A57000F5FEE3753AFD93172400CA9798431DC76B
:10A580002685F2406244D2444249B249224A924A64
:10A59000056182808327080089E77D147118E36BC9
:10A5A00009FF00C951B7984309E77D14F117E36C1F
:10A5B000F9FE23A88A00E9B70145E1B775713ED8D5
:10A5C0005C5122C526C34AC1CEDED2DCE2D406C726
:10A5D000D6DADAD8DED6E6D2EAD0EECE36C23AC63F
:10A5E00046CAAA842E843289C2892E8A328C89EF87
:10A5F0004145EFE06FC4C8D02322050023240500A5
:10A600002320050023260500DC508C4389CDD84348
:10A6100085472685B397E7009CC5D8C1EF10E04970
:10A62000DC5023A00700635309048547131C19005D
:10A6300023A0F900135C1C00B707F07F3377FC0000
:10A640006314F70642578967320C9387F770135CDF
:10A65000CC001CC3336C8C00E3000C32D24791EB6E
:10A66000975700009387479F3EC039A823A0090051
:10A67000E1B7975700009387279E3EC09757000089
:10A680009387B79D52471CC3BA402A4402459A4457
:10A690000A49F659665AD65A465BB65B265C965C02
:10A6A000065DF64D49618280014681462285E2853C
:10A6B00022CE62D4EFC0AF9505E1425785471CC357
:10A6C00097570000938787893EC0D247D5DF9757B9
:10A6D00000009387B7887DB7B800F4006286A28532
:10A6E000268513594C01EF10F0301379F97FAA89B0
:10A6F000A64A630D0910A2577245130919C0939514
:10A70000C700B181B707F03FDD8D02DC974700003D
:10A710009387C7449043D443EFC0CFF797570000C7
:10A720009387C78F9043D443EFC04FAB9757000038
:10A730009387478F9043D443EFB02FBF2A8B4A852E
:10A74000AE8BEFC01FF9975700009387278E904379
:10A75000D443EFC0AFA82A86AE865A85DE85EFB017
:10A76000CFBC2A8BAE8BEFC09FEA2A84014681467C
:10A770005A85DE85EFC02F9B635B05002285EFC005
:10A780005FF55A86DE86EFC08F8811C17D140547BC
:10A79000D9473AD663E3870213173400975700006E
:10A7A0009387478FBA979043D4437245A255EFC021
:10A7B0008F97635305007D1402D633892A41930B8A
:10A7C000F9FF014B63D60B00054B330B2B41814B3B
:10A7D000634E0406A29B22CC814A1247A54763E53B
:10A7E000E7149547854C63D6E7009307C7FF3EC241
:10A7F000814C12478D47630EF71063CFE7048947FA
:10A8000002C8630DF70685473EC88DA036499307F9
:10A81000000256991307294363D5E7021305000484
:10A82000198D930729413315AC003354F400418D41
:10A83000EFC05FF1B70710FEBE9585477D193EDC7E
:10A84000F1B53385E7403315A400DDB7330B8B40FA
:10A85000B30A804002CC51B712479147630EF7000C
:10A8600005473AC8124795476306F70AFD573EC4A5
:10A87000FD5DC94702C619A885473EC8B24763486F
:10A88000F00A854705473EC4854D3AC603A94402F0
:10A89000114723220900930647018325490063FCE1
:10A8A000D7082685EF10A018DC502320A9009C4370
:10A8B0003EC0B94763E6B71D63840C1C635E800A23
:10A8C0009377F40013973700935C44409747000058
:10A8D0009387477CBA9793F60C0198430949DC4368
:10A8E00085C6974600009386667890527245D4528A
:10A8F000A2553AD03ED2EFB05F960257925793FCE2
:10A90000FC002A8A2E8C0D49174D0000130D0D7680
:10A9100089A802C8B247A2973EC4938D1700EE875C
:10A92000E346B0F785479DB7854C02C2E9BDB24703
:10A930003EC4BE8DA1BF85052322B9000607A1BF75
:10A9400093F61C0081CE03260D0083264D003A8528
:10A95000BE85EFC0AF8805092A87AE8793DC1C400F
:10A96000210DE39F0CFC3A86BE865285E285EFB04E
:10A97000DF8E2A8A2E8C81A0094915CCB30C804029
:10A9800093F7FC0013973700974700009387877071
:10A99000BA979043D4437245A25593DC4C40174D6F
:10A9A0000000130DAD6CEFC06F832A8A2E8C814797
:10A9B000639B0C12DDFFB257638607141727000054
:10A9C00013074709104354435285E28552D0EFB034
:10A9D0009FF563590512638A0D12A2476350F00A6E
:10A9E00017470000130707658257104354433E85FD
:10A9F000E285EFB0BFFEA247130DF4FF2A8A2E8C2A
:10AA0000050962874A853EDE52DABA8C3AD0EFC039
:10AA10005FCC525802573709C0FC4286BA86EFB065
:10AA2000FFFB97460000938666619042D442528CA9
:10AA3000EFB0AF8FF2572A8A2E99F9EB97470000B3
:10AA400093874760525802579043D4434285BA8552
:10AA5000EFC04FC45286CA862A8CAE8CEFB0DFE1BD
:10AA60006346A054B7070080B3C727015286BE864D
:10AA70006285E685EFB03FEB63470552724A225C80
:10AA8000B64763C307303947634087301317340034
:10AA90009747000093870760BA9703AB070083AB23
:10AAA0004700B24763D10720634FB01F639D0D4E2F
:10AAB00097470000938707599043D4435A85DE8512
:10AAC000EFB0DFF15286E286EFB01FDB814A014929
:10AAD0006353054A824702470504138A1700930708
:10AAE00010031CA369A913F71C0009CB03260D0052
:10AAF00083264D000509EFB07FEE854793DC1C40AF
:10AB0000210D7DB5228DEE87EDBD228D8147D5BD0E
:10AB10009386F7FF13963600974600009386865774
:10AB2000B2968842CC428246B6973EDAC247E9C323
:10AB300097270000938707012A86AE868843CC4377
:10AB40004ADE52D0EFB06FF1025872571749000039
:10AB50001309494E4286BA86EFC0CFB3024A2AD0C3
:10AB60002ED2E6856285EFC09FAA2ADEEFC07FB6AF
:10AB70002A86AE866285E685EFC0CFB1F2572A8C71
:10AB8000AE8C2A86AE8602559255050A9387070336
:10AB9000A30FFAFEEFB05FCE6348A00E9727000028
:10ABA000938747EB8843CC436286E686EFC08FAE3F
:10ABB0002A86AE8602559255EFB01FCC6342A0188C
:10ABC000D257E30DFAEA032609008326490002550D
:10ABD0009255EFB0BFE003260900832649002AD032
:10ABE0002ED26285E685EFB07FDF2A8CAE8C95BFD2
:10ABF0005286CA86EFB09FDE525A02492AD02ED220
:10AC0000E6856285EFC0BFA02ADEEFC09FAC2A8632
:10AC1000AE866285E685EFC0EFA77257D257050969
:10AC200013070703A30FE9FE2A8CAE8C6312F90603
:10AC300017290000130909F103260900832649009A
:10AC400002559255EFA07FEE2A86AE866285E68594
:10AC5000EFB09FC26346A00E02569256032509002C
:10AC600083254900EFC00FA32A86AE866285E6855C
:10AC7000EFB07FCB93070003E35205E00347FAFFF1
:10AC80009306FAFF6304F7006A8459A8368AFDB771
:10AC9000974700009387073A9043D443EFB01FD4FF
:10ACA0002A8CAE8CB1BFE287BE8C8247528C974A09
:10ACB0000000938A2A3813891700BE9D5A86DE86C3
:10ACC0006285E685EFB06FD9EFC07F942A8DEFC023
:10ACD0005FA05A86DE86EFB07FD02A86AE86628578
:10ACE000E685EFC02F9B93070D03A30FF9FE2A867D
:10ACF000AE864A8A639B2D07EFA03FE35A86DE8625
:10AD00002A8CAE8CEFB05FB7634BA0025A86DE860A
:10AD10006285E685EFB0BFAF01E593771D0085E35F
:10AD2000CE852685EF007059C25723000A0005041E
:10AD300080C3D247E38A079423A04701B1B2228D92
:10AD4000130790038346FAFF9307FAFF6399E6001F
:10AD50008246639AF60013070003050D98A2982314
:10AD6000050798A315B73E8AF1BF03A60A0083A67C
:10AD70004A000509EFB09FC6014681462A8CAE8C79
:10AD8000EFB0FFA805FD69BF424763000710924678
:10AD900005476345D70C62579387374309E7264732
:10ADA00093076003998F568DDA8C854526853E9BE7
:10ADB000BE9BEF0090732A89635E9001635C700113
:10ADC000E68763D39B01DE87330BFB40B38CFC40EB
:10ADD000B38BFB4063800A04C247C5CF6354A00312
:10ADE000CA856A862685EF1040064E86AA852A897E
:10ADF0002685EF0050712ACECE852685EF00F04BD8
:10AE0000F247BE893386AA4111C6CE852685EF104A
:10AE1000C003AA8985452685EF00306DE247AA8ADE
:10AE2000635BF0063E86AA852685EF100002124776
:10AE30008547AA8A014D63C8E706014D63120A06D9
:10AE40009317CC00528DA9EFB705F07F337CBC007F
:10AE500063080C04050B850B054D99A0138DFDFFB0
:10AE600063CAAA01338DAA4163DE0D00B30CBB4156
:10AE7000814725BFE247B30A5D41D6973ECCEA8AB7
:10AE8000014DDDB7DA8CEE870DB7568DDA8C0149AE
:10AE900025B756869DBF12478547014DE3DFE7F88A
:10AEA000E247054589CF83A70A018D078A07D69710
:10AEB000C843EF009058930700023385A7405E9582
:10AEC0007D8951C193070002898F1147635AF706A4
:10AED000F1473385A7402A9BAA9CAA9B635860012F
:10AEE000CE855A862685EF102002AA896358700104
:10AEF000D6855E862685EF102001AA8AB257B1C793
:10AF0000D6854E85EF10200D63510504CE85814610
:10AF100029462685EF00B03EC2477D14AA89638B7F
:10AF20000726CA85814629462685EF00503DA2475F
:10AF30002A896345F0081247894763D1E70829A8A1
:10AF4000E38EE7F83E85710579B76345B007124790
:10AF5000894763D1E7066EC4A24791EFD685814643
:10AF600015462685EF00B039AA8AAA854E85EF10CE
:10AF70008006E341A0B6B247024A13C4F7FF014B73
:10AF8000D6852685EF007033E30C09D863080B00E3
:10AF900063062B01DA852685EF003032CA852685C7
:10AFA000EF00B031B5BB814A0149F1B76A84814AEB
:10AFB00001490DB6C2476EC46385071E63589001F0
:10AFC000CA8566862685EF0030742A894A8563061D
:10AFD0000D02832549002685EF007025032609010F
:10AFE0002A8B9305C90009060A063105EF00D0181F
:10AFF0000546DA852685EF003071824722474A8B65
:10B00000138C1700BA973EC693771A002A893EC45C
:10B01000D6854E85EFF0EFC6DA852A8D930D0503B0
:10B020004E85EF00507B4A86AA8BD6852685EF0099
:10B03000B07D5045930CFCFF2A8A054711E6AA858E
:10B040004E85EF0050792A87D28526853AC8EF00D1
:10B05000D02692474247628AB3E6E700A247DD8ED8
:10B0600081EE130790036388ED0463547001930D20
:10B070001D032380BC0129B763CA0B009247B3EBC1
:10B080007701A247B3EBFB0063950B04E353E0FEAB
:10B09000CE8505462685EF003067D685AA89EF0064
:10B0A00090736346A00071F513F71D0079D3130761
:10B0B0009003E39EEDFA930790032380FC00930630
:10B0C00090038347FAFF1307FAFF638CD7088507BD
:10B0D00045A0635BE00013079003E38EEDFC9387CC
:10B0E0001D002380FC0069BDB247A30FBCFF638134
:10B0F0008705CE85814629462685EF005020AA89FE
:10B1000081462946DA85268563182B01EF00301F1A
:10B110002A8B2A89050CEDBDEF00701ECA852A8B8B
:10B12000814629462685EF00901D2A89E5B7014B07
:10B13000CE8505462685EF00305DD685AA89EF00CD
:10B140009069E34EA0F601E593F71D00ADFB930770
:10B1500000030347FAFF9306FAFFE313F7E2368A88
:10B16000CDBF82476398E7000247050493071003A9
:10B170001CA339B53A8AB1B7524797470000938765
:10B18000E7EC3EC0974700009387C7EC631C07CEEF
:10B190006FF08FCFA2476346F00012478947E3CD97
:10B1A000E7DA024AD6854E85EFF0AFAD8247050A51
:10B1B000930D05033307FA40A247A30FBAFFE358E4
:10B1C000F7F6CE85814629462685EF005013AA89D9
:10B1D000D1BF10499306450113D75540B687635632
:10B1E000C7020A060A07FD8936963697B9C91308B9
:10B1F00047001843130300023303B3403357B7002B
:10B20000636EC80098C311C391073387D74009877D
:10B2100018C96394D700232A050082808328080078
:10B2200091071108B398680033E7E80023AEE7FE02
:10B230000327C8FFE1B711078325C7FF910723AE96
:10B24000B7FEE36AC7FED1B7930705FD93F7F70F83
:10B2500025476367F70001159377F50F3E858280D8
:10B260009307F5F993F7F70F954663E5F600130595
:10B2700095FBDDB71307F5FB1377F70F8147E3EF76
:10B28000E6FC130595FDC9BF1D71D6C2AA8A428589
:10B2900036C63AC286CECAC8D2C4DAC05EDE3E8B9B
:10B2A0006ED63289AE8DA2CCA6CACEC662DC66DA74
:10B2B0006AD8B92D832B05005E85EFE06FB1B387A7
:10B2C000AB0083A60D0083C7F7FF7957158F3EC8E3
:10B2D0002A8A93872600930600033306F700BE846C
:10B2E000850703C5F7FF32C4E309D5FEEFF0DFF5AC
:10B2F000631E05105286DE852685EF10E042631C32
:10B300000510338C440103450C00EFF0FFF3630597
:10B310000510E284930700038820630BF500EFF02B
:10B32000BFF2854793391500E28C3EC4268C21A0DC
:10B330008504DDB7050C03450C00EFF0FFF07DF947
:10B340005286DE856285EF10203E11E9639C0C0079
:10B35000529CE28C03450C00EFF01FEF5DE90144C5
:10B3600063850C0033848C410A0483470C00130767
:10B3700000056387E70013060007E28C6390C706A9
:10B3800083471C001307B002638BE7081307D00242
:10B39000638BE708930C1C00014D03C50C00EFF014
:10B3A000BFEA9307F5FF93F7F70FE14563E4F5086C
:10B3B000930705FF850C03C50C003ECAEFF0DFE8DC
:10B3C0009305F5FF93F5F50F6148D247A948637ED1
:10B3D000B80463040D00B307F0403E9423A09D0120
:10B3E000638C0904A247814491E39944F640664482
:10B3F00026854649D644B649264A964A064BF25B0C
:10B40000625CD25C425DB25D256182808149814C83
:10B4100031BF050C81B7268C01448549B9B7014D70
:10B42000930C2C009DBF054DE5BFB3871703AA976A
:10B43000C11749B7E28C5DB7B3079C40FD17814542
:10B440001D476344F70A5685DD23054693094501E8
:10B45000B3074641AA8D4E8D8148814C3ECA63E9AF
:10B46000840913054D0033053541098523209D01CD
:10B4700023A8AD00931455006685EF00007C832B54
:10B480000900898C63D89B0CB3847441A6856E85B2
:10B49000EF00306E2A8A05C91386F4FF9356564092
:10B4A0008A06CE96944205473317C700758F054A22
:10B4B00019CB6359CA009385E4FF6E85EF00706B6A
:10B4C0000D4A11E1094AA6856E85EFF09FD02694BA
:10B4D00003278900635F8708EE855685F92B92471D
:10B4E0009304300A23A0070011B78505858791BF13
:10B4F0009307FCFF3EC40346FCFFC2476309F60204
:10B50000930700026397F80023209D018148110DE5
:10B51000814C0345FCFF46CCEFF01FD3E2483D8948
:10B52000224333151501B3ECAC00910815A0524726
:10B530009307FCFF3383E700E36493FC1A8552868C
:10B54000DE8546CE1ACCEF10201E6243F2484DF93C
:10B550001A8C31B7014AE3DD74F7B3849B40EE8562
:10B5600026865685EF00501AAA8D058C9309450151
:10B5700085B7032749006355E40E330487406345CC
:10B5800074070327C9008946630AD7048D46630AF6
:10B59000D7048546631BD70263998B026391EB0244
:10B5A00003274900B2479304200698C305479247F2
:10B5B00023A8ED0023A0E90023A0B70105BD9385D2
:10B5C000FBFF6E85EF00F05A61FDEE855685F52193
:10B5D00092479304000523A0070009BDE3170BFE63
:10B5E000C1B7E31F0BFAD5B79304F4FF63180A063B
:10B5F00091C4A6856E85EF00D0572A8A13D7544090
:10B600000A074E9718438545B3959500F98D99C162
:10B61000136A2A00A2856E85B38B8B40EFF07FBB47
:10B62000032449008944630B0A080327C90089469B
:10B63000630AD7028D46630AD7028546631DD70089
:10B6400013772A0009CB03A70900336AEA00137AAB
:10B650001A00631E0A0093E404018DA0054A79BF15
:10B660008544D1B70547330B6741E3060BFE83A939
:10B670000D0113874D01FD55139A2900330647012B
:10B6800014436383B604850614C3894613874D01AA
:10B690006393D40883260900FD16639F760193D631
:10B6A0005B408A06369718438546B39B7601B3FB09
:10B6B000EB0063830B00854493E40402924723A0CC
:10B6C000B701B24780C31DB31107232E07FEE369FC
:10B6D000C7FA03A78D0063C4E90283A54D00568510
:10B6E0008505B12603A60D019385CD002A8B090699
:10B6F0000A0631055124EE855685C126DA8D03A749
:10B700000D019306170011070A0723A8DD006E97A5
:10B71000854654C39DBF83A60D0163DCD9008545D2
:10B720006E85EFF01FAB032789000504E35587F80A
:10B7300065B393FBFB018544E3800BF85297032527
:10B74000C7FFE52913070002B30B7741E34975FDF5
:10B75000A5B7A1473386C7400A0693060002918E1B
:10B760005C41184111053398D70033670701B3D7FF
:10B77000C700232EE5FE1CC1E364B5FE82801C4198
:10B780006548850503C6F5FF850701E61CC105452B
:10B79000828098239306F7FB93F6F60F6364D80034
:10B7A00013070702E30FC7FC014582805D7152DC7D
:10B7B00003AA0500A6C24EDE93545A405AD88A0402
:10B7C00086C6A2C4CAC056DA5ED662D466D26AD031
:10B7D0006ECE137AFA012A8BB289B29463030A00FF
:10B7E000910483270B001389C4FF23AE04FECA8D86
:10B7F0004A840146814A814B214C930C00021D4D25
:10B800009433138717003AC0B1CA368532C63EC496
:10B8100036C2EFF07FA3324659E59246A24763E86D
:10B82000DC0263D47A036378B4016346CD00EE850D
:10B830002285EFF01FF2214663F98900930DC4FFC2
:10B84000232E04FEDE8A6E840146824755BF93058F
:10B850009002639CB60889072320FB0063870B08CE
:10B860006379B4019D4763C6C700EE852285EFF07A
:10B870005FEE63FA8904CE8711040327C4FF9107A2
:10B8800023AEE7FEE37A89FE910723AE07FEE37D50
:10B89000F9FE8327090091E76317390585472320BF
:10B8A000F9001545A1A00506850B6358CC00E3FE01
:10B8B00089F8232E04FE054671141C403D89920729
:10B8C000C98F1CC059B7E3060AFC93070002B3876F
:10B8D00047417D5AB357FA0003AAC4FF337AFA00EE
:10B8E00023AE44FF7DB771196DB71145B6402644AC
:10B8F00096440649F259625AD25A425BB25B225CC4
:10B90000925C025DF24D616182800325C50E8280EA
:10B910001305050F8280938741849C43885309E572
:10B920001745FF1F130505761305050F828091ED5E
:10B9300041116C00014501CA795591C61C229CC178
:10B9400008223335A00041018280014509CA79559A
:10B9500099C61C229CC108223335A00082808280B7
:10B9600093F5F50F2A966314C500014582801C21CA
:10B97000E38EB7FE0505C5BFB3C7A5008D8B3307A2
:10B98000C50081E78D4763EDC700AA87637EE508A0
:10B99000942185078505A38FD7FEE3EBE7FE828020
:10B9A00093763500AA8789CA942185078505A38FD8
:10B9B000D7FE93F63700C5BF9376C7FF138606FE02
:10B9C00063F0C70683A3050083A2450083AF85000B
:10B9D00003AFC50083AE050103AE450103A3850196
:10B9E00083A8C5019385450223A0770003A8C5FF5E
:10B9F00023A2570023A4F70123A6E70123A8D70118
:10BA000023AAC70123AC670023AE1701938747021F
:10BA100023AE07FF75B790419107910523AEC7FE8E
:10BA2000E3EBD7FEE3E6E7F68280828082805C511A
:10BA3000411122C44AC006C626C22A842E8989EF33
:10BA40004145EFC07FFF48D0232205002324050095
:10BA500023200500232605004450DC449DC7585090
:10BA6000931729005847BA97884329E18544B3942E
:10BA70002401138654000A0685452285EF00D01361
:10BA800019CD2322250104C525A0130610029145D6
:10BA90002285EF0070125C50C8C4DC47E9F3014511
:10BAA000B24022449244024941018280184198C325
:10BAB0002328050023260500E5B75C51011122CC9F
:10BAC00006CE2A8499EF41452EC6EFC0FFF6B24557
:10BAD00048D0232205002324050023200500232627
:10BAE000050091C95450DC4113972700DC46BA97F2
:10BAF000984398C18CC3F240624405618280797199
:10BB00004ECEAA89416522D426D22E84844906D6F7
:10BB10004AD0D10501487D159C419105050833F7B0
:10BB2000A7003307C702C183B387C702369793566E
:10BB30000701698FB69793D60701C207BA9723AE5C
:10BB4000F5FEE34B98FCA1C21C4463C7F4024C40D1
:10BB50004E8536C68505EFF09FED10489305C4006D
:10BB60002A8909060A063105EFF01FE1A2854E85F4
:10BB7000EFF0BFF4B2464A84938744008A07A29745
:10BB8000D4C3850404C82285B25022549254025969
:10BB9000F2494561828079719387860052CC368A5A
:10BBA000A54622D426D24ECE2E84B3C7D70206D6BF
:10BBB0004AD056CAAA89B2848546814563CCF60428
:10BBC0004E853AC6EFF0BFE6324785471CC958C9D3
:10BBD000A54763D49704930A9400568926940509CF
:10BBE0008346F9FFAA852946938606FD4E85EFF028
:10BBF0001FF1E31689FE138484FF5694268963415E
:10BC00004903B250225492540259F249624AD24A2C
:10BC1000456182808606850555B72904A544F9BF8C
:10BC2000B3079940A2979423AA852946938606FDD7
:10BC30004E85EFF0DFEC0509D9B74177698FAA8708
:10BC4000014519E3C2074145370700FF7D8F19E31E
:10BC50002105A207370700F07D8F19E31105920730
:10BC6000370700C07D8F19E309058A0763C90700FC
:10BC7000139717000505634407001305000282802F
:10BC80001C4113F777000DC393F61700014799E69F
:10BC900013F7270011C785831CC105473A858280A9
:10BCA00089831CC10947DDBF93960701C182014703
:10BCB00099E2C183414793F6F70F99E22107A183E7
:10BCC00093F6F70099E21107918393F6370099E212
:10BCD0000907898393F6170081E68583050799C3D1
:10BCE0001CC16DBF1307000255BF411122C42E8431
:10BCF000854506C6EFF0BFD340C9B2402244054790
:10BD000018C94101828098491C4A797126D206D609
:10BD100022D44AD04ECEAE846354F700B2842E862D
:10BD200083A90401032906019C44CC4033842901E2
:10BD300063D38700850532C6EFF07FCF3246130804
:10BD40004501131324004293C28763ED6702938574
:10BD50004401939829005106131E2900C166AE982C
:10BD6000329EFD166364C6036356800071138327F9
:10BD70000300F1CB00C9B250225492540259F24947
:10BD80004561828023A007009107C1B7832F060079
:10BD9000B3FFDF00638A0F04428FAE82814403A7A2
:10BDA000020083230F00110FB37ED700B38EFE0372
:10BDB000B3F7D30093D303019102BE9E93570701BB
:10BDC000B387F703A69E13D70E01B3FEDE009E973E
:10BDD000BA9793D40701C207B3E7D701232EFFFE1A
:10BDE000E3EF12FB23209F0083522600638A0204A4
:10BDF00083270800C28E2E8F814F03270F0083D325
:10BE00002E00F58F758F33075702910E110F1E9775
:10BE10007E97931F0701B3E7FF0023AEFEFE835713
:10BE2000EFFF83AF0E004183B3875702B3FFDF00FC
:10BE3000FE97BA9793DF0701E3611FFD23A0FE0081
:10BE40001106110805B77D1405B7011126CA4AC8A5
:10BE50004EC606CE22CC52C4937736002A89B284CD
:10BE6000AE8989CFFD17173700001307272F8A07E0
:10BE7000BA9790438146EFF09FC8AA898984A5CCE0
:10BE80008327490291EF4145EFC01FBB2322A9023E
:10BE90002322050023240500232005002326050076
:10BEA000032A490203248A0019E8930510274A85CA
:10BEB000EFF0BFE32324AA002A842320050093F790
:10BEC000140081CFCE8522864A85EFF0DFE32A8AEF
:10BED000CE854A85EFF07FBED289858489CC084023
:10BEE00009E92286A2854A85EFF0FFE108C02320F8
:10BEF00005002A84E9B7F24062444E85D2444249A3
:10BF0000B249224A05618280797126D2AE844ECE32
:10BF100083A9040122D4CC41135456409C44A299D5
:10BF20004AD056CA06D652CCAA8A1389190063C4CD
:10BF30002709568532C6EFF09FAF32469307450179
:10BF40002A8ABE8601479106634A87066353040026
:10BF5000014494480A04338787008A069387440182
:10BF60007D8ABE9625C2130800023308C840814569
:10BF70008843110791073315C500C98D232EB7FEDD
:10BF800083A5C7FFB3D50501E3E4D7FE0CC399C170
:10BF9000138929007D1923282A015685A685EFF0EB
:10BFA000DFB1B2502254528592540259F249624A8A
:10BFB000D24A456182808505860795BF23AE06FE7D
:10BFC000050751B7910703A6C7FF1107232EC7FE28
:10BFD000E3EAD7FEC1B71C499849998F8DE30A0758
:10BFE0005105D105B306E500BA95F116F115904259
:10BFF00098416308E600FD576363E60085473E8588
:10C000008280E364D5FEE5BF011126CAAE844EC628
:10C01000B285AA89268522CC06CE4AC83284EFF0A2
:10C020009FFB05E181454E85EFF07FA085471CC948
:10C03000232A0500F2406244D2444249B2490561D4
:10C040008280054963460500A28701492684BE8493
:10C050004C404E85EFF0BF9D0323040183A80401EB
:10C0600013064401131E2300138844018A08C16E7D
:10C0700023262501329EC29893064501014FFD1EDD
:10C080001842832F08009106B375D701B3F7DF017B
:10C09000FA959D8D93DF0F0193570701B387F74101
:10C0A00013D70541BA9713DF0741B3F5D501C2078E
:10C0B000CD8F110823AEF6FE1106E36318FDC165AE
:10C0C000FD156368C601F1169C4295C723286500DB
:10C0D00095B71C429106110633F7B7007A971358AB
:10C0E0000741C183C29713DF07416D8FC207D98F04
:10C0F00023AEF6FEF9B77D13F9B7B707F07FFD8DD4
:10C10000B707C0FCBE956355B00081473E8582806D
:10C11000B305B04093D745414D476347F700B70596
:10C120000800B3D5F540D5B71387C7FEF94681455A
:10C130008547E3CDE6FCB7070080B3D7E700F9B742
:10C14000797126D204494ECE930945018A04CE94D2
:10C1500022D403A4C4FF4AD02EC6228506D6EFF00F
:10C16000DFADB24593070002898F9CC1A9471389AF
:10C17000C4FF63CDA702AD47898F3707F03FB356A1
:10C18000F400D98E014763F4290103A784FF550504
:10C190003315A400B357F700C98FB25022549254FC
:10C1A0000259F2493E85B68545618280814763F632
:10C1B000290183A784FF138984FF551505C9130737
:10C1C00000023306A74033D7C7003314A400598CAC
:10C1D000B706F03FC18E014763F429010327C9FF69
:10C1E000B397A7003357C700D98F45BFB706F03FB5
:10C1F000C18E65B7797122D42E84854526D24AD066
:10C20000B2844ECE52CC3A8906D6368AEFF03F82BF
:10C21000370710009307F7FFE58FD18093F4F47F81
:10C22000AA89B5E03EC62DC4280022C4EFF05FA560
:10C23000A24621CD324793070002898FB317F7003A
:10C24000D58F3357A70023AAF9003AC6324423AC4E
:10C25000890033348000050423A88900B9C493847D
:10C26000D4BCAA949307500323209A003385A74097
:10C270002320A900B25022544E8592540259F2490B
:10C28000624A45618280D98F71BF23AAD9007DBFE0
:10C290006800EFF0FF9EB24713050502054423AA8C
:10C2A000F900854723A8F90055BF9317240013050B
:10C2B000E5BCCE972320AA00884B1604EFF0FF9729
:10C2C000098C232089007DB779714AD02E892C00F2
:10C2D00006D622D426D24ECE52CC2A8AEFF05FE682
:10C2E000AA89AE842E844A856C00EFF07FE583270F
:10C2F000090103270A01A2461D8FB24716079D8E2A
:10C30000B307D7006355F002D2072E863384970017
:10C310003287A2852A86BA864E85EF901FF4B250E6
:10C32000225492540259F249624A45618280370789
:10C33000F0FFB387E7023386B700D9BF9387F5FFD5
:10C34000184A958785078A07930646010A07AA9720
:10C35000369763E5E600636AF5008280910603A6DE
:10C36000C6FF1105232EC5FEEDB71105232E05FED0
:10C37000DDB7144993D755401307450163C7F6024B
:10C3800063DFD700FD8981CD93962700BA9690424E
:10C390000545B356B600B395B600631EB6008A07CE
:10C3A000BA976366F70001458280B687CDBFF11763
:10C3B0009443E5DA054582803386C502011122CC1B
:10C3C00006CEB28532C6EFC04FF22A8409C5324686
:10C3D0008145EF309FEE2285F24062440561828004
:10C3E00001114AC803A9850022CC52C45AC006CE06
:10C3F00026CA4EC656C22E84328B368A63E9260977
:10C40000DE2513F7074851C304408C495848AA8ACF
:10C41000B389B4408D44B384E4020947B3C4E40251
:10C42000138716004E9763F3E400BA8493F707402E
:10C43000B5CFA6855685EFC04FEB2A891DE1B147E0
:10C4400023A0FA005E247D5593E707045EA4F24022
:10C450006244D2444249B249224A924A024B05619F
:10C4600082800C484E86EFF02FD15E2493F7F7B709
:10C4700093E707085EA42328240144C84E99B38497
:10C4800034412320240104C4528963732A01528950
:10C4900008404A86DA85E12C1C440145B3872741D0
:10C4A0001CC41C403E992320240155B7268656857E
:10C4B00011262A8969F10C485685EFC08FD841B7FB
:10C4C000DE25717126D34AD14ECF06D722D552CD63
:10C4D00056CB5AC95EC762C566C393F70708AA89D7
:10C4E0002E89B284B9C39C49A9E39305000436C6DA
:10C4F000EFC0AFDF2320A9002328A900B24615E131
:10C50000B14723A0F9007D55BA502A549A540A59CC
:10C51000FA496A4ADA4A4A4BBA4B2A4C9A4C4D615C
:10C52000828093070004232AF90093070002A30CDA
:10C53000F1029307000302DA230DF10236CE930BCA
:10C540005002973A0000938A2AC2054C294B268450
:10C550001C2099C363997709B30C9440638E0C0037
:10C56000E6862686CA854E85EFF09FE7FD5763096C
:10C57000F518D256E69636DA1C2063830718FD5765
:10C580009304140002D002D63ED202D4A3010106C5
:10C5900082DC8C2015465685EFF08FBC1384140086
:10C5A000825721E513F7070109C713070002A3010A
:10C5B000E10613F7870009C71307B002A301E106DC
:10C5C00094201307A002638AE602B25726848146AC
:10C5D0002546182093051400130707FD6372E6062D
:10C5E0008DC63ED61DA00504A5B7330555413315AC
:10C5F000AC00C98F3ED0A28469BF72479306470042
:10C60000184336CE634707023AD618209307E00254
:10C61000631DF70418309307A002631BF702F2476B
:10C620000904138747009C433ACE63C107023ED2F8
:10C630002DA83307E04093E727003AD63ED0F1B764
:10C64000B387670385462E84BA9761B7FD57C5B790
:10C65000050402D28146814725461820930514001F
:10C66000130707FD6376E606F9F20C200D46173531
:10C6700000001305E5AFEFF0AFAE11CD9737000026
:10C68000938707AF1D8D93070004B397A70002554A
:10C6900005045D8D2AD00C201946173500001305BE
:10C6A00065AD93041400230CB102EFF06FAB35C1FC
:10C6B00097C7FFFF9387276895E70257F2471377DD
:10C6C000071009CF91073ECED257D2973EDA41B537
:10C6D000B387670385462E84BA9741B79D07E19BD0
:10C6E000A107D5B77808970600009386A6CF4A869B
:10C6F0000C104E85EFC0EFE3FD572A8AE316F5FCD8
:10C700008357C9007D5593F70704E39F07DE525511
:10C71000E5BB7808970600009386C6CC4A860C10C5
:10C720004E85EFC01FBEC9BF15C27D160147B307B6
:10C73000E500B386E5009C2394226396D70063044A
:10C74000C7000507EDF73385D74082800145828019
:10C7500089CD9307F00F63F7C7009307A0081CC1AA
:10C760007D55828090A1054582800145828063F1DC
:10C77000A504B386C500637DD5029345F6FF8147C6
:10C78000FD176393F50082803387F60003480700A6
:10C790003387C7002A9723000701DDB73387F500E9
:10C7A00014233307F500850714A3E319F6FE8280EE
:10C7B0008147E5BF81E5B2856FC02FB3011122CC5F
:10C7C00006CE26CA4AC84EC6328401EEEFC06FA715
:10C7D0000149F24062444A85D2444249B249056166
:10C7E0008280AE84AA891D202689E37485FEA285F5
:10C7F0004E85EFC08FAF2A8969DDA6852286EFF0CE
:10C80000AF97A6854E85EFC0CFA3E1B783A7C5FF3D
:10C810001385C7FF63D50700AA959C413E9582808A
:10C820000328C500184154410C4521659307F5FFC5
:10C8300013560801139E35007D8E9358D70193D768
:10C84000D601131308018E064111B3E7C701B3E601
:10C85000160113530301131E3700930816007915B0
:10C86000F5810E033EC436C272C033F5A8001358DA
:10C87000F801B3E5650005C97177130707403A96DB
:10C880001307E07F635DC7041306F07F014781470C
:10C890003207520631837E08518F336707013E8588
:10C8A000BA8541018280D58FCD8FB3E7C70105E2FC
:10C8B000F1CB8147954693D5360013979700939611
:10C8C000D701B3E7B60031831376F67FD1B7CDDF5A
:10C8D00001481306F07F37070800814755BF6346BC
:10C8E000C00A9307C0FC634FF60E9307D00333864C
:10C8F000C7409357564037070800D98D1395270036
:10C900000A8781462EC6B308A10011077D8AB3E6C7
:10C91000C60163091701032E07001107B3E6C6011C
:10C92000E31B17FF0D471D8F79CA93080101AA98D1
:10C9300083A808FF130E0002330ECE40B398C8013F
:10C94000B3E6160175CB0A070A95B30EE1008A8893
:10C950000C41032345009108B3D5C5003313C3012F
:10C96000B3E5650023AEB8FE1105E3931EFF9145C4
:10C97000B387F540B24508082A97B3D5C5002328E8
:10C98000B7FE61A80146014721B7139746001395EA
:10C9900047003367C701F182F18392053337E00026
:10C9A000C98ECD8FD98E13F7760011C713F7F60015
:10C9B0009145631CB702370780007D8FE30D07EEBA
:10C9C00005061307F07FE301E6EC370780FF7D17CC
:10C9D0007D8F9317D7018D8226071376F67FD58F2B
:10C9E00031837DB585468147014613B7C6FF13479E
:10C9F0001700BA973707800091067D8FC1B78A85E7
:10CA0000B388A50083A808009105050623AE15FF8D
:10CA1000E358C7FE1147B307F7408A078A971808FB
:10CA200023A007009107E39DE7FE0247B336D0003D
:10CA30009247D98E014685BF854701472DBF00002B
:10CA40000000A0420000F041000000000000303F64
:10CA5000000000000000F03FE699BAE883BDE4BAA8
:10CA600095E79B96E8ADA6E68AA5E7B3BBE7BB9F33
:10CA700000000000E88AAFE781ABE5BE81E9809461
:10CA80002CE4BDA0E5A5BDE6ACB8E5938E000000A2
:10CA9000323032352CE5B58CE585A5E5BC8FE5A4B3
:10CAA000A7E8B59B00000000E580BEE6969CE8A7DD
:10CAB00092E5BAA63A25332E3266C2B000000000D5
:10CAC0004D515F345F56616C75653A25332E326681
:10CAD00025250000426174746572795F56616C753A
:10CAE000653A25336425250057617465725F537478
:10CAF0006174653A2573000048414C4C5F53746182
:10CB000074653A257300000052B87E3F0AD7A33BF4
:10CB10000000803F00F07F450000C842333353409F
:10CB200066668640000080406666664000004842B7
:10CB3000CDCCCC3E00002042000040409A99193FE5
:10CB4000000000000000E03F0000000000005E4028
:10CB500000000000000059400000000000004440B8
:10CB60005361666574790000416C65727421000040
:10CB7000000020410AD7233C33336542000000C047
:10CB80000000006066A64C4076240000922400005D
:10CB9000AE240000CA240000E6240000B0250000F6
:10CBA000BE250000C425000050250000CA25000055
:10CBB00050250000D225000050250000DA25000095
:10CBC00041540D0A0000000041542B4346554E3D90
:10CBD000310D0A0041542B435245473D310D0A00A7
:10CBE00041542B47505352443D350D0A000000007C
:10CBF00041542B4750533D310D0A000041542B4501
:10CC0000434D54434647203D22636C6F7564222C8C
:10CC1000302C342C310D0A0041542B45434D544FD8
:10CC200050454E3D302C2273682D312D6D7174743A
:10CC30002E696F742D6170692E636F6D222C3138EF
:10CC400038330D0A0000000041542B45434D544336
:10CC50004F4E4E3D302C2220222C2279757278388E
:10CC6000617673386B743074753176222C224A6D7C
:10CC700034335148304A344D220D0A0024474E5275
:10CC80004D43000000000000333333333333E33FC0
:10CC90002B45434D54524543563A20302C302C22DC
:10CCA000617474726962757465732F70757368222C
:10CCB0002C7B226B6579223A00000000226B65799B
:10CCC000223A3100226B6579223A300041542B45DB
:10CCD000434D545055423D302C312C312C302C22B8
:10CCE00061747472696275746573222C227B2247A9
:10CCF000505354696D65223A2225303464E5B9B445
:10CD000025303264E69C8825303264E697A52530CC
:10CD100032643A253032643A25303264222C226C57
:10CD20006F636174696F6E223A7B226C6174223A80
:10CD300025332E36662C226C6E67223A25332E362A
:10CD4000667D2C224750535374617465223A222524
:10CD500073222C2257617465725374617465223A90
:10CD6000222573222C22476173223A25332E326604
:10CD70002C2264656772656573223A25332E32660C
:10CD80002C22656C6563223A25642C226B6579221E
:10CD90003A25647D220D0A0022726573756C742237
:10CDA0003A00000022657272636F6465223A343083
:10CDB0003300000041542B45434D545355423D3000
:10CDC0002C312C2261747472696275746573222C23
:10CDD000310D0A0041542B45434D545355423D30CB
:10CDE0002C312C22617474726962757465732F72B0
:10CDF0006573706F6E7365222C310D0A00000000A0
:10CE000041542B45434D545355423D302C312C2237
:10CE1000617474726962757465732F7075736822BA
:10CE20002C310D0A000000002B45434D544449535A
:10CE3000433A20302C3000002B45434D54434F4E95
:10CE40004E3A20302C302C30000000002B45434D52
:10CE5000544F50454E3A20302C3000004F4B0000CC
:10CE60004F4646004F4E0000CDCC1C41000080389C
:10CE70000000FA430000803700007A3D0000FA3DD0
:10CE800000007A3E0000FA3E0000F23900007A3AD3
:10CE90000000FA3A00007A3B0000FA3B00007A3CBE
:10CEA0000000FA3C5761726E202000000000000074
:10CEB0000000000000000000000000000000000072
:10CEC0000000000000000000000000000000000062
:10CED0000000000000000000000000000000000052
:10CEE0000000000060006000600060006000600002
:10CEF0006000400020002000200000000000000032
:10CF00006000600060000000000000000000000001
:10CF100060066006300398018800440000000000AD
:10CF20000000000000000000000000000000000001
:10CF300000000000000000000000000000000000F1
:10CF4000000000001002100210021002FE07FE078F
:10CF500008020801080108010801FE07FE07040194
:10CF600004010401040100000000000000000000B2
:10CF7000000040004000F00158034C03CC034C007B
:10CF800058007000E000C001C00140034C035C0386
:10CF90004C034801F0004000400000000000000089
:10CFA000000000000E010A01910091009100510063
:10CFB00051003A00AE03A002500450044804480453
:10CFC0004804840284030000000000000000000008
:10CFD0000000000038006C006C006C006C006C00FD
:10CFE0002C0098071C011A01330133016301E3008F
:10CFF000C308C6093C070000000000000000000054
:10D000000C001C00100010000800040000000000CC
:10D010000000000000000000000000000000000010
:10D020000000000000000000000000000000000000
:10D030000004000200018000800040004000200049
:10D0400020002000200020002000200040004000A0
:10D0500080008000000100020004000000000000C9
:10D060000200040008001000100020002000400012
:10D0700040004000400040004000400020002000F0
:10D080001000100008000400020000000000000072
:10D0900000000000000000004000C0004000460CFE
:10D0A0004E0FD001F0015E0F460C400040004000E2
:10D0B0000000000000000000000000000000000070
:10D0C00000000000000000000000400040004000A0
:10D0D00040004000FE0F4000400040004000400083
:10D0E0000000000000000000000000000000000040
:10D0F0000000000000000000000000000000000030
:10D10000000000000000000000000000000000001F
:10D110000C001C00100010000800040000000000BB
:10D1200000000000000000000000000000000000FF
:10D1300000000000FE0700000000000000000000EA
:10D1400000000000000000000000000000000000DF
:10D1500000000000000000000000000000000000CF
:10D1600000000000000000000000000000000000BF
:10D170001C001C001C00000000000000000000005B
:10D18000000400060002000300010001800080008E
:10D190004000400060002000200010001000080047
:10D1A00008000C000400060002000000000000005F
:10D1B000000000000000F00098010C030C030606BC
:10D1C00006060606060606060606060606060C03FC
:10D1D0000C039801F00000000000000000000000B7
:10D1E00000000000000040007C0060006000600063
:10D1F000600060006000600060006000600060002F
:10D2000060006000FC03000000000000000000005F
:10D21000000000000000F80084010203060306037A
:10D22000000300018001C00060002000100008021F
:10D2300004020602FE0300000000000000000000DF
:10D240000000000000007800C60086018601800111
:10D250008001C0007000800100010003000306038C
:10D2600006038601F8000000000000000000000036
:10D2700000000000000080018001C001A001A001A9
:10D2800090018801880184018201FE0F80018001E4
:10D2900080018001E00700000000000000000000A5
:10D2A000000000000000FC0304000400040004006F
:10D2B0000400F4008C0104030003000306030603CA
:10D2C00082018401F800000000000000000000005E
:10D2D000000000000000E00118030C030C00040033
:10D2E0000600E60116030E060606060606060406F6
:10D2F0000C021803F0000000000000000000000015
:10D30000000000000000F8070C0604020401000100
:10D31000000180008000400040004000600060008C
:10D3200060006000600000000000000000000000DD
:10D33000000000000000F8010C03060606060606C1
:10D340000C021C03F000C8010C03060606060606C4
:10D3500006060C03F00100000000000000000000C1
:10D36000000000000000F0000C010C03060206069D
:10D370000606060606078C0678060006000300036C
:10D380000C018C017800000000000000000000008B
:10D39000000000000000000000000000000000008D
:10D3A000E000E000E00000000000000000000000DD
:10D3B000E000E000E00000000000000000000000CD
:10D3C000000000000000000000000000000000005D
:10D3D000600060000000000000000000000000008D
:10D3E00000006000600040002000200000000000FD
:10D3F0000000000000040002000180004000200046
:10D400001000080004000800100020004000800008
:10D410000001000200040000000000000000000005
:10D4200000000000000000000000000000000000FC
:10D43000FE07000000000000FE07000000000000E2
:10D4400000000000000000000000000000000000DC
:10D4500000000000040008001000200040008000D0
:10D4600000010002000400020001800040002000D2
:10D470001000080004000000000000000000000090
:10D48000000000000000E0031806040C040C0C0C63
:10D490000C0C00078001400040004000000000002C
:10D4A000E000E000E00000000000000000000000DC
:10D4B00000000000E00018030C02CC0564056605BE
:10D4C000A605B604B604B604B604B602E4010C041C
:10D4D0000C021803F0000000000000000000000033
:10D4E000000000000000600060005000D0009000CC
:10D4F0009000880088010801F80104030403040275
:10D50000020202060F0F00000000000000000000F1
:10D51000000000000000FE008C030C030C030C0351
:10D520000C038C01FC000C030C020C060C060C0610
:10D530000C060C03FE0100000000000000000000CB
:10D54000000000000000E00318030C060C040404B3
:10D5500006000600060006000600060006040C048D
:10D560000C021803F00000000000000000000000A2
:10D570000000000000007F008C010C030C030C066F
:10D580000C060C060C060C060C060C060C060C030E
:10D590000C038C017F000000000000000000000070
:10D5A000000000000000FF03060306040604060056
:10D5B00086008600FE0086008600860006000604BF
:10D5C00006040602FF030000000000000000000047
:10D5D000000000000000FF03060306040604060026
:10D5E00086008600FE008600860086000600060093
:10D5F000060006001F000000000000000000000000
:10D60000000000000000F00018010C020C020402EF
:10D610000600060006000600C60F060306030C03FC
:10D620000C031803F00000000000000000000000E0
:10D630000000000000000F0F06060606060606069C
:10D6400006060606FE070606060606060606060681
:10D65000060606060F0F0000000000000000000094
:10D66000000000000000FC0360006000600060003B
:10D6700060006000600060006000600060006000AA
:10D6800060006000FC0300000000000000000000DB
:10D69000000000000000F807C000C000C000C0008B
:10D6A000C000C000C000C000C000C000C000C0007A
:10D6B000C000C000C000C60066003C0000000000C2
:10D6C000000000000000CF038601C60046002600CF
:10D6D000160036002E006E004600C6008600860149
:10D6E000060106038F070000000000000000000094
:10D6F0000000000000001F000600060006000600F3
:10D7000006000600060006000600060006000604E5
:10D7100006040602FF0300000000000000000000F5
:10D720000000000000000707860386038E038E03B7
:10D730004E034E034A035A035A033A033203320399
:10D740003203120387070000000000000000000001
:10D750000000000000008E0F0C021C021C023402AC
:10D760003402640264024402C40284028403840317
:10D77000040304031F02000000000000000000007A
:10D78000000000000000F00098010C030C020606E7
:10D7900006060606060606060606060606060C0227
:10D7A0000C039801F00000000000000000000000E1
:10D7B000000000000000FF0006030606060606063D
:10D7C000060606068603FE000600060006000600A2
:10D7D000060006001F00000000000000000000001E
:10D7E000000000000000F00098010C030C02060687
:10D7F00006060606060606060606060676064C0217
:10D80000CC039801F0008007000300000000000036
:10D81000000000000000FF010603060606060606DB
:10D8200006060603FE004600C600860086010603C3
:10D83000060306060F0E00000000000000000000B6
:10D84000000000000000F8020C03060206020600B9
:10D850000E003C00F800E003800300070206020609
:10D8600006060C03F00100000000000000000000AC
:10D87000000000000000FE0762046108610860000B
:10D880006000600060006000600060006000600098
:10D8900060006000F80100000000000000000000CF
:10D8A0000000000000001E070C020C020C020C021B
:10D8B0000C020C020C020C020C020C020C020C02F8
:10D8C0000C021801F0000000000000000000000041
:10D8D0000000000000000F070602040104010C0113
:10D8E0000C018800880098009800500050007000DB
:10D8F00030002000200000000000000000000000B8
:10D90000000000000000F70E6204420446044604D2
:10D9100064026402E402E4029C029C019801980102
:10D92000880188008800000000000000000000005E
:10D930000000000000009E070C0108011801900083
:10D94000B0006000200060006000D00090008801FE
:10D95000080104038E070000000000000000000022
:10D960000000000000000F0F060404020C02080172
:10D970001801B800B0007000600060006000600036
:10D9800060006000F80100000000000000000000DE
:10D99000000000000000FC070C02060302018001E9
:10D9A0008000400040002000200010001800080403
:10D9B0000C040402FE030000000000000000000050
:10D9C000E003200020002000200020002000200094
:10D9D0002000200020002000200020002000200047
:10D9E0002000200020002000E003000000000000D4
:10D9F00000000000040004000800080010001000EF
:10DA000010002000200040004000C0008000800086
:10DA100000010001000200020002000400000000FA
:10DA20007C004000400040004000400040004000BA
:10DA300040004000400040004000400040004000E6
:10DA400040004000400040007C00000000006000FA
:10DA5000900008010000000000000000000000002D
:10DA600000000000000000000000000000000000B6
:10DA700000000000000000000000000000000000A6
:10DA80000000000000000000000000000000000096
:10DA90000000000000000000000000000000000086
:10DAA00000000000000000000000FF0F0000000068
:10DAB00018006000000000000000000000000000EE
:10DAC0000000000000000000000000000000000056
:10DAD0000000000000000000000000000000000046
:10DAE0000000000000000000000000000000000036
:10DAF000F0010C030C030003E0031C030E030603F8
:10DB000006038E0B7C0E00000000000000000000E9
:10DB10000000000008000E000C000C000C000C00BF
:10DB2000CC013C031C060C060C060C060C060C066D
:10DB30000C021C03E40100000000000000000000D3
:10DB400000000000000000000000000000000000D5
:10DB5000F0008C018C01860106000600060006021A
:10DB60000C020C01F00000000000000000000000AA
:10DB7000000000000002C0030003000300030003D4
:10DB800078038C030C03060306030603060306034F
:10DB900004038C0778010000000000000000000072
:10DBA0000000000000000000000000000000000075
:10DBB000E001180308020C060C06FC070C000C0020
:10DBC00018041802E001000000000000000000003E
:10DBD000000000000000C003600630063000300086
:10DBE000FE013000300030003000300030003000E6
:10DBF00030003000FC0100000000000000000000C8
:10DC00000000000000000000000000000000000014
:10DC1000F007D8068C018C018C019801F8000C00EB
:10DC2000FC00CC03060306038E03F800000000008E
:10DC30000000000008000E000C000C000C000C009E
:10DC4000EC011C030C030C030C030C030C030C036E
:10DC50000C030C039E070000000000000000000001
:10DC600000000000000060006000000000004000B4
:10DC70007C00600060006000600060006000600088
:10DC800060006000FC0300000000000000000000D5
:10DC9000000000000000C001C00100000000000101
:10DCA000F0018001800180018001800180018001FC
:10DCB0008001800180018001CC007C000000000018
:10DCC0000000000008000E000C000C000C000C000E
:10DCD0008C038C008C004C006C005C008C008C0170
:10DCE0000C010C039E070000000000000000000073
:10DCF0000000000040007C006000600060006000E8
:10DD00006000600060006000600060006000600013
:10DD100060006000FC030000000000000000000044
:10DD200000000000000000000000000000000000F3
:10DD30003707EE0666066606660666066606660629
:10DD400066066606FF0F00000000000000000000ED
:10DD500000000000000000000000000000000000C3
:10DD6000EE011C030C030C030C030C030C030C034B
:10DD70000C030C039E0700000000000000000000E0
:10DD80000000000000000000000000000000000093
:10DD9000F00098010C0306060606060606060606AF
:10DDA0000C030C03F0000000000000000000000065
:10DDB0000000000000000000000000000000000063
:10DDC000EE011C030C060C060C060C060C060C06D9
:10DDD0000C031C03EC010C000C003E0000000000D2
:10DDE0000000000000000000000000000000000033
:10DDF00078028C030C0306030603060306030603DE
:10DE000004038C03780300030003C0070000000034
:10DE10000000000000000000000000000000000002
:10DE20009F0358063806180018001800180018003C
:10DE300018001800FF0000000000000000000000B3
:10DE400000000000000000000000000000000000D2
:10DE5000F0031C030C020C023800F000C0030403A2
:10DE600004038C03FC01000000000000000000001F
:10DE70000000000000000000200020003000300002
:10DE8000FE01300030003000300030003000300043
:10DE900030023002E001000000000000000000003D
:10DEA0000000000000000000000000000000080268
:10DEB0008E030C030C030C030C030C030C030C0368
:10DEC0000C039C0778010000000000000000000027
:10DED0000000000000000000000000000000000042
:10DEE0001E070C020801080118019000B000B000E4
:10DEF0006000600020000000000000000000000042
:10DF00000000000000000000000000000000000011
:10DF1000F70E6204460464026402EC029C0198015C
:10DF200098019801080000000000000000000000B7
:10DF300000000000000000000000000000000000E1
:10DF4000BC0718011001B00060006000E000900004
:10DF5000080108039E070000000000000000000008
:10DF600000000000000000000000000000000000B1
:10DF70009E0708010801080190009000B0006000B1
:10DF8000600060002000200024001C000000000051
:10DF90000000000000000000000000000000000081
:10DFA000FC018401C400440060002000300018021D
:10DFB00008020C03FC01000000000000000000004B
:10DFC00000038000800080008000800080008000CE
:10DFD0008000400020004000800080008000800021
:10DFE00080008000800080000003000040004000AE
:10DFF0004000400040004000400040004000400021
:10E000004000400040004000400040004000400010
:10E010004000400040004000400040000000000080
:10E020000C00100010001000100010001000100074
:10E030001000200040002000100010001000100010
:10E0400010001000100010000C00000000001C0068
:10E050002204C20480030000000000000000000051
:10E0600000000000000000000000000000000000B0
:10E07000000000000000000000000000E580BE007D
:10E0800000000000000000000000400010C0003E42
:10E09000C0F001C00001608301208A0E307E197833
:10E0A000221868221B242219223A1920261920231B
:10E0B0001920230120800120800620401C202018E8
:10E0C000001810000000000000E6969C0000000010
:10E0D00000000000000000800103800102800102B6
:10E0E000C06E02404802200002302702D840020CD5
:10E0F0000132028F7FF87902000102000102100D47
:10E1000002100902980102C0000280000200000211
:10E11000000002000002E8A79200000000000000DA
:10E1200000000C00008C0100FE0300C300806100B1
:10E1300040200020F007801F0680100680500680D7
:10E140003E0680100680100680FC068017064010F0
:10E1500006401006401006201007100003000000C3
:10E16000000000E5BAA60000000000000000003832
:10E170000000300000000100F001804F00808000AE
:10E1800080840680FC01C0470040480040380040C1
:10E19000C00040F80120C400204C0030780010304E
:10E1A0000008D800048C0380033F00000C0000002E
:10E1B000C2B000000000000000000000000060008D
:10E1C00000900000080100080100880000700000B5
:10E1D000000000000000000000000000000000003F
:10E1E000000000000000000000000000000000002F
:10E1F00000000000000000000000000000E699BAE6
:10E200000000000000200000200000F0CF1F10419F
:10E2100010084110884110FC7F108040108043108E
:10E22000C0CC1F60581030480088FF07840002806F
:10E23000000280FF0380000280000280000280FF55
:10E2400007800006000002000000E883BD00000017
:10E250000000400000C0C00060400820421C104484
:10E26000060CCF01FC4800004820F8472018C63FA4
:10E27000180600F8270018460818461C184606F825
:10E28000C70118462018462018462018466098C72F
:10E290003F080200000000E4BA9500000000000002
:10E2A0008100008300008100008100008100FCFFEC
:10E2B0001F008100008100008100008100008110AA
:10E2C000FEFF3F008100008100008100808100800E
:10E2D0008000C08000408000208000188000060080
:10E2E00000000000E79B9600000000008080000016
:10E2F0008100004300004200F8FF0F0018000018E2
:10E3000004F0FF0F001800001800001800FCFF1FA9
:10E31000000000E0FF072062042062042062042065
:10E320006204206204206204FEFF3F00000000003F
:10E3300000E8ADA60000000000208200608200FE20
:10E34000BF0070C23FF0DF0C08A804F8A90414094C
:10E3500003F00D0390851C006E38001010FCFF1FA9
:10E36000E0FF03000000E0FF03000000E0FF0360A7
:10E370000003600003E0FF03600001000000E68A84
:10E38000A5000000000000000020000060F80F6001
:10E390000804600804600804FE0B04608C04600834
:10E3A0000760080260FB1FE028087C480C664804F0
:10E3B00060880660880260080360880660481C6008
:10E3C0002870781800300000000000E7B3BB0000A0
:10E3D00000000000000400E00FE01F000038000013
:10E3E0000C0000020280010360FF00C06100001801
:10E3F0000000060280010C70FF1BE03018003100A5
:10E4000000B101803106C0300C20301818333004C0
:10E410001C10000800000000E7BB9F000000000087
:10E42000404000C0800060800120FC3F10C0001010
:10E43000C300082100FC200444101860883F307C91
:10E4400032106002EC21021C200200200200200297
:10E45000C021223C30220C102200082200063E007F
:10E460000100000000E5B58C000000000000000085
:10E47000000800000801000803C0080380E80180CC
:10E480001F00C0400000430000430030A20F306E68
:10E4900006F013023E4200304200F0620010A2017A
:10E4A000103303F0130610093C00060000000000C2
:10E4B0000000E585A500000000000000000000004D
:10E4C000000000000000000300000400000C000039
:10E4D0000C00001400001600002200006300004140
:10E4E0000080C100C0800160000330000F08007E82
:10E4F000000000000000000000000000000000E537
:10E50000BC8F000000000000000000040000980321
:10E5100000180700180000100000D00000F800806C
:10E520003F00002000002000006000804F00C0C3BA
:10E5300000008300008301001E01C0012238002674
:10E5400000003C000038000060000000E5A4A700C7
:10E5500000000000000000000000001C0000080097
:10E5600000080000080000080000080000880700FC
:10E57000FF00E00D00000C00000C0000140000245F
:10E580000000660000420000C10180810340000FCE
:10E5900030007E000000000000E8B59B0000000095
:10E5A0000000040000180000100300FF0EE030021D
:10E5B000305200C03F00005200803F0000F207F0E0
:10E5C0002F0000410080F001404F0720493E1049D4
:10E5D000000C490000490000150000640000C20062
:10E5E0008081000000000000000000FFFFFF070026
:10E5F000E00700F00D009819008C3100866100835F
:10E60000C1808181C180016380013680011C80014D
:10E610001C8001368001638081C180C180816100DE
:10E620008331008619008C0D00980700F00700E088
:10E63000FFFFFF00E88AAF000000000000000000BC
:10E640000000000000000018000000300000003052
:10E6500000001C300000183000001818040018F8E2
:10E660000F00F81F00F03F0800C0110C000010045C
:10E670000000100400000000000060000000C081E5
:10E68000030080030F0000030E4000000C60042014
:10E690000060042000700840003818C00038308046
:10E6A0000100E0E30700C0FF0100001E00000000C1
:10E6B000000000000000000000E781AB0000000047
:10E6C00000000000000000000000000000000060EA
:10E6D000000000E0000000E0000000E0000000603A
:10E6E0000000006080000060C0010060C003806125
:10E6F000E00000633000006708000066040000646A
:10E70000000000E0000000200100003003000030A5
:10E7100002000010040000180C00000C3800000E6D
:10E7200070000007E0018003E007C000C01F300058
:10E73000003F000000000000000000000000E5BEF7
:10E740008100000000000000000000000000000048
:10E75000020000000E0000000E0000000600000095
:10E760000300000001C0078000FC0140041E0020DF
:10E770000C3000000E2000000620000002200000E7
:10E7800003200600C1E10780812100C083210060D1
:10E7900083200030832000188320000C8320000099
:10E7A00083F03F00FF0F00003B000000010000006D
:10E7B0000100000001000000000000000000000057
:10E7C000000000E98094000000000000000000004C
:10E7D000000000000000020000000E00C001060062
:10E7E0008003070000031B00008231000080E0006E
:10E7F00000C0C0010060B80F00F00F3FC019060054
:10E80000F0074400C001FC00C0F00700C000040095
:10E81000C0400400C040E4008060C4018030840136
:10E8200080A00700E00107001C0E06000078000031
:10E8300000C00F000000FF3F0000F80F0000E001E3
:10E840000000000000000000E4BDA0000000000087
:10E8500000000000000000000000000C00000C1C84
:10E8600000001C1C00000C0C00000E060000060638
:10E8700000000603030003C30F80813D1E80830652
:10E8800007C043000160221800200238001002185F
:10E8900000080218000042180000429801004318C6
:10E8A000070063180E0073181C00331818001318A3
:10E8B000100003180000031F0000011E0000001CD0
:10E8C00000000008000000000000000000E5A5BDF9
:10E8D0000000000000000000000000000000000038
:10E8E000000000030000000600000006E00700062C
:10E8F0001F0F00028203000280010013400000335A
:10E90000380000713000003D6000FE33E07FBC3114
:10E91000FE0780D047008018400080084000000FAC
:10E92000C000000EC000001EC000003BC0008031CF
:10E930004000C06060002020620018007C000000E1
:10E94000780000003000000010000000000000000F
:10E950000000E6ACB800000000000000000000006D
:10E9600000000000000000000000000000000000A7
:10E97000C0030000E0030000E007000030070000D3
:10E98000300F0000180E0000181E00000C1E0000C2
:10E990000C3C0000063C00000678000003780000F4
:10E9A00003F00080FFFF00C001E001C000E001E0D3
:10E9B00000C0036000C0037000800770008007780B
:10E9C00000800FFF03F07F00000000000000000047
:10E9D00000000000000000E5938E00000000000031
:10E9E0000000000000000000000000000000000027
:10E9F00000000000C0FFFF0300C0030000C00300D0
:10EA000000C0030000C0030000C0030000C00300FA
:10EA100000C0030000C0030000C0030000C00300EA
:10EA200000C0030000C0030000C0030000C00300DA
:10EA300000C0030000C0030000C0030000C00300CA
:10EA400000C0030000E00700C0FFFF03000000005B
:10EA50000000000000000000000000006173696E0B
:10EA60000000000000000000000000000000F0FFB7
:10EA7000000000E0FFFFEF47000000E0FFFFEFC7EE
:10EA8000000000000000F07F706F770073717274F7
:10EA90000000000000000000182D4454FB21F93F45
:10EAA000075C143326A6913C9C7500883CE4377EB5
:10EAB00009F7FD0DE13D023F88B20175E0EF493FE6
:10EAC0003B8F68B52882A43F5544880E55C1C93F85
:10EAD0007D6FEB0312D6D43F555555555555C53F5F
:10EAE00082922EB1C5B8B33F59018D1B6C06E63F2B
:10EAF000C88A599CE52A00404B2D8A1C273A0340BE
:10EB0000182D4454FB21E93F182D4454FB210940A2
:10EB1000182D4454FB2109C00000000000000080B3
:10EB2000182D4454FB21F9BFD221337F7CD90240F8
:10EB3000D221337F7CD902C0182D4454FB21E9BF78
:10EB4000075C143326A6A13C0000004003B8E23F56
:10EB500006D0CF43EBFD4C3E000000000000F83F24
:10EB6000000000000000F0BF000000604715F73F04
:10EB700044DF5DF80BAE543E000000000000D03FC3
:10EB8000555555555555D53FFE822B654715F73FD1
:10EB90000000000000004043EF4E454A287ECA3F77
:10EBA00065DBC9934A86CD3F01411DA96074D13F01
:10EBB0004D268F515555D53FFFAB6FDBB66DDB3F13
:10EBC000033333333333E33F0000000000000840D9
:10EBD000000000E009C7EE3FFD033ADC09C7EE3F45
:10EBE000F5015B14E02F3EBEFE822B654715973C76
:10EBF00059F3F8C21F6EA50100000000432EE63F46
:10EC0000EF39FAFE422EE63F396CA80C615C20BE5B
:10EC1000D0A4BE726937663EF16BD2C541BDBB3E22
:10EC20002CDE25AF6A56113F93BDBE166CC1663F00
:10EC30003E5555555555C53F0000000000000040A9
:10EC400011DA22E33AAD903FEB0D76244B7BA93FDE
:10EC5000513DD0A0660DB13F6E204CC5CD45B73FAC
:10EC6000FF8300922449C23F0D5555555555D53F58
:10EC70002F6C6A2C44B4A2BF9AFDDE522DDEAD3F4C
:10EC80006D9A74AFF2B0B33F711623FEC671BC3FEC
:10EC9000C4EB98999999C93F4FBB610567ACDD3FBB
:10ECA000182D4454FB21E93F9BF681D20B73EF3FB3
:10ECB000182D4454FB21F93FE2652F227F2B7A3C2B
:10ECC000075C143326A6813CBDCBF07A8807703CE4
:10ECD000075C143326A6913C000000000000F87F7A
:10ECE000000000000000304300000000000030C3BE
:10ECF0000000000000005043000000000000903CB5
:10ED00009C77FFFF2076FFFF3077FFFF3877FFFF0C
:10ED10003077FFFF5076FFFF3077FFFF3877FFFF38
:10ED20002076FFFF2076FFFF5076FFFF3877FFFF4A
:10ED30009277FFFF9277FFFF9277FFFF5076FFFFFA
:10ED4000AC7EFFFF9E7DFFFF9E7DFFFF9C7DFFFF52
:10ED5000A47DFFFFA47DFFFF6A7DFFFF9C7DFFFF79
:10ED6000A47DFFFF6A7DFFFFA47DFFFF9C7DFFFF69
:10ED7000987EFFFF987EFFFF987EFFFF6A7DFFFF72
:10ED8000508FFFFF768EFFFF4A8FFFFF7E8EFFFFC3
:10ED90004A8FFFFF448EFFFF4A8FFFFF7E8EFFFFEB
:10EDA000768EFFFF768EFFFF448EFFFF7E8EFFFF85
:10EDB000848EFFFF848EFFFF848EFFFF448EFFFF53
:10EDC000368EFFFF368EFFFF0A8FFFFFE68FFFFFB5
:10EDD0000A8FFFFF048EFFFF0A8FFFFFE68FFFFF02
:10EDE000368EFFFF368EFFFF048EFFFFE68FFFFF9C
:10EDF000448EFFFF448EFFFF448EFFFF048EFFFF13
:10EE0000BA92FFFF0892FFFF0892FFFF0692FFFFF2
:10EE10000C92FFFF0C92FFFFDC91FFFF0692FFFFB9
:10EE20000C92FFFFDC91FFFF0C92FFFF0692FFFFA9
:10EE3000A892FFFFA892FFFFA892FFFFDC91FFFFBF
:10EE40000001020203030303040404040404040491
:10EE50000505050505050505050505050505050562
:10EE60000606060606060606060606060606060642
:10EE70000606060606060606060606060606060632
:10EE80000707070707070707070707070707070712
:10EE90000707070707070707070707070707070702
:10EEA00007070707070707070707070707070707F2
:10EEB00007070707070707070707070707070707E2
:10EEC00008080808080808080808080808080808C2
:10EED00008080808080808080808080808080808B2
:10EEE00008080808080808080808080808080808A2
:10EEF0000808080808080808080808080808080892
:10EF00000808080808080808080808080808080881
:10EF10000808080808080808080808080808080871
:10EF20000808080808080808080808080808080861
:10EF30000808080808080808080808080808080851
:10EF4000FFFFFFFFFFFFEF7F494E4600696E66003F
:10EF50004E414E006E616E003000000030313233A1
:10EF600034353637383941424344454600000000C5
:10EF7000303132333435363738396162636465662F
:10EF8000000000003EA8FFFF2AA8FFFF5CA8FFFFCB
:10EF900062A8FFFF3EA8FFFF0000C0FFFFFFDF41A8
:10EFA0009535A094FFFFDF3F35E5AF350000E03F2A
:10EFB0009535A094FFFFCF3F6E660000696E6974BF
:10EFC00079000000616E000035000000CEFBFFFFFD
:10EFD000CB0300000100000000000000340000002E
:10EFE000CEFBFFFFCB03000001000000000000008B
:10EFF000BC89D897B2D29C3C33A7A8D523F649390F
:10F000003DA7F444FD0FA5329D978CCF08BA5B2530
:10F01000436FAC642806681161436F63A787D23FD2
:10F02000B3C8608B288AC63FFB799F501344D33FF7
:10F0300000000000000024400000000000001C4010
:10F040000000000000001440496E66696E69747922
:10F05000000000004E614E0043000000504F534935
:10F06000580000002E0000000080E03779C34143C3
:10F07000176E05B5B5B89346F5F93FE9034F384D1E
:10F08000321D30F94877825A3CBF737FDD4F1575CA
:10F09000000000000000F03F0000000000002440DD
:10F0A00000000000000059400000000000408F40B8
:10F0B000000000000088C34000000000006AF84023
:10F0C0000000000080842E4100000000D012634147
:10F0D0000000000084D797410000000065CDCD41BD
:10F0E000000000205FA00242000000E8764837429E
:10F0F000000000A2941A6D42000040E59C30A2423C
:10F100000000901EC4BCD64200003426F56B0C43B0
:10F110000080E03779C3414300A0D8855734764357
:10F1200000C84E676DC1AB43003D9160E458E143B8
:10F13000408CB5781DAF154450EFE2D6E41A4B442D
:10F1400092D54D06CFF08044F64AE1C7022DB54472
:10F15000B49DD9794378EA44050000001900000005
:10F160007D000000232D302B20000000686C4C0037
:10F1700065666745464700000020202020202020AB
:10F180002020282828282820202020202020202057
:10F190002020202020202020208810101010101067
:10F1A00010101010101010101004040404040404B3
:10F1B000040404101010101010104141414141414D
:10F1C000010101010101010101010101010101012F
:10F1D000010101011010101010104242424242423F
:10F1E00002020202020202020202020202020202FF
:10F1F00002020202101010102000000000000000A7
:10F2000000000000000000000000000000000000FE
:10F2100000000000000000000000000000000000EE
:10F2200000000000000000000000000000000000DE
:10F2300000000000000000000000000000000000CE
:10F2400000000000000000000000000000000000BE
:10F2500000000000000000000000000000000000AE
:10F26000000000000000000000000000000000009E
:0CF2700000000000000000000000000092
:10F27C00000000000000000001020304060708095A
:10F28C000000000001020304010203040607080940
:10F29C000000000000000000000000000000000062
:10F2AC000000000000000000000000000000000052
:10F2BC000000000000000000000000000000000042
:10F2CC000000000000000000000000000000000032
:10F2DC000000000000000000000000000000000022
:10F2EC000000000000000000000000000000000012
:10F2FC0043000000000000000000000000000000BF
:10F30C0000000000000000000000000000000000F1
:10F31C00430000000000000000000000000000009E
:10F32C0000000000000000000000000000000000D1
:10F33C00430000000000000000000000000000007E
:10F34C0000000000000000000000000000000000B1
:10F35C00430000000000000000000000000000005E
:10F36C000000000000000000000000000000000091
:10F37C00430000000000000000000000000000003E
:10F38C000000000000000000000000000000000071
:10F39C00430000000000000000000000000000001E
:10F3AC000000000000000000000000000000000051
:10F3BC0043000000000000000000000000000000FE
:10F3CC000000000000000000000000000000000031
:10F3DC0050C700002EB900000000000078F10000BA
:10F3EC0064F00000FCCD0000FCCD0000FCCD000062
:10F3FC00FCCD0000FCCD0000FCCD0000FCCD0000DD
:10F40C00FCCD0000FCCD0000FFFFFFFFFFFFFFFF66
:10F41C00FFFFFFFFFFFF000001004153434949007C
:10F42C0000000000000000000000000000000000D0
:10F43C000000000000000000000041534349490057
:10F44C0000000000000000000000000000000000B0
:10F45C0000000000000000000000000000000000A0
:10F46C000101010100D8B805020406080AD7A33B24
:10F47C000100000060CB000068CB00000000803F62
:10F48C0060CE00005CCE000064CE000038CE0000E0
:10F49C004CCE000023DB793E333303424C06002074
:08F4AC00010000002000002017
:00000001FF
