
CH32L103C8T6.elf:     file format elf32-littleriscv
CH32L103C8T6.elf
architecture: riscv:rv32, flags 0x00000112:
EXEC_P, HAS_SYMS, D_PAGED
start address 0x00000000

Program Header:
    LOAD off    0x00001000 vaddr 0x00000000 paddr 0x00000000 align 2**12
         filesz 0x0000f27c memsz 0x0000f27c flags r-x
    LOAD off    0x00011000 vaddr 0x20000000 paddr 0x0000f27c align 2**12
         filesz 0x00000238 memsz 0x0000064c flags rw-
    LOAD off    0x00011800 vaddr 0x20004800 paddr 0x20004800 align 2**12
         filesz 0x00000000 memsz 0x00000800 flags rw-

Sections:
Idx Name          Size      VMA       LMA       File off  Algn
  0 .init         00000004  00000000  00000000  00001000  2**1
                  CONTENTS, ALLOC, LOAD, READONLY, CODE
  1 .vector       0000013c  00000004  00000004  00001004  2**1
                  CONTENTS, ALLOC, LOAD, READONLY, CODE
  2 .text         0000f13c  00000140  00000140  00001140  2**3
                  CONTENTS, ALLOC, LOAD, READONLY, CODE
  3 .fini         00000000  0000f27c  0000f27c  00011238  2**0
                  CONTENTS, ALLOC, LOAD, CODE
  4 .dalign       00000000  20000000  20000000  00011238  2**0
                  CONTENTS
  5 .dlalign      00000000  0000f27c  0000f27c  00011238  2**0
                  CONTENTS
  6 .data         00000238  20000000  0000f27c  00011000  2**2
                  CONTENTS, ALLOC, LOAD, DATA
  7 .bss          00000414  20000238  0000f4b4  00011238  2**2
                  ALLOC
  8 .stack        00000800  20004800  20004800  00011800  2**0
                  ALLOC
  9 .debug_info   00021bb2  00000000  00000000  00011238  2**0
                  CONTENTS, READONLY, DEBUGGING
 10 .debug_abbrev 000054d4  00000000  00000000  00032dea  2**0
                  CONTENTS, READONLY, DEBUGGING
 11 .debug_aranges 00000f08  00000000  00000000  000382c0  2**3
                  CONTENTS, READONLY, DEBUGGING
 12 .debug_ranges 00000fc0  00000000  00000000  000391c8  2**3
                  CONTENTS, READONLY, DEBUGGING
 13 .debug_line   00016fc8  00000000  00000000  0003a188  2**0
                  CONTENTS, READONLY, DEBUGGING
 14 .debug_str    0000430f  00000000  00000000  00051150  2**0
                  CONTENTS, READONLY, DEBUGGING
 15 .comment      00000033  00000000  00000000  0005545f  2**0
                  CONTENTS, READONLY
 16 .debug_frame  00003a9c  00000000  00000000  00055494  2**2
                  CONTENTS, READONLY, DEBUGGING
 17 .debug_loc    00007923  00000000  00000000  00058f30  2**0
                  CONTENTS, READONLY, DEBUGGING
SYMBOL TABLE:
00000000 l    d  .init	00000000 .init
00000004 l    d  .vector	00000000 .vector
00000140 l    d  .text	00000000 .text
0000f27c l    d  .fini	00000000 .fini
20000000 l    d  .dalign	00000000 .dalign
0000f27c l    d  .dlalign	00000000 .dlalign
20000000 l    d  .data	00000000 .data
20000238 l    d  .bss	00000000 .bss
20004800 l    d  .stack	00000000 .stack
00000000 l    d  .debug_info	00000000 .debug_info
00000000 l    d  .debug_abbrev	00000000 .debug_abbrev
00000000 l    d  .debug_aranges	00000000 .debug_aranges
00000000 l    d  .debug_ranges	00000000 .debug_ranges
00000000 l    d  .debug_line	00000000 .debug_line
00000000 l    d  .debug_str	00000000 .debug_str
00000000 l    d  .comment	00000000 .comment
00000000 l    d  .debug_frame	00000000 .debug_frame
00000000 l    d  .debug_loc	00000000 .debug_loc
00000000 l    df *ABS*	00000000 ./Startup/startup_ch32l103.o
00000004 l       .vector	00000000 _vector_base
00000000 l    df *ABS*	00000000 ch32l103_it.c
00000000 l    df *ABS*	00000000 main.c
00000000 l    df *ABS*	00000000 system_ch32l103.c
00000000 l    df *ABS*	00000000 ch32l103_adc.c
00000000 l    df *ABS*	00000000 ch32l103_bkp.c
00000000 l    df *ABS*	00000000 ch32l103_dma.c
00000000 l    df *ABS*	00000000 ch32l103_exti.c
00000000 l    df *ABS*	00000000 ch32l103_gpio.c
00000000 l    df *ABS*	00000000 ch32l103_misc.c
00000000 l    df *ABS*	00000000 ch32l103_pwr.c
00000000 l    df *ABS*	00000000 ch32l103_rcc.c
20000010 l     O .data	00000010 PBHBPrescTable
200001f8 l     O .data	00000004 ADCPrescTable
00000000 l    df *ABS*	00000000 ch32l103_rtc.c
00000000 l    df *ABS*	00000000 ch32l103_spi.c
00000000 l    df *ABS*	00000000 ch32l103_tim.c
00000000 l    df *ABS*	00000000 ch32l103_usart.c
00000000 l    df *ABS*	00000000 ADC.c
00000000 l    df *ABS*	00000000 Angle.c
00000000 l    df *ABS*	00000000 EC_01G.c
00000000 l    df *ABS*	00000000 ICM42688.c
00002862 l     F .text	00000020 Icm_SPI_ReadWriteNByte
00002882 l     F .text	0000003a Icm42688_Read_Reg
000028bc l     F .text	0000002e Icm42688_Write_Reg
000028ea l     F .text	00000030 Icm42688_Read_Regs
20000224 l     O .data	00000004 AccSensitivity
20000228 l     O .data	00000004 GyroSensitivity
00000000 l    df *ABS*	00000000 MyRTC.c
00000000 l    df *ABS*	00000000 MySPI.c
00000000 l    df *ABS*	00000000 Sensor.c
00000000 l    df *ABS*	00000000 Serial.c
00000000 l    df *ABS*	00000000 TFT_LCD.c
00000000 l    df *ABS*	00000000 TFT_LCD_Init.c
00000000 l    df *ABS*	00000000 Timer.c
00000000 l    df *ABS*	00000000 debug.c
200002d0 l     O .bss	00000002 p_ms
200002d2 l     O .bss	00000002 p_us
2000022c l     O .data	00000004 curbrk.4999
00000000 l    df *ABS*	00000000 w_asin.c
00000000 l    df *ABS*	00000000 w_atan2.c
00000000 l    df *ABS*	00000000 w_pow.c
00000000 l    df *ABS*	00000000 w_sqrt.c
00000000 l    df *ABS*	00000000 e_asin.c
00000000 l    df *ABS*	00000000 e_atan2.c
00000000 l    df *ABS*	00000000 e_pow.c
00000000 l    df *ABS*	00000000 e_sqrt.c
00000000 l    df *ABS*	00000000 s_atan.c
0000ec98 l     O .text	00000020 atanhi
0000ecb8 l     O .text	00000020 atanlo
00000000 l    df *ABS*	00000000 s_fabs.c
00000000 l    df *ABS*	00000000 s_finite.c
00000000 l    df *ABS*	00000000 s_matherr.c
00000000 l    df *ABS*	00000000 s_nan.c
00000000 l    df *ABS*	00000000 s_rint.c
0000ece0 l     O .text	00000010 TWO52
00000000 l    df *ABS*	00000000 s_scalbn.c
00000000 l    df *ABS*	00000000 s_copysign.c
00000000 l    df *ABS*	00000000 adddf3.c
00000000 l    df *ABS*	00000000 divdf3.c
00000000 l    df *ABS*	00000000 eqdf2.c
00000000 l    df *ABS*	00000000 gedf2.c
00000000 l    df *ABS*	00000000 ledf2.c
00000000 l    df *ABS*	00000000 muldf3.c
00000000 l    df *ABS*	00000000 subdf3.c
00000000 l    df *ABS*	00000000 unorddf2.c
00000000 l    df *ABS*	00000000 fixdfsi.c
00000000 l    df *ABS*	00000000 fixunsdfsi.c
00000000 l    df *ABS*	00000000 floatsidf.c
00000000 l    df *ABS*	00000000 floatunsidf.c
00000000 l    df *ABS*	00000000 addsf3.c
00000000 l    df *ABS*	00000000 divsf3.c
00000000 l    df *ABS*	00000000 eqsf2.c
00000000 l    df *ABS*	00000000 gesf2.c
00000000 l    df *ABS*	00000000 lesf2.c
00000000 l    df *ABS*	00000000 mulsf3.c
00000000 l    df *ABS*	00000000 subsf3.c
00000000 l    df *ABS*	00000000 fixsfsi.c
00000000 l    df *ABS*	00000000 fixunssfsi.c
00000000 l    df *ABS*	00000000 floatsisf.c
00000000 l    df *ABS*	00000000 floatunsisf.c
00000000 l    df *ABS*	00000000 extendsfdf2.c
00000000 l    df *ABS*	00000000 truncdfsf2.c
00000000 l    df *ABS*	00000000 libgcc2.c
00000000 l    df *ABS*	00000000 atof.c
00000000 l    df *ABS*	00000000 atoi.c
00000000 l    df *ABS*	00000000 errno.c
00000000 l    df *ABS*	00000000 malloc.c
00000000 l    df *ABS*	00000000 nano-mallocr.c
00000000 l    df *ABS*	00000000 nano-mallocr.c
00000000 l    df *ABS*	00000000 nano-vfprintf_float.c
00000000 l    df *ABS*	00000000 nano-vfprintf_i.c
00000000 l    df *ABS*	00000000 sbrkr.c
00000000 l    df *ABS*	00000000 strlen.c
00000000 l    df *ABS*	00000000 strstr.c
00000000 l    df *ABS*	00000000 strtod.c
00009616 l     F .text	0000004e sulp
0000efc8 l     O .text	00000014 fpi.3395
0000efdc l     O .text	00000014 fpinan.3431
0000eff0 l     O .text	00000028 tinytens
00000000 l    df *ABS*	00000000 strtol.c
0000a2ec l     F .text	0000013a _strtol_l.isra.0
00000000 l    df *ABS*	00000000 vsprintf.c
00000000 l    df *ABS*	00000000 dtoa.c
0000a482 l     F .text	0000013a quorem
00000000 l    df *ABS*	00000000 gdtoa-gethex.c
0000b1d2 l     F .text	00000076 rshift
00000000 l    df *ABS*	00000000 gdtoa-hexnan.c
0000b752 l     F .text	0000002c L_shift
00000000 l    df *ABS*	00000000 locale.c
00000000 l    df *ABS*	00000000 localeconv.c
00000000 l    df *ABS*	00000000 mbtowc_r.c
00000000 l    df *ABS*	00000000 memchr.c
00000000 l    df *ABS*	00000000 memcpy.c
00000000 l    df *ABS*	00000000 mlock.c
00000000 l    df *ABS*	00000000 mprec.c
0000f158 l     O .text	0000000c p05.3319
00000000 l    df *ABS*	00000000 nano-mallocr.c
00000000 l    df *ABS*	00000000 nano-vfprintf.c
00000000 l    df *ABS*	00000000 strncmp.c
00000000 l    df *ABS*	00000000 wctomb_r.c
00000000 l    df *ABS*	00000000 memmove.c
00000000 l    df *ABS*	00000000 nano-mallocr.c
00000000 l    df *ABS*	00000000 nano-mallocr.c
00000000 l    df *ABS*	00000000 trunctfdf2.c
00000000 l    df *ABS*	00000000 libgcc2.c
00000000 l    df *ABS*	00000000 ctype_.c
00000000 l    df *ABS*	00000000 impure.c
20000020 l     O .data	00000060 impure_data
00000000 l    df *ABS*	00000000 s_lib_ver.c
00000000 l    df *ABS*	00000000 reent.c
0000c80c g     F .text	00000014 _malloc_usable_size_r
00008bc4 g     F .text	000000ea __cvt
00000acc  w      .text	00000000 EXTI2_IRQHandler
0000c372 g     F .text	00000046 __any_on
0000346a g     F .text	00000014 LCD_DrawPoint
0000347e g     F .text	000000e6 LCD_ShowChar
200002b8 g     O .bss	00000004 N
2000023a g     O .bss	00000002 BenDi_Go_flag_dly
0000582a g     F .text	00000006 fabs
00000d88 g     F .text	00000014 DMA_Cmd
00004154 g     F .text	000000ba sqrt
0000680e g     F .text	0000006a .hidden __eqdf2
000033f0 g     F .text	0000003c EC01G_Printf
000030da g     F .text	00000054 Buzzer_ON_Twice
200009f0 g       .data	00000000 __global_pointer$
0000a472 g     F .text	00000010 vsprintf
00000148 g     F .text	00000028 .hidden __riscv_save_8
000023fc g     F .text	000000ee EC_01G_GPS_DataFree
200001f1 g     O .data	00000001 V_Bat_Sw
00000acc  w      .text	00000000 TIM1_CC_IRQHandler
2000031c g     O .bss	0000000a GPS_Time
2000023c g     O .bss	00000001 Fast_Recover_flag
0000168c g     F .text	00000004 SPI_I2S_SendData
2000026a g     O .bss	00000001 Battery_level
00000364 g     F .text	00000010 HardFault_Handler
00002a86 g     F .text	00000014 ICM42688_Init
0000192e g     F .text	0000017e ALLADC_Init
000014f4 g     F .text	00000012 RTC_EnterConfigMode
20000274 g     O .bss	00000004 V_Bat
00002db2 g     F .text	000000a4 MySPI_Init
0000ba2c g     F .text	00000002 __malloc_unlock
00000bba g     F .text	00000012 ADC_DMACmd
00000acc  w      .text	00000000 USBPD_IRQHandler
00001602 g     F .text	00000014 RTC_ClearFlag
2000026b g     O .bss	00000001 Index
00000194 g     F .text	0000000c .hidden __riscv_restore_3
00007b16 g     F .text	000002b2 .hidden __divsf3
00000acc  w      .text	00000000 SysTick_Handler
0000b248 g     F .text	00000040 __hexdig_fun
00000bde g     F .text	0000000a ADC_StartCalibration
20000270 g     O .bss	00000004 Sum_Bat_Value
000011fc g     F .text	00000062 NVIC_Init
00000acc  w      .text	00000000 PVD_IRQHandler
0000c76e g     F .text	00000046 memmove
00000180 g     F .text	00000020 .hidden __riscv_restore_10
20000210 g     O .data	00000004 OFF
00001690 g     F .text	00000004 SPI_I2S_ReceiveData
200002c4 g     O .bss	00000004 Qingxiejiao
00000362 g     F .text	00000002 NMI_Handler
0000ba2e g     F .text	0000008c _Balloc
00008552 g     F .text	00000062 .hidden __fixsfsi
00000acc  w      .text	00000000 EXTI3_IRQHandler
00000148 g     F .text	00000028 .hidden __riscv_save_11
00006878 g     F .text	000000ae .hidden __gtdf2
00008a30 g     F .text	00000008 __errno
0000b910 g     F .text	00000006 __localeconv_l
200001f0 g     O .data	00000001 BenDi_GO
20000288 g     O .bss	00000004 exInt
20000246 g     O .bss	00000001 Send_OK_Flag
0000151e g     F .text	00000036 RTC_GetCounter
000018a6 g     F .text	0000000a USART_GetFlagStatus
2000025c g     O .bss	00000002 USBPD_CFG
20000648 g     O .bss	00000004 errno
20000238 g       .bss	00000000 _sbss
00000800 g       *ABS*	00000000 __stack_size
00003242 g     F .text	00000044 DMA_Usart2_GPIO_Init
00003a14 g     F .text	0000002c LCD_WR_REG
00001b6e g     F .text	00000206 Get_ADC_value
00000d50 g     F .text	00000038 DMA_Init
000081ca g     F .text	00000388 .hidden __subsf3
2000024b g     O .bss	00000001 Warning_BenDi
2000023e g     O .bss	00000001 LCD_Warn_Flag
200002dc g     O .bss	00000014 Bat_Value
00000acc  w      .text	00000000 USBFS_IRQHandler
00000194 g     F .text	0000000c .hidden __riscv_restore_2
00002c96 g     F .text	00000032 calculate_tilt_angle
0000b978 g     F .text	000000b2 memcpy
0000b7ac g     F .text	0000015e __hexnan
00000baa g     F .text	00000010 ADC_Cmd
20000208 g     O .data	00000004 Warn
00000d34 g     F .text	0000001c BKP_WriteBackupRegister
00000f06 g     F .text	0000012c GPIO_PinRemapConfig
0000c4c0 g     F .text	00000268 _svfprintf_r
000076d2 g     F .text	00000072 .hidden __floatsidf
200002fc g     O .bss	0000001e GPS_Loaction
00006926 g     F .text	000000b6 .hidden __ltdf2
00000acc  w      .text	00000000 EXTI0_IRQHandler
00000acc  w      .text	00000000 I2C2_EV_IRQHandler
0000148e g     F .text	0000001e RCC_PB2PeriphResetCmd
00000acc  w      .text	00000000 LPTIM_IRQHandler
00001714 g     F .text	00000018 TIM_Cmd
200001f2 g     O .data	00000001 Warning_Send
00003954 g     F .text	0000003c LCD_GPIO_Init
200001f4 g     O .data	00000004 SystemCoreClock
20000298 g     O .bss	00000004 q2
0000c2c8 g     F .text	00000074 __ratio
0000a444 g     F .text	0000002e _vsiprintf_r
0000189e g     F .text	00000008 USART_ReceiveData
20000248 g     O .bss	00000002 Time_dly
00008a38 g     F .text	0000000a malloc
0000174e g     F .text	0000000c TIM_ClearFlag
0000f090 g     O .text	000000c8 __mprec_tens
00000004 g       .init	00000000 _einit
00001772 g     F .text	0000000c TIM_ClearITPendingBit
200001fc g     O .data	00000004 Alpha
00000d9c g     F .text	00000004 DMA_SetCurrDataCounter
00007eaa g     F .text	0000008c .hidden __lesf2
00000140 g     F .text	00000030 .hidden __riscv_save_12
00007676 g     F .text	0000005c .hidden __fixunsdfsi
00000e2a g     F .text	000000c0 GPIO_Init
0000130a g     F .text	00000014 RCC_ADCCLKConfig
00000acc  w      .text	00000000 Break_Point_Handler
0000b916 g     F .text	00000018 _localeconv_r
0000bcea g     F .text	0000001c __i2b
00000180 g     F .text	00000020 .hidden __riscv_restore_11
20000260 g     O .bss	00000004 NVIC_Priority_Group
00000acc  w      .text	00000000 SPI1_IRQHandler
00000bcc g     F .text	0000000a ADC_ResetCalibration
0000318c g     F .text	000000b6 DMA_Usart1_Init
00001838 g     F .text	00000016 USART_Cmd
20000204 g     O .data	00000004 Safety
000095a6 g     F .text	0000002a _sbrk_r
20000250 g     O .bss	00000004 CHIPID
00000acc  w      .text	00000000 TAMPER_IRQHandler
00000170 g     F .text	0000000c .hidden __riscv_save_1
00000194 g     F .text	0000000c .hidden __riscv_restore_0
00002d9c g     F .text	00000016 Enter_StopMode
00000156 g     F .text	0000001a .hidden __riscv_save_7
0000133e g     F .text	00000020 RCC_RTCCLKCmd
200002b5 g     O .bss	00000001 HALL_State
00002f0a g     F .text	00000016 BEEP_Down
0000879e g     F .text	000000ac .hidden __extendsfdf2
00005b2a g     F .text	00000730 .hidden __adddf3
00007dc8 g     F .text	0000005c .hidden __nesf2
00000acc  w      .text	00000000 Ecall_M_Mode_Handler
20004800 g       .stack	00000000 _heap_end
0000c140 g     F .text	000000b4 __b2d
20000230 g     O .data	00000004 __fdlib_version
0000018a g     F .text	00000016 .hidden __riscv_restore_5
0000c7b4 g     F .text	00000058 _realloc_r
2000024c g     O .bss	00000002 ADC_Trim
00001694 g     F .text	0000000a SPI_I2S_GetFlagStatus
00000acc  w      .text	00000000 DMA1_Channel4_IRQHandler
00000c08 g     F .text	000000b8 ADC_RegularChannelConfig
0000a472 g     F .text	00000010 vsiprintf
0000f068 g     O .text	00000028 __mprec_bigtens
0000bb96 g     F .text	000000a4 __s2b
00007744 g     F .text	00000068 .hidden __floatunsidf
00003d46 g     F .text	00000026 _sbrk
0000bfd6 g     F .text	00000032 __mcmp
00000cd8 g     F .text	0000005c ADC_FIFO_Cmd
20000278 g     O .bss	00000002 Water_Value
00003396 g     F .text	00000018 Usart1_Send_String
0000157c g     F .text	0000002a RTC_SetPrescaler
0000a426 g     F .text	0000001e strtol
00000da0 g     F .text	0000000e DMA_GetFlagStatus
0000018a g     F .text	00000016 .hidden __riscv_restore_6
20000240 g     O .bss	00000004 MQ4
00000acc  w      .text	00000000 USART3_IRQHandler
00000e20 g     F .text	0000000a EXTI_ClearITPendingBit
0000125e g     F .text	00000016 PWR_BackupAccessCmd
00000acc  w      .text	00000000 RTC_IRQHandler
00009664 g     F .text	00000c6c _strtod_l
0000b77e g     F .text	0000002e __match
00000be8 g     F .text	00000008 ADC_GetCalibrationStatus
2000064c g       .bss	00000000 _ebss
00003286 g     F .text	000000ba DMA_Usart2_Init
000018b0 g     F .text	0000003c USART_GetITStatus
000023ac g     F .text	00000050 EC_01G_Key_Capture
00005850 g     F .text	00000186 rint
000015a6 g     F .text	00000028 RTC_SetAlarm
00000acc  w      .text	00000000 DMA1_Channel7_IRQHandler
00000bf0 g     F .text	00000018 ADC_SoftwareStartConvCmd
00000bd6 g     F .text	00000008 ADC_GetResetCalibrationStatus
0000bc3a g     F .text	00000046 __hi0bits
0000760e g     F .text	00000068 .hidden __fixdfsi
00003cf0 g     F .text	00000020 Delay_Init
000015de g     F .text	00000024 RTC_WaitForSynchro
00003340 g     F .text	0000002c DMA_Usart2_Start
000014ac g     F .text	0000002e RCC_GetFlagStatus
000033ae g     F .text	0000002a Usart2_Send_Char
0000a2d0 g     F .text	0000001c strtod
200002a0 g     O .bss	00000004 Date
000039fc g     F .text	00000018 LCD_WR_DATA
00001452 g     F .text	0000001e RCC_PB2PeriphClockCmd
00001032 g     F .text	000001c4 GPIO_IPD_Unused
00004676 g     F .text	000001e4 __ieee754_atan2
00008a22 g     F .text	00000006 atof
00007e24 g     F .text	00000086 .hidden __gtsf2
00000acc  w      .text	00000000 USBPDWakeUp_IRQHandler
00000ef4 g     F .text	00000004 GPIO_SetBits
00000acc  w      .text	00000000 TIM4_IRQHandler
00006926 g     F .text	000000b6 .hidden __ledf2
00000148 g     F .text	00000028 .hidden __riscv_save_9
00000efc g     F .text	0000000a GPIO_WriteBit
2000027c g     O .bss	00000004 Q_ANGLE_X
20000220 g     O .data	00000004 successfully_Open_Channel
00001554 g     F .text	00000028 RTC_SetCounter
0000be4a g     F .text	000000be __pow5mult
00002d38 g     F .text	00000064 RTC_SetClock
00000156 g     F .text	0000001a .hidden __riscv_save_4
00000acc  w      .text	00000000 I2C1_EV_IRQHandler
00002ef4 g     F .text	00000016 BEEP_Up
00000acc  w      .text	00000000 USART4_IRQHandler
00003692 g     F .text	000000a8 LCD_ShowImage
20000244 g     O .bss	00000002 Rtc_Clock
20000218 g     O .data	00000004 ON
0000c3e0 g     F .text	000000e0 __ssputs_r
0000175a g     F .text	00000018 TIM_GetITStatus
0000135e g     F .text	000000d6 RCC_GetClocksFreq
0000420e g     F .text	00000468 __ieee754_asin
00000acc  w      .text	00000000 DMA1_Channel6_IRQHandler
000089b4 g     F .text	0000006e .hidden __clzsi2
00002f20 g     F .text	000001ba Update_Display
20000258 g     O .bss	00000004 TS_Val
0000b960 g     F .text	00000018 memchr
00008d32  w    F .text	000004c4 _printf_float
0000177e g     F .text	000000ba USART_Init
00003c80 g     F .text	00000070 Timer_Init
00008a42 g     F .text	000000a8 _free_r
00000acc  w      .text	00000000 TIM3_IRQHandler
00000acc  w      .text	00000000 RCC_IRQHandler
00000170 g     F .text	0000000c .hidden __riscv_save_3
00000acc  w      .text	00000000 TIM1_TRG_COM_IRQHandler
00000acc  w      .text	00000000 DMA1_Channel1_IRQHandler
00002e56 g     F .text	00000018 MySPI_Start
00000000 g       .init	00000000 _start
000095e2 g     F .text	00000034 strstr
00001434 g     F .text	0000001e RCC_HBPeriphClockCmd
2000023f g     O .bss	00000001 Last_Warning_BenDi
0000bf08 g     F .text	000000ce __lshift
00001332 g     F .text	0000000c RCC_RTCCLKConfig
00003e2a g     F .text	00000004 atan2
0000860a g     F .text	000000c6 .hidden __floatsisf
00001470 g     F .text	0000001e RCC_PB1PeriphClockCmd
00000acc  w      .text	00000000 EXTI15_10_IRQHandler
000022a0 g     F .text	000000bc EC_01G_Connect
20000264 g     O .bss	00000006 AD_Value
0000172c g     F .text	00000012 TIM_ITConfig
200004b8 g     O .bss	00000190 Usart2_Rx_Data
0000c728 g     F .text	00000028 strncmp
00000acc  w      .text	00000000 ADC_IRQHandler
2000026c g     O .bss	00000002 Last_value
0000184e g     F .text	00000036 USART_ITConfig
2000029c g     O .bss	00000004 q3
00000db6 g     F .text	0000006a EXTI_Init
0000bd06 g     F .text	00000144 __multiply
0000485a g     F .text	00000ad8 __ieee754_pow
20000254 g     O .bss	00000004 OPA_Trim
00003e2e g     F .text	00000326 pow
00007dc8 g     F .text	0000005c .hidden __eqsf2
0000c1f4 g     F .text	000000d4 __d2b
00000acc  w      .text	00000000 DMA1_Channel8_IRQHandler
200002b4 g     O .bss	00000001 GPS_Text
20000294 g     O .bss	00000004 q1
2000028c g     O .bss	00000004 eyInt
00001616 g     F .text	00000020 RTC_GetITStatus
00000ef8 g     F .text	00000004 GPIO_ResetBits
000018ec g     F .text	00000042 Sensor_GPIO_Init
20000000 g       .dalign	00000000 _data_vma
00001aac g     F .text	00000046 AD_GetValue
0000291a g     F .text	0000016c Icm42688RegCfg
20000290 g     O .bss	00000004 ezInt
00000acc  w      .text	00000000 EXTI9_5_IRQHandler
0000625a g     F .text	000005b4 .hidden __divdf3
0000c33c g     F .text	00000036 __copybits
0000235c g     F .text	00000050 EC_01G_Topic_Init
0000ceac g     O .text	000011d0 ascii_2412
00001d74 g     F .text	000004d2 IMUupdate
000069dc g     F .text	000004b8 .hidden __muldf3
00000148 g     F .text	00000028 .hidden __riscv_save_10
20000214 g     O .data	00000004 OK_Ack
0000ba2a g     F .text	00000002 __malloc_lock
0000018a g     F .text	00000016 .hidden __riscv_restore_4
00000180 g     F .text	00000020 .hidden __riscv_restore_8
00003564 g     F .text	00000066 LCD_ShowNum
00000156 g     F .text	0000001a .hidden __riscv_save_6
0000c3b8 g     F .text	00000028 _calloc_r
000038f4 g     F .text	00000060 LCD_Printf
00000acc  w      .text	00000000 SPI2_IRQHandler
00001274 g     F .text	00000096 PWR_EnterSTOPMode
00003a96 g     F .text	000001ea LCD_Init
000002ba g     F .text	000000a8 memset
00000180 g     F .text	00000020 .hidden __riscv_restore_9
0000018a g     F .text	00000016 .hidden __riscv_restore_7
00000374 g     F .text	00000252 main
00007eaa g     F .text	0000008c .hidden __ltsf2
20000280 g     O .bss	00000004 Q_ANGLE_Y
00002e86 g     F .text	00000040 MySPI_WriteReadByte
0000583e g     F .text	00000004 matherr
0000884a g     F .text	0000016a .hidden __truncdfsf2
2000023d g     O .bss	00000001 GPS_OK_Flag
0000a5bc g     F .text	00000c16 _dtoa_r
00008aea g     F .text	000000da _malloc_r
0000173e g     F .text	00000010 TIM_InternalClockConfig
0000c750 g     F .text	0000001e __ascii_wctomb
000024ea g     F .text	00000106 EC_01G_GPS_Get
00000acc  w      .text	00000000 DMA1_Channel5_IRQHandler
00002744 g     F .text	0000011e EC_01G_Send_Data
00000acc  w      .text	00000000 EXTI4_IRQHandler
00002cc8 g     F .text	00000070 MyRTC_Init
00003d10 g     F .text	00000036 Delay_Ms
000025f0 g     F .text	00000154 EC_01G_GPS_Handle
00002b9e g     F .text	000000f8 ICM_GetAngle
00000acc  w      .text	00000000 USB_LP_CAN1_RX0_IRQHandler
00007f36 g     F .text	00000294 .hidden __mulsf3
00005830 g     F .text	0000000e finite
00000cc0 g     F .text	00000018 ADC_BufferCmd
00001672 g     F .text	0000001a SPI_Cmd
000001a0 g     F .text	0000011a strcmp
0000312e g     F .text	0000005e DMA_Usart1_GPIO_Init
00000970 g     F .text	000000bc SystemInit
00005b14 g     F .text	00000016 copysign
0000680e g     F .text	0000006a .hidden __nedf2
0000342c g     F .text	0000003e LCD_Fill
00005506 g     F .text	00000324 atan
00000acc  w      .text	00000000 USB_HP_CAN1_TX_IRQHandler
00001af2 g     F .text	0000007c Adaptive_filter
0000ee40 g     O .text	00000100 .hidden __clz_tab
00008cae g     F .text	00000084 __exponent
00000000 g       .init	00000000 _sinit
000033d8 g     F .text	00000018 Usart2_Send_String
00000acc  w      .text	00000000 CMPWakeUp_IRQHandler
00007e24 g     F .text	00000086 .hidden __gesf2
0000a444 g     F .text	0000002e _vsprintf_r
00002a9a g     F .text	00000104 ICMGetRawData
00003d6c g     F .text	000000be asin
00000acc  w      .text	00000000 DMA1_Channel3_IRQHandler
00003a40 g     F .text	00000056 LCD_Address_Set
200002cc g     O .bss	00000004 Test_GyroData
000091f6 g     F .text	0000010c _printf_common
20000234 g     O .data	00000004 _impure_ptr
00000acc  w      .text	00000000 TIM1_UP_IRQHandler
000059d6 g     F .text	0000013e scalbn
00000acc  w      .text	00000000 LPTIMWakeUp_IRQHandler
0000c4c0 g     F .text	00000268 _svfiprintf_r
20000284 g     O .bss	00000004 Q_ANGLE_Z
00000acc  w      .text	00000000 WWDG_IRQHandler
0000b92e g     F .text	00000032 __ascii_mbtowc
00000acc  w      .text	00000000 Ecall_U_Mode_Handler
0000c0fa g     F .text	00000046 __ulp
0000066a g     F .text	00000306 TIM2_IRQHandler
20005000 g       .stack	00000000 _eusrstack
00000170 g     F .text	0000000c .hidden __riscv_save_2
00000acc  w      .text	00000000 SW_Handler
20000200 g     O .data	00000001 Once
200002a4 g     O .bss	00000004 E
00005842 g     F .text	0000000e nan
00005332 g     F .text	000001d4 __ieee754_sqrt
00000acc  w      .text	00000000 TIM1_BRK_IRQHandler
00000b54 g     F .text	00000056 ADC_Init
00001896 g     F .text	00000008 USART_SendData
00000acc  w      .text	00000000 OPA_IRQHandler
2000021c g     O .data	00000004 successfully_Connected
20000238 g     O .bss	00000002 Arverge_Bat
00000acc  w      .text	00000000 EXTI1_IRQHandler
000015ce g     F .text	00000010 RTC_WaitForLastTask
00000156 g     F .text	0000001a .hidden __riscv_save_5
200002bc g     O .bss	00000004 Time
2000020c g     O .data	00000004 q0
20000238 g       .data	00000000 _edata
2000026e g     O .bss	00000002 MQ4_Value
2000064c g       .bss	00000000 _end
2000024a g     O .bss	00000001 Usart1_IDLE_Flag
200002c0 g     O .bss	00000004 Time_Data
0000169e g     F .text	00000076 TIM_TimeBaseInit
000005c6 g     F .text	00000028 RTCAlarm_IRQHandler
0000336c g     F .text	0000002a Usart1_Send_Char
200002c8 g     O .bss	00000004 Test_AccData
0000f27c g       .dlalign	00000000 _data_lma
00000628 g     F .text	00000042 USART2_IRQHandler
00001506 g     F .text	00000018 RTC_ExitConfigMode
20000328 g     O .bss	00000190 Usart1_Rx_Data
00000a2c g     F .text	000000a0 SystemCoreClockUpdate
000086d0 g     F .text	000000ce .hidden __floatunsisf
200001f3 g     O .data	00000001 Warning_Yun
0000c008 g     F .text	000000f2 __mdiff
00001636 g     F .text	0000000a RTC_ClearITPendingBit
200002f0 g     O .bss	0000000a GPS_Date
00000acc  w      .text	00000000 I2C2_ER_IRQHandler
00000acc  w      .text	00000000 DMA1_Channel2_IRQHandler
0000e634 g     O .text	00000428 tfont32
20000000 g     O .data	00000010 HBPrescTable
00008a28 g     F .text	00000008 atoi
000014da g     F .text	0000001a RTC_ITConfig
0000017c g     F .text	00000024 .hidden __riscv_restore_12
0000f178 g     O .text	00000101 _ctype_
00000dae g     F .text	00000008 DMA_ClearFlag
000075d2 g     F .text	0000003c .hidden __unorddf2
00000ace  w      .text	00000000 handle_reset
00000acc  w      .text	00000000 CAN1_SCE_IRQHandler
000085b4 g     F .text	00000056 .hidden __fixunssfsi
00000170 g     F .text	0000000c .hidden __riscv_save_0
00000acc  w      .text	00000000 FLASH_IRQHandler
0000373a g     F .text	000001ba LCD_ShowString
00000acc  w      .text	00000000 USBFSWakeUp_IRQHandler
000005ee g     F .text	0000003a USART1_IRQHandler
0000131e g     F .text	00000014 RCC_LSICmd
000095d0 g     F .text	00000012 strlen
00009302 g     F .text	000002a4 _printf_i
0000b90a g     F .text	00000006 __locale_ctype_ptr_l
00006878 g     F .text	000000ae .hidden __gedf2
00003990 g     F .text	0000006c LCD_Writ_Bus
0000b288 g     F .text	000004ca __gethex
200002d8 g     O .bss	00000004 __malloc_sbrk_start
00000acc  w      .text	00000000 I2C1_ER_IRQHandler
00001640 g     F .text	00000032 SPI_Init
000011f6 g     F .text	00000006 NVIC_PriorityGroupConfig
00002e6e g     F .text	00000018 MySPI_Stop
200002d4 g     O .bss	00000004 __malloc_free_list
00000194 g     F .text	0000000c .hidden __riscv_restore_1
00006e94 g     F .text	0000073e .hidden __subdf3
0000e07c g     O .text	000005b7 tfont24
0000bc80 g     F .text	0000006a __lo0bits
00000eea g     F .text	0000000a GPIO_ReadInputDataBit
00001884 g     F .text	00000012 USART_DMACmd
00002ec6 g     F .text	0000002e BEEP_Init
000077ac g     F .text	0000036a .hidden __addsf3
20000080 g     O .data	0000016c __global_locale
200002a8 g     O .bss	00000001 EC_01G_IDLE_Flag
200002ac g     O .bss	00000005 GPS_Speed
0000c820 g     F .text	0000021e .hidden __trunctfdf2
000035ca g     F .text	000000c8 LCD_ShowFloatNum
00002246 g     F .text	0000005a EC_Send_Cmd
0000bafe g     F .text	00000098 __multadd
0000baba g     F .text	00000044 _Bfree



Disassembly of section .init:

00000000 <_sinit>:
   0:	2cf0006f          	j	ace <handle_reset>

Disassembly of section .vector:

00000004 <_vector_base>:
	...
   c:	0362                	slli	t1,t1,0x18
   e:	0000                	unimp
  10:	0364                	addi	s1,sp,396
  12:	0000                	unimp
  14:	0000                	unimp
  16:	0000                	unimp
  18:	0acc                	addi	a1,sp,340
	...
  22:	0000                	unimp
  24:	0acc                	addi	a1,sp,340
  26:	0000                	unimp
  28:	0acc                	addi	a1,sp,340
	...
  32:	0000                	unimp
  34:	0acc                	addi	a1,sp,340
  36:	0000                	unimp
  38:	0000                	unimp
  3a:	0000                	unimp
  3c:	0acc                	addi	a1,sp,340
  3e:	0000                	unimp
  40:	0000                	unimp
  42:	0000                	unimp
  44:	0acc                	addi	a1,sp,340
  46:	0000                	unimp
  48:	0acc                	addi	a1,sp,340
  4a:	0000                	unimp
  4c:	0acc                	addi	a1,sp,340
  4e:	0000                	unimp
  50:	0acc                	addi	a1,sp,340
  52:	0000                	unimp
  54:	0acc                	addi	a1,sp,340
  56:	0000                	unimp
  58:	0acc                	addi	a1,sp,340
  5a:	0000                	unimp
  5c:	0acc                	addi	a1,sp,340
  5e:	0000                	unimp
  60:	0acc                	addi	a1,sp,340
  62:	0000                	unimp
  64:	0acc                	addi	a1,sp,340
  66:	0000                	unimp
  68:	0acc                	addi	a1,sp,340
  6a:	0000                	unimp
  6c:	0acc                	addi	a1,sp,340
  6e:	0000                	unimp
  70:	0acc                	addi	a1,sp,340
  72:	0000                	unimp
  74:	0acc                	addi	a1,sp,340
  76:	0000                	unimp
  78:	0acc                	addi	a1,sp,340
  7a:	0000                	unimp
  7c:	0acc                	addi	a1,sp,340
  7e:	0000                	unimp
  80:	0acc                	addi	a1,sp,340
  82:	0000                	unimp
  84:	0acc                	addi	a1,sp,340
  86:	0000                	unimp
  88:	0acc                	addi	a1,sp,340
  8a:	0000                	unimp
  8c:	0acc                	addi	a1,sp,340
  8e:	0000                	unimp
  90:	0acc                	addi	a1,sp,340
  92:	0000                	unimp
  94:	0acc                	addi	a1,sp,340
  96:	0000                	unimp
  98:	0000                	unimp
  9a:	0000                	unimp
  9c:	0acc                	addi	a1,sp,340
  9e:	0000                	unimp
  a0:	0acc                	addi	a1,sp,340
  a2:	0000                	unimp
  a4:	0acc                	addi	a1,sp,340
  a6:	0000                	unimp
  a8:	0acc                	addi	a1,sp,340
  aa:	0000                	unimp
  ac:	0acc                	addi	a1,sp,340
  ae:	0000                	unimp
  b0:	0acc                	addi	a1,sp,340
  b2:	0000                	unimp
  b4:	066a                	slli	a2,a2,0x1a
  b6:	0000                	unimp
  b8:	0acc                	addi	a1,sp,340
  ba:	0000                	unimp
  bc:	0acc                	addi	a1,sp,340
  be:	0000                	unimp
  c0:	0acc                	addi	a1,sp,340
  c2:	0000                	unimp
  c4:	0acc                	addi	a1,sp,340
  c6:	0000                	unimp
  c8:	0acc                	addi	a1,sp,340
  ca:	0000                	unimp
  cc:	0acc                	addi	a1,sp,340
  ce:	0000                	unimp
  d0:	0acc                	addi	a1,sp,340
  d2:	0000                	unimp
  d4:	0acc                	addi	a1,sp,340
  d6:	0000                	unimp
  d8:	05ee                	slli	a1,a1,0x1b
  da:	0000                	unimp
  dc:	0628                	addi	a0,sp,776
  de:	0000                	unimp
  e0:	0acc                	addi	a1,sp,340
  e2:	0000                	unimp
  e4:	0acc                	addi	a1,sp,340
  e6:	0000                	unimp
  e8:	05c6                	slli	a1,a1,0x11
  ea:	0000                	unimp
  ec:	0acc                	addi	a1,sp,340
  ee:	0000                	unimp
  f0:	0acc                	addi	a1,sp,340
  f2:	0000                	unimp
  f4:	0acc                	addi	a1,sp,340
  f6:	0000                	unimp
  f8:	0acc                	addi	a1,sp,340
  fa:	0000                	unimp
  fc:	0acc                	addi	a1,sp,340
  fe:	0000                	unimp
 100:	0acc                	addi	a1,sp,340
 102:	0000                	unimp
 104:	0acc                	addi	a1,sp,340
 106:	0000                	unimp
 108:	0acc                	addi	a1,sp,340
 10a:	0000                	unimp
 10c:	0000                	unimp
 10e:	0000                	unimp
 110:	0acc                	addi	a1,sp,340
 112:	0000                	unimp
 114:	0acc                	addi	a1,sp,340
	...

Disassembly of section .text:

00000140 <__riscv_save_12>:
     140:	7139                	addi	sp,sp,-64
     142:	4301                	li	t1,0
     144:	c66e                	sw	s11,12(sp)
     146:	a019                	j	14c <__riscv_save_10+0x4>

00000148 <__riscv_save_10>:
     148:	7139                	addi	sp,sp,-64
     14a:	5341                	li	t1,-16
     14c:	c86a                	sw	s10,16(sp)
     14e:	ca66                	sw	s9,20(sp)
     150:	cc62                	sw	s8,24(sp)
     152:	ce5e                	sw	s7,28(sp)
     154:	a019                	j	15a <__riscv_save_4+0x4>

00000156 <__riscv_save_4>:
     156:	7139                	addi	sp,sp,-64
     158:	5301                	li	t1,-32
     15a:	d05a                	sw	s6,32(sp)
     15c:	d256                	sw	s5,36(sp)
     15e:	d452                	sw	s4,40(sp)
     160:	d64e                	sw	s3,44(sp)
     162:	d84a                	sw	s2,48(sp)
     164:	da26                	sw	s1,52(sp)
     166:	dc22                	sw	s0,56(sp)
     168:	de06                	sw	ra,60(sp)
     16a:	40610133          	sub	sp,sp,t1
     16e:	8282                	jr	t0

00000170 <__riscv_save_0>:
     170:	1141                	addi	sp,sp,-16
     172:	c04a                	sw	s2,0(sp)
     174:	c226                	sw	s1,4(sp)
     176:	c422                	sw	s0,8(sp)
     178:	c606                	sw	ra,12(sp)
     17a:	8282                	jr	t0

0000017c <__riscv_restore_12>:
     17c:	4db2                	lw	s11,12(sp)
     17e:	0141                	addi	sp,sp,16

00000180 <__riscv_restore_10>:
     180:	4d02                	lw	s10,0(sp)
     182:	4c92                	lw	s9,4(sp)
     184:	4c22                	lw	s8,8(sp)
     186:	4bb2                	lw	s7,12(sp)
     188:	0141                	addi	sp,sp,16

0000018a <__riscv_restore_4>:
     18a:	4b02                	lw	s6,0(sp)
     18c:	4a92                	lw	s5,4(sp)
     18e:	4a22                	lw	s4,8(sp)
     190:	49b2                	lw	s3,12(sp)
     192:	0141                	addi	sp,sp,16

00000194 <__riscv_restore_0>:
     194:	4902                	lw	s2,0(sp)
     196:	4492                	lw	s1,4(sp)
     198:	4422                	lw	s0,8(sp)
     19a:	40b2                	lw	ra,12(sp)
     19c:	0141                	addi	sp,sp,16
     19e:	8082                	ret

000001a0 <strcmp>:
     1a0:	00b56733          	or	a4,a0,a1
     1a4:	53fd                	li	t2,-1
     1a6:	8b0d                	andi	a4,a4,3
     1a8:	e779                	bnez	a4,276 <strcmp+0xd6>
     1aa:	7f7f87b7          	lui	a5,0x7f7f8
     1ae:	f7f78793          	addi	a5,a5,-129 # 7f7f7f7f <_eusrstack+0x5f7f2f7f>
     1b2:	4110                	lw	a2,0(a0)
     1b4:	4194                	lw	a3,0(a1)
     1b6:	00f672b3          	and	t0,a2,a5
     1ba:	00f66333          	or	t1,a2,a5
     1be:	92be                	add	t0,t0,a5
     1c0:	0062e2b3          	or	t0,t0,t1
     1c4:	0c729563          	bne	t0,t2,28e <strcmp+0xee>
     1c8:	06d61863          	bne	a2,a3,238 <strcmp+0x98>
     1cc:	4150                	lw	a2,4(a0)
     1ce:	41d4                	lw	a3,4(a1)
     1d0:	00f672b3          	and	t0,a2,a5
     1d4:	00f66333          	or	t1,a2,a5
     1d8:	92be                	add	t0,t0,a5
     1da:	0062e2b3          	or	t0,t0,t1
     1de:	0a729663          	bne	t0,t2,28a <strcmp+0xea>
     1e2:	04d61b63          	bne	a2,a3,238 <strcmp+0x98>
     1e6:	4510                	lw	a2,8(a0)
     1e8:	4594                	lw	a3,8(a1)
     1ea:	00f672b3          	and	t0,a2,a5
     1ee:	00f66333          	or	t1,a2,a5
     1f2:	92be                	add	t0,t0,a5
     1f4:	0062e2b3          	or	t0,t0,t1
     1f8:	08729f63          	bne	t0,t2,296 <strcmp+0xf6>
     1fc:	02d61e63          	bne	a2,a3,238 <strcmp+0x98>
     200:	4550                	lw	a2,12(a0)
     202:	45d4                	lw	a3,12(a1)
     204:	00f672b3          	and	t0,a2,a5
     208:	00f66333          	or	t1,a2,a5
     20c:	92be                	add	t0,t0,a5
     20e:	0062e2b3          	or	t0,t0,t1
     212:	08729863          	bne	t0,t2,2a2 <strcmp+0x102>
     216:	02d61163          	bne	a2,a3,238 <strcmp+0x98>
     21a:	4910                	lw	a2,16(a0)
     21c:	4994                	lw	a3,16(a1)
     21e:	00f672b3          	and	t0,a2,a5
     222:	00f66333          	or	t1,a2,a5
     226:	92be                	add	t0,t0,a5
     228:	0062e2b3          	or	t0,t0,t1
     22c:	08729163          	bne	t0,t2,2ae <strcmp+0x10e>
     230:	0551                	addi	a0,a0,20
     232:	05d1                	addi	a1,a1,20
     234:	f6d60fe3          	beq	a2,a3,1b2 <strcmp+0x12>
     238:	01061713          	slli	a4,a2,0x10
     23c:	01069793          	slli	a5,a3,0x10
     240:	00f71c63          	bne	a4,a5,258 <strcmp+0xb8>
     244:	01065713          	srli	a4,a2,0x10
     248:	0106d793          	srli	a5,a3,0x10
     24c:	40f70533          	sub	a0,a4,a5
     250:	0ff57593          	andi	a1,a0,255
     254:	e991                	bnez	a1,268 <strcmp+0xc8>
     256:	8082                	ret
     258:	8341                	srli	a4,a4,0x10
     25a:	83c1                	srli	a5,a5,0x10
     25c:	40f70533          	sub	a0,a4,a5
     260:	0ff57593          	andi	a1,a0,255
     264:	e191                	bnez	a1,268 <strcmp+0xc8>
     266:	8082                	ret
     268:	0ff77713          	andi	a4,a4,255
     26c:	0ff7f793          	andi	a5,a5,255
     270:	40f70533          	sub	a0,a4,a5
     274:	8082                	ret
     276:	2110                	lbu	a2,0(a0)
     278:	2194                	lbu	a3,0(a1)
     27a:	0505                	addi	a0,a0,1
     27c:	0585                	addi	a1,a1,1
     27e:	00d61363          	bne	a2,a3,284 <strcmp+0xe4>
     282:	fa75                	bnez	a2,276 <strcmp+0xd6>
     284:	40d60533          	sub	a0,a2,a3
     288:	8082                	ret
     28a:	0511                	addi	a0,a0,4
     28c:	0591                	addi	a1,a1,4
     28e:	fed614e3          	bne	a2,a3,276 <strcmp+0xd6>
     292:	4501                	li	a0,0
     294:	8082                	ret
     296:	0521                	addi	a0,a0,8
     298:	05a1                	addi	a1,a1,8
     29a:	fcd61ee3          	bne	a2,a3,276 <strcmp+0xd6>
     29e:	4501                	li	a0,0
     2a0:	8082                	ret
     2a2:	0531                	addi	a0,a0,12
     2a4:	05b1                	addi	a1,a1,12
     2a6:	fcd618e3          	bne	a2,a3,276 <strcmp+0xd6>
     2aa:	4501                	li	a0,0
     2ac:	8082                	ret
     2ae:	0541                	addi	a0,a0,16
     2b0:	05c1                	addi	a1,a1,16
     2b2:	fcd612e3          	bne	a2,a3,276 <strcmp+0xd6>
     2b6:	4501                	li	a0,0
     2b8:	8082                	ret

000002ba <memset>:
     2ba:	433d                	li	t1,15
     2bc:	872a                	mv	a4,a0
     2be:	02c37363          	bgeu	t1,a2,2e4 <memset+0x2a>
     2c2:	00f77793          	andi	a5,a4,15
     2c6:	efbd                	bnez	a5,344 <memset+0x8a>
     2c8:	e5ad                	bnez	a1,332 <memset+0x78>
     2ca:	ff067693          	andi	a3,a2,-16
     2ce:	8a3d                	andi	a2,a2,15
     2d0:	96ba                	add	a3,a3,a4
     2d2:	c30c                	sw	a1,0(a4)
     2d4:	c34c                	sw	a1,4(a4)
     2d6:	c70c                	sw	a1,8(a4)
     2d8:	c74c                	sw	a1,12(a4)
     2da:	0741                	addi	a4,a4,16
     2dc:	fed76be3          	bltu	a4,a3,2d2 <memset+0x18>
     2e0:	e211                	bnez	a2,2e4 <memset+0x2a>
     2e2:	8082                	ret
     2e4:	40c306b3          	sub	a3,t1,a2
     2e8:	068a                	slli	a3,a3,0x2
     2ea:	00000297          	auipc	t0,0x0
     2ee:	9696                	add	a3,a3,t0
     2f0:	00a68067          	jr	10(a3)
     2f4:	00b70723          	sb	a1,14(a4)
     2f8:	00b706a3          	sb	a1,13(a4)
     2fc:	00b70623          	sb	a1,12(a4)
     300:	00b705a3          	sb	a1,11(a4)
     304:	00b70523          	sb	a1,10(a4)
     308:	00b704a3          	sb	a1,9(a4)
     30c:	00b70423          	sb	a1,8(a4)
     310:	00b703a3          	sb	a1,7(a4)
     314:	00b70323          	sb	a1,6(a4)
     318:	00b702a3          	sb	a1,5(a4)
     31c:	00b70223          	sb	a1,4(a4)
     320:	00b701a3          	sb	a1,3(a4)
     324:	00b70123          	sb	a1,2(a4)
     328:	00b700a3          	sb	a1,1(a4)
     32c:	00b70023          	sb	a1,0(a4)
     330:	8082                	ret
     332:	0ff5f593          	andi	a1,a1,255
     336:	00859693          	slli	a3,a1,0x8
     33a:	8dd5                	or	a1,a1,a3
     33c:	01059693          	slli	a3,a1,0x10
     340:	8dd5                	or	a1,a1,a3
     342:	b761                	j	2ca <memset+0x10>
     344:	00279693          	slli	a3,a5,0x2
     348:	00000297          	auipc	t0,0x0
     34c:	9696                	add	a3,a3,t0
     34e:	8286                	mv	t0,ra
     350:	fa8680e7          	jalr	-88(a3)
     354:	8096                	mv	ra,t0
     356:	17c1                	addi	a5,a5,-16
     358:	8f1d                	sub	a4,a4,a5
     35a:	963e                	add	a2,a2,a5
     35c:	f8c374e3          	bgeu	t1,a2,2e4 <memset+0x2a>
     360:	b7a5                	j	2c8 <memset+0xe>

00000362 <NMI_Handler>:
     362:	a001                	j	362 <NMI_Handler>

00000364 <HardFault_Handler>:
     364:	beef07b7          	lui	a5,0xbeef0
     368:	e000e737          	lui	a4,0xe000e
     36c:	08078793          	addi	a5,a5,128 # beef0080 <_eusrstack+0x9eeeb080>
     370:	c73c                	sw	a5,72(a4)
     372:	a001                	j	372 <HardFault_Handler+0xe>

00000374 <main>:
     374:	dfdff2ef          	jal	t0,170 <__riscv_save_0>
     378:	4505                	li	a0,1
     37a:	67d000ef          	jal	ra,11f6 <NVIC_PriorityGroupConfig>
     37e:	64c1                	lui	s1,0x10
     380:	6ac000ef          	jal	ra,a2c <SystemCoreClockUpdate>
     384:	16d030ef          	jal	ra,3cf0 <Delay_Init>
     388:	33f020ef          	jal	ra,2ec6 <BEEP_Init>
     38c:	54f020ef          	jal	ra,30da <Buzzer_ON_Twice>
     390:	706030ef          	jal	ra,3a96 <LCD_Init>
     394:	fff48713          	addi	a4,s1,-1 # ffff <_data_lma+0xd83>
     398:	0f000693          	li	a3,240
     39c:	12800613          	li	a2,296
     3a0:	4581                	li	a1,0
     3a2:	4501                	li	a0,0
     3a4:	088030ef          	jal	ra,342c <LCD_Fill>
     3a8:	0000d437          	lui	s0,0xd
     3ac:	fff48693          	addi	a3,s1,-1
     3b0:	a5840793          	addi	a5,s0,-1448 # ca58 <__trunctfdf2+0x238>
     3b4:	4761                	li	a4,24
     3b6:	1cf00613          	li	a2,463
     3ba:	4581                	li	a1,0
     3bc:	03400513          	li	a0,52
     3c0:	534030ef          	jal	ra,38f4 <LCD_Printf>
     3c4:	0000d937          	lui	s2,0xd
     3c8:	fff48693          	addi	a3,s1,-1
     3cc:	a7490793          	addi	a5,s2,-1420 # ca74 <__trunctfdf2+0x254>
     3d0:	02000713          	li	a4,32
     3d4:	1cf00613          	li	a2,463
     3d8:	04800593          	li	a1,72
     3dc:	4501                	li	a0,0
     3de:	516030ef          	jal	ra,38f4 <LCD_Printf>
     3e2:	0000d7b7          	lui	a5,0xd
     3e6:	fff48693          	addi	a3,s1,-1
     3ea:	a9078793          	addi	a5,a5,-1392 # ca90 <__trunctfdf2+0x270>
     3ee:	4761                	li	a4,24
     3f0:	1cf00613          	li	a2,463
     3f4:	06800593          	li	a1,104
     3f8:	03000513          	li	a0,48
     3fc:	4f8030ef          	jal	ra,38f4 <LCD_Printf>
     400:	6571                	lui	a0,0x1c
     402:	20050513          	addi	a0,a0,512 # 1c200 <_data_lma+0xcf84>
     406:	587020ef          	jal	ra,318c <DMA_Usart1_Init>
     40a:	6509                	lui	a0,0x2
     40c:	58050513          	addi	a0,a0,1408 # 2580 <EC_01G_GPS_Get+0x96>
     410:	677020ef          	jal	ra,3286 <DMA_Usart2_Init>
     414:	84a2                	mv	s1,s0
     416:	518010ef          	jal	ra,192e <ALLADC_Init>
     41a:	66c020ef          	jal	ra,2a86 <ICM42688_Init>
     41e:	18051963          	bnez	a0,5b0 <main+0x23c>
     422:	67f010ef          	jal	ra,22a0 <EC_01G_Connect>
     426:	82c1a583          	lw	a1,-2004(gp) # 2000021c <successfully_Connected>
     42a:	ac818513          	addi	a0,gp,-1336 # 200004b8 <Usart2_Rx_Data>
     42e:	1b4090ef          	jal	ra,95e2 <strstr>
     432:	c119                	beqz	a0,438 <main+0xc4>
     434:	4a7020ef          	jal	ra,30da <Buzzer_ON_Twice>
     438:	725010ef          	jal	ra,235c <EC_01G_Topic_Init>
     43c:	6441                	lui	s0,0x10
     43e:	760020ef          	jal	ra,2b9e <ICM_GetAngle>
     442:	72c010ef          	jal	ra,1b6e <Get_ADC_value>
     446:	fff40713          	addi	a4,s0,-1 # ffff <_data_lma+0xd83>
     44a:	0f000693          	li	a3,240
     44e:	12800613          	li	a2,296
     452:	4581                	li	a1,0
     454:	4501                	li	a0,0
     456:	7d7020ef          	jal	ra,342c <LCD_Fill>
     45a:	4761                	li	a4,24
     45c:	fff40693          	addi	a3,s0,-1
     460:	1cf00613          	li	a2,463
     464:	a5848793          	addi	a5,s1,-1448
     468:	45b1                	li	a1,12
     46a:	02300513          	li	a0,35
     46e:	486030ef          	jal	ra,38f4 <LCD_Printf>
     472:	8d41a503          	lw	a0,-1836(gp) # 200002c4 <Qingxiejiao>
     476:	328080ef          	jal	ra,879e <__extendsfdf2>
     47a:	0000d7b7          	lui	a5,0xd
     47e:	882a                	mv	a6,a0
     480:	88ae                	mv	a7,a1
     482:	4761                	li	a4,24
     484:	fff40693          	addi	a3,s0,-1
     488:	1cf00613          	li	a2,463
     48c:	aa878793          	addi	a5,a5,-1368 # caa8 <__trunctfdf2+0x288>
     490:	03000593          	li	a1,48
     494:	02300513          	li	a0,35
     498:	45c030ef          	jal	ra,38f4 <LCD_Printf>
     49c:	8501a503          	lw	a0,-1968(gp) # 20000240 <MQ4>
     4a0:	2fe080ef          	jal	ra,879e <__extendsfdf2>
     4a4:	0000d7b7          	lui	a5,0xd
     4a8:	88ae                	mv	a7,a1
     4aa:	882a                	mv	a6,a0
     4ac:	ac078793          	addi	a5,a5,-1344 # cac0 <__trunctfdf2+0x2a0>
     4b0:	4761                	li	a4,24
     4b2:	fff40693          	addi	a3,s0,-1
     4b6:	1cf00613          	li	a2,463
     4ba:	04800593          	li	a1,72
     4be:	02300513          	li	a0,35
     4c2:	432030ef          	jal	ra,38f4 <LCD_Printf>
     4c6:	87a1c803          	lbu	a6,-1926(gp) # 2000026a <Battery_level>
     4ca:	0000d7b7          	lui	a5,0xd
     4ce:	4761                	li	a4,24
     4d0:	fff40693          	addi	a3,s0,-1
     4d4:	1cf00613          	li	a2,463
     4d8:	ad478793          	addi	a5,a5,-1324 # cad4 <__trunctfdf2+0x2b4>
     4dc:	06000593          	li	a1,96
     4e0:	02300513          	li	a0,35
     4e4:	410030ef          	jal	ra,38f4 <LCD_Printf>
     4e8:	8881d503          	lhu	a0,-1912(gp) # 20000278 <Water_Value>
     4ec:	47a9                	li	a5,10
     4ee:	02f50533          	mul	a0,a0,a5
     4f2:	1e0070ef          	jal	ra,76d2 <__floatsidf>
     4f6:	0000d7b7          	lui	a5,0xd
     4fa:	a487a603          	lw	a2,-1464(a5) # ca48 <__trunctfdf2+0x228>
     4fe:	a4c7a683          	lw	a3,-1460(a5)
     502:	4da060ef          	jal	ra,69dc <__muldf3>
     506:	0000d7b7          	lui	a5,0xd
     50a:	a507a603          	lw	a2,-1456(a5) # ca50 <__trunctfdf2+0x230>
     50e:	a547a683          	lw	a3,-1452(a5)
     512:	414060ef          	jal	ra,6926 <__ledf2>
     516:	0a055263          	bgez	a0,5ba <main+0x246>
     51a:	8181a803          	lw	a6,-2024(gp) # 20000208 <Warn>
     51e:	0000d7b7          	lui	a5,0xd
     522:	66c1                	lui	a3,0x10
     524:	ae878793          	addi	a5,a5,-1304 # cae8 <__trunctfdf2+0x2c8>
     528:	4761                	li	a4,24
     52a:	16fd                	addi	a3,a3,-1
     52c:	1cf00613          	li	a2,463
     530:	07800593          	li	a1,120
     534:	02300513          	li	a0,35
     538:	3bc030ef          	jal	ra,38f4 <LCD_Printf>
     53c:	8c51c783          	lbu	a5,-1851(gp) # 200002b5 <HALL_State>
     540:	c3c1                	beqz	a5,5c0 <main+0x24c>
     542:	8181a803          	lw	a6,-2024(gp) # 20000208 <Warn>
     546:	6441                	lui	s0,0x10
     548:	0000d7b7          	lui	a5,0xd
     54c:	fff40693          	addi	a3,s0,-1 # ffff <_data_lma+0xd83>
     550:	af878793          	addi	a5,a5,-1288 # caf8 <__trunctfdf2+0x2d8>
     554:	4761                	li	a4,24
     556:	1cf00613          	li	a2,463
     55a:	09000593          	li	a1,144
     55e:	02300513          	li	a0,35
     562:	392030ef          	jal	ra,38f4 <LCD_Printf>
     566:	fff40693          	addi	a3,s0,-1
     56a:	a7490793          	addi	a5,s2,-1420
     56e:	02000713          	li	a4,32
     572:	1cf00613          	li	a2,463
     576:	0b400593          	li	a1,180
     57a:	4529                	li	a0,10
     57c:	378030ef          	jal	ra,38f4 <LCD_Printf>
     580:	2ec5                	jal	970 <SystemInit>
     582:	746020ef          	jal	ra,2cc8 <MyRTC_Init>
     586:	7b2020ef          	jal	ra,2d38 <RTC_SetClock>
     58a:	6f6030ef          	jal	ra,3c80 <Timer_Init>
     58e:	35e010ef          	jal	ra,18ec <Sensor_GPIO_Init>
     592:	60c020ef          	jal	ra,2b9e <ICM_GetAngle>
     596:	8901a583          	lw	a1,-1904(gp) # 20000280 <Q_ANGLE_Y>
     59a:	88c1a503          	lw	a0,-1908(gp) # 2000027c <Q_ANGLE_X>
     59e:	6f8020ef          	jal	ra,2c96 <calculate_tilt_angle>
     5a2:	5cc010ef          	jal	ra,1b6e <Get_ADC_value>
     5a6:	17b020ef          	jal	ra,2f20 <Update_Display>
     5aa:	7f2020ef          	jal	ra,2d9c <Enter_StopMode>
     5ae:	b7d5                	j	592 <main+0x21e>
     5b0:	06400513          	li	a0,100
     5b4:	75c030ef          	jal	ra,3d10 <Delay_Ms>
     5b8:	b58d                	j	41a <main+0xa6>
     5ba:	8141a803          	lw	a6,-2028(gp) # 20000204 <Safety>
     5be:	b785                	j	51e <main+0x1aa>
     5c0:	8141a803          	lw	a6,-2028(gp) # 20000204 <Safety>
     5c4:	b749                	j	546 <main+0x1d2>

000005c6 <RTCAlarm_IRQHandler>:
     5c6:	4509                	li	a0,2
     5c8:	04e010ef          	jal	ra,1616 <RTC_GetITStatus>
     5cc:	cd19                	beqz	a0,5ea <RTCAlarm_IRQHandler+0x24>
     5ce:	00020537          	lui	a0,0x20
     5d2:	04f000ef          	jal	ra,e20 <EXTI_ClearITPendingBit>
     5d6:	7f9000ef          	jal	ra,15ce <RTC_WaitForLastTask>
     5da:	4509                	li	a0,2
     5dc:	05a010ef          	jal	ra,1636 <RTC_ClearITPendingBit>
     5e0:	7ef000ef          	jal	ra,15ce <RTC_WaitForLastTask>
     5e4:	754020ef          	jal	ra,2d38 <RTC_SetClock>
     5e8:	2661                	jal	970 <SystemInit>
     5ea:	30200073          	mret

000005ee <USART1_IRQHandler>:
     5ee:	1141                	addi	sp,sp,-16
     5f0:	c622                	sw	s0,12(sp)
     5f2:	40014437          	lui	s0,0x40014
     5f6:	42400593          	li	a1,1060
     5fa:	80040513          	addi	a0,s0,-2048 # 40013800 <_eusrstack+0x2000e800>
     5fe:	2b2010ef          	jal	ra,18b0 <USART_GetITStatus>
     602:	4785                	li	a5,1
     604:	00f51e63          	bne	a0,a5,620 <USART1_IRQHandler+0x32>
     608:	84a18d23          	sb	a0,-1958(gp) # 2000024a <Usart1_IDLE_Flag>
     60c:	42400593          	li	a1,1060
     610:	80040513          	addi	a0,s0,-2048
     614:	29c010ef          	jal	ra,18b0 <USART_GetITStatus>
     618:	80040513          	addi	a0,s0,-2048
     61c:	282010ef          	jal	ra,189e <USART_ReceiveData>
     620:	4432                	lw	s0,12(sp)
     622:	0141                	addi	sp,sp,16
     624:	30200073          	mret

00000628 <USART2_IRQHandler>:
     628:	1141                	addi	sp,sp,-16
     62a:	c622                	sw	s0,12(sp)
     62c:	40004437          	lui	s0,0x40004
     630:	42400593          	li	a1,1060
     634:	40040513          	addi	a0,s0,1024 # 40004400 <_eusrstack+0x1ffff400>
     638:	278010ef          	jal	ra,18b0 <USART_GetITStatus>
     63c:	4785                	li	a5,1
     63e:	02f51263          	bne	a0,a5,662 <USART2_IRQHandler+0x3a>
     642:	8aa18c23          	sb	a0,-1864(gp) # 200002a8 <EC_01G_IDLE_Flag>
     646:	ac818513          	addi	a0,gp,-1336 # 200004b8 <Usart2_Rx_Data>
     64a:	54d020ef          	jal	ra,3396 <Usart1_Send_String>
     64e:	42400593          	li	a1,1060
     652:	40040513          	addi	a0,s0,1024
     656:	25a010ef          	jal	ra,18b0 <USART_GetITStatus>
     65a:	40040513          	addi	a0,s0,1024
     65e:	240010ef          	jal	ra,189e <USART_ReceiveData>
     662:	4432                	lw	s0,12(sp)
     664:	0141                	addi	sp,sp,16
     666:	30200073          	mret

0000066a <TIM2_IRQHandler>:
     66a:	7139                	addi	sp,sp,-64
     66c:	4585                	li	a1,1
     66e:	40000537          	lui	a0,0x40000
     672:	de22                	sw	s0,60(sp)
     674:	dc26                	sw	s1,56(sp)
     676:	da4a                	sw	s2,52(sp)
     678:	d84e                	sw	s3,48(sp)
     67a:	d652                	sw	s4,44(sp)
     67c:	d456                	sw	s5,40(sp)
     67e:	d25a                	sw	s6,36(sp)
     680:	d05e                	sw	s7,32(sp)
     682:	ce62                	sw	s8,28(sp)
     684:	cc66                	sw	s9,24(sp)
     686:	ca6a                	sw	s10,20(sp)
     688:	0d2010ef          	jal	ra,175a <TIM_GetITStatus>
     68c:	2a050563          	beqz	a0,936 <__stack_size+0x136>
     690:	85818713          	addi	a4,gp,-1960 # 20000248 <Time_dly>
     694:	231e                	lhu	a5,0(a4)
     696:	84d18493          	addi	s1,gp,-1971 # 2000023d <GPS_OK_Flag>
     69a:	0785                	addi	a5,a5,1
     69c:	07c2                	slli	a5,a5,0x10
     69e:	83c1                	srli	a5,a5,0x10
     6a0:	a31e                	sh	a5,0(a4)
     6a2:	84d1c703          	lbu	a4,-1971(gp) # 2000023d <GPS_OK_Flag>
     6a6:	200009b7          	lui	s3,0x20000
     6aa:	10071f63          	bnez	a4,7c8 <TIM2_IRQHandler+0x15e>
     6ae:	84d18513          	addi	a0,gp,-1971 # 2000023d <GPS_OK_Flag>
     6b2:	639010ef          	jal	ra,24ea <EC_01G_GPS_Get>
     6b6:	40011537          	lui	a0,0x40011
     6ba:	65a1                	lui	a1,0x8
     6bc:	80050513          	addi	a0,a0,-2048 # 40010800 <_eusrstack+0x2000b800>
     6c0:	02b000ef          	jal	ra,eea <GPIO_ReadInputDataBit>
     6c4:	fff50793          	addi	a5,a0,-1
     6c8:	0017b793          	seqz	a5,a5
     6cc:	8cf182a3          	sb	a5,-1851(gp) # 200002b5 <HALL_State>
     6d0:	85b1c783          	lbu	a5,-1957(gp) # 2000024b <Warning_BenDi>
     6d4:	87a1cc03          	lbu	s8,-1926(gp) # 2000026a <Battery_level>
     6d8:	84f187a3          	sb	a5,-1969(gp) # 2000023f <Last_Warning_BenDi>
     6dc:	20000a37          	lui	s4,0x20000
     6e0:	4795                	li	a5,5
     6e2:	8baa                	mv	s7,a0
     6e4:	85b18413          	addi	s0,gp,-1957 # 2000024b <Warning_BenDi>
     6e8:	84f18a93          	addi	s5,gp,-1969 # 2000023f <Last_Warning_BenDi>
     6ec:	1f2a0a13          	addi	s4,s4,498 # 200001f2 <Warning_Send>
     6f0:	84c18913          	addi	s2,gp,-1972 # 2000023c <Fast_Recover_flag>
     6f4:	84a18493          	addi	s1,gp,-1974 # 2000023a <BenDi_Go_flag_dly>
     6f8:	0787f263          	bgeu	a5,s8,75c <TIM2_IRQHandler+0xf2>
     6fc:	0000d7b7          	lui	a5,0xd
     700:	a407a583          	lw	a1,-1472(a5) # ca40 <__trunctfdf2+0x220>
     704:	8501a503          	lw	a0,-1968(gp) # 20000240 <MQ4>
     708:	71c070ef          	jal	ra,7e24 <__gesf2>
     70c:	04055863          	bgez	a0,75c <TIM2_IRQHandler+0xf2>
     710:	0000d7b7          	lui	a5,0xd
     714:	a447a583          	lw	a1,-1468(a5) # ca44 <__trunctfdf2+0x224>
     718:	8d41a503          	lw	a0,-1836(gp) # 200002c4 <Qingxiejiao>
     71c:	708070ef          	jal	ra,7e24 <__gesf2>
     720:	02055e63          	bgez	a0,75c <TIM2_IRQHandler+0xf2>
     724:	8881d503          	lhu	a0,-1912(gp) # 20000278 <Water_Value>
     728:	47a9                	li	a5,10
     72a:	02f50533          	mul	a0,a0,a5
     72e:	7a5060ef          	jal	ra,76d2 <__floatsidf>
     732:	0000d7b7          	lui	a5,0xd
     736:	a487a603          	lw	a2,-1464(a5) # ca48 <__trunctfdf2+0x228>
     73a:	a4c7a683          	lw	a3,-1460(a5)
     73e:	29e060ef          	jal	ra,69dc <__muldf3>
     742:	0000d7b7          	lui	a5,0xd
     746:	a507a603          	lw	a2,-1456(a5) # ca50 <__trunctfdf2+0x230>
     74a:	a547a683          	lw	a3,-1452(a5)
     74e:	1d8060ef          	jal	ra,6926 <__ledf2>
     752:	00054563          	bltz	a0,75c <TIM2_IRQHandler+0xf2>
     756:	4785                	li	a5,1
     758:	10fb9d63          	bne	s7,a5,872 <__stack_size+0x72>
     75c:	000a4b83          	lbu	s7,0(s4)
     760:	4785                	li	a5,1
     762:	a01c                	sb	a5,0(s0)
     764:	4785                	li	a5,1
     766:	10fb9a63          	bne	s7,a5,87a <__stack_size+0x7a>
     76a:	8d41ad03          	lw	s10,-1836(gp) # 200002c4 <Qingxiejiao>
     76e:	8501ac83          	lw	s9,-1968(gp) # 20000240 <MQ4>
     772:	8881d503          	lhu	a0,-1912(gp) # 20000278 <Water_Value>
     776:	47a9                	li	a5,10
     778:	02f50533          	mul	a0,a0,a5
     77c:	757060ef          	jal	ra,76d2 <__floatsidf>
     780:	0000d7b7          	lui	a5,0xd
     784:	a487a603          	lw	a2,-1464(a5) # ca48 <__trunctfdf2+0x228>
     788:	a4c7a683          	lw	a3,-1460(a5)
     78c:	250060ef          	jal	ra,69dc <__muldf3>
     790:	0000d7b7          	lui	a5,0xd
     794:	a507a603          	lw	a2,-1456(a5) # ca50 <__trunctfdf2+0x230>
     798:	a547a683          	lw	a3,-1452(a5)
     79c:	18a060ef          	jal	ra,6926 <__ledf2>
     7a0:	4805                	li	a6,1
     7a2:	85618793          	addi	a5,gp,-1962 # 20000246 <Send_OK_Flag>
     7a6:	3e800713          	li	a4,1000
     7aa:	86ea                	mv	a3,s10
     7ac:	8666                	mv	a2,s9
     7ae:	85e2                	mv	a1,s8
     7b0:	00052513          	slti	a0,a0,0
     7b4:	791010ef          	jal	ra,2744 <EC_01G_Send_Data>
     7b8:	000a0023          	sb	zero,0(s4)
     7bc:	01790023          	sb	s7,0(s2)
     7c0:	209e                	lhu	a5,0(s1)
     7c2:	0785                	addi	a5,a5,1
     7c4:	a09e                	sh	a5,0(s1)
     7c6:	a87d                	j	884 <__stack_size+0x84>
     7c8:	7d000713          	li	a4,2000
     7cc:	02e7f7b3          	remu	a5,a5,a4
     7d0:	e7bd                	bnez	a5,83e <__stack_size+0x3e>
     7d2:	85b1c803          	lbu	a6,-1957(gp) # 2000024b <Warning_BenDi>
     7d6:	8881d503          	lhu	a0,-1912(gp) # 20000278 <Water_Value>
     7da:	47a9                	li	a5,10
     7dc:	00048023          	sb	zero,0(s1)
     7e0:	02f50533          	mul	a0,a0,a5
     7e4:	c642                	sw	a6,12(sp)
     7e6:	6ed060ef          	jal	ra,76d2 <__floatsidf>
     7ea:	0000d7b7          	lui	a5,0xd
     7ee:	a487a603          	lw	a2,-1464(a5) # ca48 <__trunctfdf2+0x228>
     7f2:	a4c7a683          	lw	a3,-1460(a5)
     7f6:	1e6060ef          	jal	ra,69dc <__muldf3>
     7fa:	0000d7b7          	lui	a5,0xd
     7fe:	a507a603          	lw	a2,-1456(a5) # ca50 <__trunctfdf2+0x230>
     802:	a547a683          	lw	a3,-1452(a5)
     806:	120060ef          	jal	ra,6926 <__ledf2>
     80a:	4832                	lw	a6,12(sp)
     80c:	87a1c583          	lbu	a1,-1926(gp) # 2000026a <Battery_level>
     810:	8501a603          	lw	a2,-1968(gp) # 20000240 <MQ4>
     814:	8d41a683          	lw	a3,-1836(gp) # 200002c4 <Qingxiejiao>
     818:	00052513          	slti	a0,a0,0
     81c:	00080863          	beqz	a6,82c <__stack_size+0x2c>
     820:	20000737          	lui	a4,0x20000
     824:	1f074703          	lbu	a4,496(a4) # 200001f0 <BenDi_GO>
     828:	e311                	bnez	a4,82c <__stack_size+0x2c>
     82a:	4801                	li	a6,0
     82c:	85618793          	addi	a5,gp,-1962 # 20000246 <Send_OK_Flag>
     830:	3e800713          	li	a4,1000
     834:	711010ef          	jal	ra,2744 <EC_01G_Send_Data>
     838:	209c                	lbu	a5,0(s1)
     83a:	e6078ae3          	beqz	a5,6ae <TIM2_IRQHandler+0x44>
     83e:	8b81c703          	lbu	a4,-1864(gp) # 200002a8 <EC_01G_IDLE_Flag>
     842:	843e                	mv	s0,a5
     844:	e60709e3          	beqz	a4,6b6 <TIM2_IRQHandler+0x4c>
     848:	1f398513          	addi	a0,s3,499 # 200001f3 <Warning_Yun>
     84c:	361010ef          	jal	ra,23ac <EC_01G_Key_Capture>
     850:	4781                	li	a5,0
     852:	ac818713          	addi	a4,gp,-1336 # 200004b8 <Usart2_Rx_Data>
     856:	19000693          	li	a3,400
     85a:	00e78633          	add	a2,a5,a4
     85e:	00060023          	sb	zero,0(a2)
     862:	0785                	addi	a5,a5,1
     864:	fed79be3          	bne	a5,a3,85a <__stack_size+0x5a>
     868:	8a018c23          	sb	zero,-1864(gp) # 200002a8 <EC_01G_IDLE_Flag>
     86c:	2d5020ef          	jal	ra,3340 <DMA_Usart2_Start>
     870:	b599                	j	6b6 <TIM2_IRQHandler+0x4c>
     872:	00040023          	sb	zero,0(s0)
     876:	00fa0023          	sb	a5,0(s4)
     87a:	00094703          	lbu	a4,0(s2)
     87e:	4785                	li	a5,1
     880:	f4f700e3          	beq	a4,a5,7c0 <TIM2_IRQHandler+0x156>
     884:	209a                	lhu	a4,0(s1)
     886:	1f300793          	li	a5,499
     88a:	06e7f563          	bgeu	a5,a4,8f4 <__stack_size+0xf4>
     88e:	1fe00793          	li	a5,510
     892:	a09e                	sh	a5,0(s1)
     894:	201c                	lbu	a5,0(s0)
     896:	efb9                	bnez	a5,8f4 <__stack_size+0xf4>
     898:	8d41ac03          	lw	s8,-1836(gp) # 200002c4 <Qingxiejiao>
     89c:	8501ab83          	lw	s7,-1968(gp) # 20000240 <MQ4>
     8a0:	8881d503          	lhu	a0,-1912(gp) # 20000278 <Water_Value>
     8a4:	47a9                	li	a5,10
     8a6:	87a1ca03          	lbu	s4,-1926(gp) # 2000026a <Battery_level>
     8aa:	02f50533          	mul	a0,a0,a5
     8ae:	625060ef          	jal	ra,76d2 <__floatsidf>
     8b2:	0000d7b7          	lui	a5,0xd
     8b6:	a487a603          	lw	a2,-1464(a5) # ca48 <__trunctfdf2+0x228>
     8ba:	a4c7a683          	lw	a3,-1460(a5)
     8be:	11e060ef          	jal	ra,69dc <__muldf3>
     8c2:	0000d7b7          	lui	a5,0xd
     8c6:	a507a603          	lw	a2,-1456(a5) # ca50 <__trunctfdf2+0x230>
     8ca:	a547a683          	lw	a3,-1452(a5)
     8ce:	058060ef          	jal	ra,6926 <__ledf2>
     8d2:	4801                	li	a6,0
     8d4:	85618793          	addi	a5,gp,-1962 # 20000246 <Send_OK_Flag>
     8d8:	3e800713          	li	a4,1000
     8dc:	86e2                	mv	a3,s8
     8de:	865e                	mv	a2,s7
     8e0:	85d2                	mv	a1,s4
     8e2:	00052513          	slti	a0,a0,0
     8e6:	65f010ef          	jal	ra,2744 <EC_01G_Send_Data>
     8ea:	00090023          	sb	zero,0(s2)
     8ee:	00049023          	sh	zero,0(s1)
     8f2:	a021                	j	8fa <__stack_size+0xfa>
     8f4:	00094783          	lbu	a5,0(s2)
     8f8:	dbfd                	beqz	a5,8ee <__stack_size+0xee>
     8fa:	1f398993          	addi	s3,s3,499
     8fe:	0009c783          	lbu	a5,0(s3)
     902:	200004b7          	lui	s1,0x20000
     906:	1f048493          	addi	s1,s1,496 # 200001f0 <BenDi_GO>
     90a:	cba9                	beqz	a5,95c <__stack_size+0x15c>
     90c:	201c                	lbu	a5,0(s0)
     90e:	c3b1                	beqz	a5,952 <__stack_size+0x152>
     910:	209c                	lbu	a5,0(s1)
     912:	c3b1                	beqz	a5,956 <__stack_size+0x156>
     914:	5e0020ef          	jal	ra,2ef4 <BEEP_Up>
     918:	2018                	lbu	a4,0(s0)
     91a:	000ac783          	lbu	a5,0(s5)
     91e:	00e78763          	beq	a5,a4,92c <__stack_size+0x12c>
     922:	84e18793          	addi	a5,gp,-1970 # 2000023e <LCD_Warn_Flag>
     926:	c339                	beqz	a4,96c <__stack_size+0x16c>
     928:	4705                	li	a4,1
     92a:	a398                	sb	a4,0(a5)
     92c:	4585                	li	a1,1
     92e:	40000537          	lui	a0,0x40000
     932:	641000ef          	jal	ra,1772 <TIM_ClearITPendingBit>
     936:	5472                	lw	s0,60(sp)
     938:	54e2                	lw	s1,56(sp)
     93a:	5952                	lw	s2,52(sp)
     93c:	59c2                	lw	s3,48(sp)
     93e:	5a32                	lw	s4,44(sp)
     940:	5aa2                	lw	s5,40(sp)
     942:	5b12                	lw	s6,36(sp)
     944:	5b82                	lw	s7,32(sp)
     946:	4c72                	lw	s8,28(sp)
     948:	4ce2                	lw	s9,24(sp)
     94a:	4d52                	lw	s10,20(sp)
     94c:	6121                	addi	sp,sp,64
     94e:	30200073          	mret
     952:	4785                	li	a5,1
     954:	a09c                	sb	a5,0(s1)
     956:	5b4020ef          	jal	ra,2f0a <BEEP_Down>
     95a:	bf7d                	j	918 <__stack_size+0x118>
     95c:	5ae020ef          	jal	ra,2f0a <BEEP_Down>
     960:	4785                	li	a5,1
     962:	00f98023          	sb	a5,0(s3)
     966:	00048023          	sb	zero,0(s1)
     96a:	b77d                	j	918 <__stack_size+0x118>
     96c:	4709                	li	a4,2
     96e:	bf75                	j	92a <__stack_size+0x12a>

00000970 <SystemInit>:
     970:	801ff2ef          	jal	t0,170 <__riscv_save_0>
     974:	40021437          	lui	s0,0x40021
     978:	401c                	lw	a5,0(s0)
     97a:	08ff0737          	lui	a4,0x8ff0
     97e:	0017e793          	ori	a5,a5,1
     982:	c01c                	sw	a5,0(s0)
     984:	405c                	lw	a5,4(s0)
     986:	8ff9                	and	a5,a5,a4
     988:	c05c                	sw	a5,4(s0)
     98a:	401c                	lw	a5,0(s0)
     98c:	fef70737          	lui	a4,0xfef70
     990:	176d                	addi	a4,a4,-5
     992:	8ff9                	and	a5,a5,a4
     994:	c01c                	sw	a5,0(s0)
     996:	401c                	lw	a5,0(s0)
     998:	fffc0737          	lui	a4,0xfffc0
     99c:	177d                	addi	a4,a4,-1
     99e:	8ff9                	and	a5,a5,a4
     9a0:	c01c                	sw	a5,0(s0)
     9a2:	405c                	lw	a5,4(s0)
     9a4:	ff010737          	lui	a4,0xff010
     9a8:	177d                	addi	a4,a4,-1
     9aa:	8ff9                	and	a5,a5,a4
     9ac:	c05c                	sw	a5,4(s0)
     9ae:	009f07b7          	lui	a5,0x9f0
     9b2:	c41c                	sw	a5,8(s0)
     9b4:	2dbd                	jal	1032 <GPIO_IPD_Unused>
     9b6:	400227b7          	lui	a5,0x40022
     9ba:	4709                	li	a4,2
     9bc:	c398                	sw	a4,0(a5)
     9be:	40024737          	lui	a4,0x40024
     9c2:	80072783          	lw	a5,-2048(a4) # 40023800 <_eusrstack+0x2001e800>
     9c6:	0107e793          	ori	a5,a5,16
     9ca:	80f72023          	sw	a5,-2048(a4)
     9ce:	405c                	lw	a5,4(s0)
     9d0:	ffc10737          	lui	a4,0xffc10
     9d4:	177d                	addi	a4,a4,-1
     9d6:	c05c                	sw	a5,4(s0)
     9d8:	405c                	lw	a5,4(s0)
     9da:	c05c                	sw	a5,4(s0)
     9dc:	405c                	lw	a5,4(s0)
     9de:	4007e793          	ori	a5,a5,1024
     9e2:	c05c                	sw	a5,4(s0)
     9e4:	405c                	lw	a5,4(s0)
     9e6:	8ff9                	and	a5,a5,a4
     9e8:	c05c                	sw	a5,4(s0)
     9ea:	405c                	lw	a5,4(s0)
     9ec:	00280737          	lui	a4,0x280
     9f0:	8fd9                	or	a5,a5,a4
     9f2:	c05c                	sw	a5,4(s0)
     9f4:	401c                	lw	a5,0(s0)
     9f6:	01000737          	lui	a4,0x1000
     9fa:	8fd9                	or	a5,a5,a4
     9fc:	c01c                	sw	a5,0(s0)
     9fe:	400217b7          	lui	a5,0x40021
     a02:	4398                	lw	a4,0(a5)
     a04:	00671693          	slli	a3,a4,0x6
     a08:	fe06dde3          	bgez	a3,a02 <SystemInit+0x92>
     a0c:	43d8                	lw	a4,4(a5)
     a0e:	400216b7          	lui	a3,0x40021
     a12:	9b71                	andi	a4,a4,-4
     a14:	c3d8                	sw	a4,4(a5)
     a16:	43d8                	lw	a4,4(a5)
     a18:	00276713          	ori	a4,a4,2
     a1c:	c3d8                	sw	a4,4(a5)
     a1e:	4721                	li	a4,8
     a20:	42dc                	lw	a5,4(a3)
     a22:	8bb1                	andi	a5,a5,12
     a24:	fee79ee3          	bne	a5,a4,a20 <SystemInit+0xb0>
     a28:	f6cff06f          	j	194 <__riscv_restore_0>

00000a2c <SystemCoreClockUpdate>:
     a2c:	400216b7          	lui	a3,0x40021
     a30:	42dc                	lw	a5,4(a3)
     a32:	4611                	li	a2,4
     a34:	8bb1                	andi	a5,a5,12
     a36:	80418713          	addi	a4,gp,-2044 # 200001f4 <SystemCoreClock>
     a3a:	02c78f63          	beq	a5,a2,a78 <SystemCoreClockUpdate+0x4c>
     a3e:	4621                	li	a2,8
     a40:	04c78163          	beq	a5,a2,a82 <SystemCoreClockUpdate+0x56>
     a44:	eb95                	bnez	a5,a78 <SystemCoreClockUpdate+0x4c>
     a46:	429c                	lw	a5,0(a3)
     a48:	8b91                	andi	a5,a5,4
     a4a:	c79d                	beqz	a5,a78 <SystemCoreClockUpdate+0x4c>
     a4c:	000f47b7          	lui	a5,0xf4
     a50:	24078793          	addi	a5,a5,576 # f4240 <_data_lma+0xe4fc4>
     a54:	c31c                	sw	a5,0(a4)
     a56:	400217b7          	lui	a5,0x40021
     a5a:	43dc                	lw	a5,4(a5)
     a5c:	8391                	srli	a5,a5,0x4
     a5e:	00f7f693          	andi	a3,a5,15
     a62:	200007b7          	lui	a5,0x20000
     a66:	00078793          	mv	a5,a5
     a6a:	97b6                	add	a5,a5,a3
     a6c:	2394                	lbu	a3,0(a5)
     a6e:	431c                	lw	a5,0(a4)
     a70:	00d7d7b3          	srl	a5,a5,a3
     a74:	c31c                	sw	a5,0(a4)
     a76:	8082                	ret
     a78:	007a17b7          	lui	a5,0x7a1
     a7c:	20078793          	addi	a5,a5,512 # 7a1200 <_data_lma+0x791f84>
     a80:	bfd1                	j	a54 <SystemCoreClockUpdate+0x28>
     a82:	42dc                	lw	a5,4(a3)
     a84:	42d4                	lw	a3,4(a3)
     a86:	6641                	lui	a2,0x10
     a88:	83c9                	srli	a5,a5,0x12
     a8a:	8bbd                	andi	a5,a5,15
     a8c:	8ef1                	and	a3,a3,a2
     a8e:	0789                	addi	a5,a5,2
     a90:	4645                	li	a2,17
     a92:	00c79363          	bne	a5,a2,a98 <SystemCoreClockUpdate+0x6c>
     a96:	47c9                	li	a5,18
     a98:	ee81                	bnez	a3,ab0 <SystemCoreClockUpdate+0x84>
     a9a:	400246b7          	lui	a3,0x40024
     a9e:	8006a683          	lw	a3,-2048(a3) # 40023800 <_eusrstack+0x2001e800>
     aa2:	8ac1                	andi	a3,a3,16
     aa4:	ce89                	beqz	a3,abe <SystemCoreClockUpdate+0x92>
     aa6:	007a16b7          	lui	a3,0x7a1
     aaa:	20068693          	addi	a3,a3,512 # 7a1200 <_data_lma+0x791f84>
     aae:	a821                	j	ac6 <SystemCoreClockUpdate+0x9a>
     ab0:	400216b7          	lui	a3,0x40021
     ab4:	42d4                	lw	a3,4(a3)
     ab6:	00e69613          	slli	a2,a3,0xe
     aba:	fe0656e3          	bgez	a2,aa6 <SystemCoreClockUpdate+0x7a>
     abe:	003d16b7          	lui	a3,0x3d1
     ac2:	90068693          	addi	a3,a3,-1792 # 3d0900 <_data_lma+0x3c1684>
     ac6:	02d787b3          	mul	a5,a5,a3
     aca:	b769                	j	a54 <SystemCoreClockUpdate+0x28>

00000acc <ADC_IRQHandler>:
     acc:	a001                	j	acc <ADC_IRQHandler>

00000ace <handle_reset>:
     ace:	20000197          	auipc	gp,0x20000
     ad2:	f2218193          	addi	gp,gp,-222 # 200009f0 <__global_pointer$>
     ad6:	20004117          	auipc	sp,0x20004
     ada:	52a10113          	addi	sp,sp,1322 # 20005000 <_eusrstack>
     ade:	0000e517          	auipc	a0,0xe
     ae2:	79e50513          	addi	a0,a0,1950 # f27c <_data_lma>
     ae6:	1ffff597          	auipc	a1,0x1ffff
     aea:	51a58593          	addi	a1,a1,1306 # 20000000 <_data_vma>
     aee:	84818613          	addi	a2,gp,-1976 # 20000238 <_edata>
     af2:	00c5fa63          	bgeu	a1,a2,b06 <handle_reset+0x38>
     af6:	00052283          	lw	t0,0(a0)
     afa:	0055a023          	sw	t0,0(a1)
     afe:	0511                	addi	a0,a0,4
     b00:	0591                	addi	a1,a1,4
     b02:	fec5eae3          	bltu	a1,a2,af6 <handle_reset+0x28>
     b06:	84818513          	addi	a0,gp,-1976 # 20000238 <_edata>
     b0a:	c5c18593          	addi	a1,gp,-932 # 2000064c <_ebss>
     b0e:	00b57763          	bgeu	a0,a1,b1c <handle_reset+0x4e>
     b12:	00052023          	sw	zero,0(a0)
     b16:	0511                	addi	a0,a0,4
     b18:	feb56de3          	bltu	a0,a1,b12 <handle_reset+0x44>
     b1c:	42fd                	li	t0,31
     b1e:	bc029073          	csrw	0xbc0,t0
     b22:	428d                	li	t0,3
     b24:	80429073          	csrw	0x804,t0
     b28:	08800293          	li	t0,136
     b2c:	30029073          	csrw	mstatus,t0
     b30:	fffff297          	auipc	t0,0xfffff
     b34:	4d428293          	addi	t0,t0,1236 # 4 <_einit>
     b38:	0032e293          	ori	t0,t0,3
     b3c:	30529073          	csrw	mtvec,t0
     b40:	e31ff0ef          	jal	ra,970 <SystemInit>
     b44:	00000297          	auipc	t0,0x0
     b48:	83028293          	addi	t0,t0,-2000 # 374 <main>
     b4c:	34129073          	csrw	mepc,t0
     b50:	30200073          	mret

00000b54 <ADC_Init>:
     b54:	415c                	lw	a5,4(a0)
     b56:	e0f10737          	lui	a4,0xe0f10
     b5a:	eff70713          	addi	a4,a4,-257 # e0f0feff <_eusrstack+0xc0f0aeff>
     b5e:	4d94                	lw	a3,24(a1)
     b60:	8f7d                	and	a4,a4,a5
     b62:	419c                	lw	a5,0(a1)
     b64:	8fd5                	or	a5,a5,a3
     b66:	4dd4                	lw	a3,28(a1)
     b68:	8fd5                	or	a5,a5,a3
     b6a:	41d4                	lw	a3,4(a1)
     b6c:	06a2                	slli	a3,a3,0x8
     b6e:	8fd5                	or	a5,a5,a3
     b70:	8fd9                	or	a5,a5,a4
     b72:	c15c                	sw	a5,4(a0)
     b74:	451c                	lw	a5,8(a0)
     b76:	fff1f737          	lui	a4,0xfff1f
     b7a:	7fd70713          	addi	a4,a4,2045 # fff1f7fd <_eusrstack+0xdff1a7fd>
     b7e:	45d4                	lw	a3,12(a1)
     b80:	8f7d                	and	a4,a4,a5
     b82:	499c                	lw	a5,16(a1)
     b84:	8fd5                	or	a5,a5,a3
     b86:	4594                	lw	a3,8(a1)
     b88:	0686                	slli	a3,a3,0x1
     b8a:	8fd5                	or	a5,a5,a3
     b8c:	8fd9                	or	a5,a5,a4
     b8e:	c51c                	sw	a5,8(a0)
     b90:	555c                	lw	a5,44(a0)
     b92:	ff100737          	lui	a4,0xff100
     b96:	177d                	addi	a4,a4,-1
     b98:	8f7d                	and	a4,a4,a5
     b9a:	29dc                	lbu	a5,20(a1)
     b9c:	17fd                	addi	a5,a5,-1
     b9e:	0ff7f793          	andi	a5,a5,255
     ba2:	07d2                	slli	a5,a5,0x14
     ba4:	8fd9                	or	a5,a5,a4
     ba6:	d55c                	sw	a5,44(a0)
     ba8:	8082                	ret

00000baa <ADC_Cmd>:
     baa:	451c                	lw	a5,8(a0)
     bac:	c589                	beqz	a1,bb6 <ADC_Cmd+0xc>
     bae:	0017e793          	ori	a5,a5,1
     bb2:	c51c                	sw	a5,8(a0)
     bb4:	8082                	ret
     bb6:	9bf9                	andi	a5,a5,-2
     bb8:	bfed                	j	bb2 <ADC_Cmd+0x8>

00000bba <ADC_DMACmd>:
     bba:	451c                	lw	a5,8(a0)
     bbc:	c589                	beqz	a1,bc6 <ADC_DMACmd+0xc>
     bbe:	1007e793          	ori	a5,a5,256
     bc2:	c51c                	sw	a5,8(a0)
     bc4:	8082                	ret
     bc6:	eff7f793          	andi	a5,a5,-257
     bca:	bfe5                	j	bc2 <ADC_DMACmd+0x8>

00000bcc <ADC_ResetCalibration>:
     bcc:	451c                	lw	a5,8(a0)
     bce:	0087e793          	ori	a5,a5,8
     bd2:	c51c                	sw	a5,8(a0)
     bd4:	8082                	ret

00000bd6 <ADC_GetResetCalibrationStatus>:
     bd6:	4508                	lw	a0,8(a0)
     bd8:	810d                	srli	a0,a0,0x3
     bda:	8905                	andi	a0,a0,1
     bdc:	8082                	ret

00000bde <ADC_StartCalibration>:
     bde:	451c                	lw	a5,8(a0)
     be0:	0047e793          	ori	a5,a5,4
     be4:	c51c                	sw	a5,8(a0)
     be6:	8082                	ret

00000be8 <ADC_GetCalibrationStatus>:
     be8:	4508                	lw	a0,8(a0)
     bea:	8109                	srli	a0,a0,0x2
     bec:	8905                	andi	a0,a0,1
     bee:	8082                	ret

00000bf0 <ADC_SoftwareStartConvCmd>:
     bf0:	451c                	lw	a5,8(a0)
     bf2:	c591                	beqz	a1,bfe <ADC_SoftwareStartConvCmd+0xe>
     bf4:	00500737          	lui	a4,0x500
     bf8:	8fd9                	or	a5,a5,a4
     bfa:	c51c                	sw	a5,8(a0)
     bfc:	8082                	ret
     bfe:	ffb00737          	lui	a4,0xffb00
     c02:	177d                	addi	a4,a4,-1
     c04:	8ff9                	and	a5,a5,a4
     c06:	bfd5                	j	bfa <ADC_SoftwareStartConvCmd+0xa>

00000c08 <ADC_RegularChannelConfig>:
     c08:	47a5                	li	a5,9
     c0a:	04b7f763          	bgeu	a5,a1,c58 <ADC_RegularChannelConfig+0x50>
     c0e:	478d                	li	a5,3
     c10:	ff658713          	addi	a4,a1,-10
     c14:	02f70733          	mul	a4,a4,a5
     c18:	00c52803          	lw	a6,12(a0)
     c1c:	479d                	li	a5,7
     c1e:	00e797b3          	sll	a5,a5,a4
     c22:	fff7c793          	not	a5,a5
     c26:	0107f7b3          	and	a5,a5,a6
     c2a:	00e696b3          	sll	a3,a3,a4
     c2e:	8edd                	or	a3,a3,a5
     c30:	c554                	sw	a3,12(a0)
     c32:	4799                	li	a5,6
     c34:	04c7e363          	bltu	a5,a2,c7a <ADC_RegularChannelConfig+0x72>
     c38:	4795                	li	a5,5
     c3a:	167d                	addi	a2,a2,-1
     c3c:	02f60633          	mul	a2,a2,a5
     c40:	5958                	lw	a4,52(a0)
     c42:	47fd                	li	a5,31
     c44:	00c797b3          	sll	a5,a5,a2
     c48:	fff7c793          	not	a5,a5
     c4c:	8ff9                	and	a5,a5,a4
     c4e:	00c59633          	sll	a2,a1,a2
     c52:	8e5d                	or	a2,a2,a5
     c54:	d950                	sw	a2,52(a0)
     c56:	8082                	ret
     c58:	470d                	li	a4,3
     c5a:	02e58733          	mul	a4,a1,a4
     c5e:	01052803          	lw	a6,16(a0)
     c62:	479d                	li	a5,7
     c64:	00e797b3          	sll	a5,a5,a4
     c68:	fff7c793          	not	a5,a5
     c6c:	0107f7b3          	and	a5,a5,a6
     c70:	00e696b3          	sll	a3,a3,a4
     c74:	8edd                	or	a3,a3,a5
     c76:	c914                	sw	a3,16(a0)
     c78:	bf6d                	j	c32 <ADC_RegularChannelConfig+0x2a>
     c7a:	47b1                	li	a5,12
     c7c:	02c7e263          	bltu	a5,a2,ca0 <ADC_RegularChannelConfig+0x98>
     c80:	4795                	li	a5,5
     c82:	1665                	addi	a2,a2,-7
     c84:	02f60633          	mul	a2,a2,a5
     c88:	5918                	lw	a4,48(a0)
     c8a:	47fd                	li	a5,31
     c8c:	00c797b3          	sll	a5,a5,a2
     c90:	fff7c793          	not	a5,a5
     c94:	8ff9                	and	a5,a5,a4
     c96:	00c59633          	sll	a2,a1,a2
     c9a:	8e5d                	or	a2,a2,a5
     c9c:	d910                	sw	a2,48(a0)
     c9e:	8082                	ret
     ca0:	4795                	li	a5,5
     ca2:	164d                	addi	a2,a2,-13
     ca4:	02f60633          	mul	a2,a2,a5
     ca8:	5558                	lw	a4,44(a0)
     caa:	47fd                	li	a5,31
     cac:	00c797b3          	sll	a5,a5,a2
     cb0:	fff7c793          	not	a5,a5
     cb4:	8ff9                	and	a5,a5,a4
     cb6:	00c595b3          	sll	a1,a1,a2
     cba:	8ddd                	or	a1,a1,a5
     cbc:	d54c                	sw	a1,44(a0)
     cbe:	8082                	ret

00000cc0 <ADC_BufferCmd>:
     cc0:	415c                	lw	a5,4(a0)
     cc2:	c591                	beqz	a1,cce <ADC_BufferCmd+0xe>
     cc4:	04000737          	lui	a4,0x4000
     cc8:	8fd9                	or	a5,a5,a4
     cca:	c15c                	sw	a5,4(a0)
     ccc:	8082                	ret
     cce:	fc000737          	lui	a4,0xfc000
     cd2:	177d                	addi	a4,a4,-1
     cd4:	8ff9                	and	a5,a5,a4
     cd6:	bfd5                	j	cca <ADC_BufferCmd+0xa>

00000cd8 <ADC_FIFO_Cmd>:
     cd8:	456706b7          	lui	a3,0x45670
     cdc:	400227b7          	lui	a5,0x40022
     ce0:	12368693          	addi	a3,a3,291 # 45670123 <_eusrstack+0x2566b123>
     ce4:	cdef9737          	lui	a4,0xcdef9
     ce8:	c3d4                	sw	a3,4(a5)
     cea:	9ab70713          	addi	a4,a4,-1621 # cdef89ab <_eusrstack+0xadef39ab>
     cee:	c3d8                	sw	a4,4(a5)
     cf0:	d3d4                	sw	a3,36(a5)
     cf2:	c798                	sw	a4,8(a5)
     cf4:	5bd8                	lw	a4,52(a5)
     cf6:	03478693          	addi	a3,a5,52 # 40022034 <_eusrstack+0x2001d034>
     cfa:	00271613          	slli	a2,a4,0x2
     cfe:	fe064be3          	bltz	a2,cf4 <ADC_FIFO_Cmd+0x1c>
     d02:	57d8                	lw	a4,44(a5)
     d04:	20076713          	ori	a4,a4,512
     d08:	d7d8                	sw	a4,44(a5)
     d0a:	5bdc                	lw	a5,52(a5)
     d0c:	20000737          	lui	a4,0x20000
     d10:	8fd9                	or	a5,a5,a4
     d12:	c29c                	sw	a5,0(a3)
     d14:	40022737          	lui	a4,0x40022
     d18:	5b5c                	lw	a5,52(a4)
     d1a:	00279693          	slli	a3,a5,0x2
     d1e:	fe06dde3          	bgez	a3,d18 <ADC_FIFO_Cmd+0x40>
     d22:	493c                	lw	a5,80(a0)
     d24:	c589                	beqz	a1,d2e <ADC_FIFO_Cmd+0x56>
     d26:	0407e793          	ori	a5,a5,64
     d2a:	c93c                	sw	a5,80(a0)
     d2c:	8082                	ret
     d2e:	fbf7f793          	andi	a5,a5,-65
     d32:	bfe5                	j	d2a <ADC_FIFO_Cmd+0x52>

00000d34 <BKP_WriteBackupRegister>:
     d34:	1141                	addi	sp,sp,-16
     d36:	400077b7          	lui	a5,0x40007
     d3a:	c602                	sw	zero,12(sp)
     d3c:	c0078793          	addi	a5,a5,-1024 # 40006c00 <_eusrstack+0x20001c00>
     d40:	c63e                	sw	a5,12(sp)
     d42:	47b2                	lw	a5,12(sp)
     d44:	953e                	add	a0,a0,a5
     d46:	c62a                	sw	a0,12(sp)
     d48:	47b2                	lw	a5,12(sp)
     d4a:	c38c                	sw	a1,0(a5)
     d4c:	0141                	addi	sp,sp,16
     d4e:	8082                	ret

00000d50 <DMA_Init>:
     d50:	411c                	lw	a5,0(a0)
     d52:	7761                	lui	a4,0xffff8
     d54:	073d                	addi	a4,a4,15
     d56:	5194                	lw	a3,32(a1)
     d58:	8f7d                	and	a4,a4,a5
     d5a:	459c                	lw	a5,8(a1)
     d5c:	8fd5                	or	a5,a5,a3
     d5e:	4994                	lw	a3,16(a1)
     d60:	8fd5                	or	a5,a5,a3
     d62:	49d4                	lw	a3,20(a1)
     d64:	8fd5                	or	a5,a5,a3
     d66:	4d94                	lw	a3,24(a1)
     d68:	8fd5                	or	a5,a5,a3
     d6a:	4dd4                	lw	a3,28(a1)
     d6c:	8fd5                	or	a5,a5,a3
     d6e:	51d4                	lw	a3,36(a1)
     d70:	8fd5                	or	a5,a5,a3
     d72:	5594                	lw	a3,40(a1)
     d74:	8fd5                	or	a5,a5,a3
     d76:	8fd9                	or	a5,a5,a4
     d78:	c11c                	sw	a5,0(a0)
     d7a:	45dc                	lw	a5,12(a1)
     d7c:	c15c                	sw	a5,4(a0)
     d7e:	419c                	lw	a5,0(a1)
     d80:	c51c                	sw	a5,8(a0)
     d82:	41dc                	lw	a5,4(a1)
     d84:	c55c                	sw	a5,12(a0)
     d86:	8082                	ret

00000d88 <DMA_Cmd>:
     d88:	411c                	lw	a5,0(a0)
     d8a:	c589                	beqz	a1,d94 <DMA_Cmd+0xc>
     d8c:	0017e793          	ori	a5,a5,1
     d90:	c11c                	sw	a5,0(a0)
     d92:	8082                	ret
     d94:	6741                	lui	a4,0x10
     d96:	1779                	addi	a4,a4,-2
     d98:	8ff9                	and	a5,a5,a4
     d9a:	bfdd                	j	d90 <DMA_Cmd+0x8>

00000d9c <DMA_SetCurrDataCounter>:
     d9c:	c14c                	sw	a1,4(a0)
     d9e:	8082                	ret

00000da0 <DMA_GetFlagStatus>:
     da0:	400207b7          	lui	a5,0x40020
     da4:	439c                	lw	a5,0(a5)
     da6:	8d7d                	and	a0,a0,a5
     da8:	00a03533          	snez	a0,a0
     dac:	8082                	ret

00000dae <DMA_ClearFlag>:
     dae:	400207b7          	lui	a5,0x40020
     db2:	c3c8                	sw	a0,4(a5)
     db4:	8082                	ret

00000db6 <EXTI_Init>:
     db6:	4158                	lw	a4,4(a0)
     db8:	00052803          	lw	a6,0(a0)
     dbc:	454c                	lw	a1,12(a0)
     dbe:	40010637          	lui	a2,0x40010
     dc2:	40060793          	addi	a5,a2,1024 # 40010400 <_eusrstack+0x2000b400>
     dc6:	973e                	add	a4,a4,a5
     dc8:	fff84693          	not	a3,a6
     dcc:	c5b1                	beqz	a1,e18 <EXTI_Init+0x62>
     dce:	40062583          	lw	a1,1024(a2)
     dd2:	8df5                	and	a1,a1,a3
     dd4:	40b62023          	sw	a1,1024(a2)
     dd8:	43d0                	lw	a2,4(a5)
     dda:	8ef1                	and	a3,a3,a2
     ddc:	c3d4                	sw	a3,4(a5)
     dde:	4314                	lw	a3,0(a4)
     de0:	0106e6b3          	or	a3,a3,a6
     de4:	c314                	sw	a3,0(a4)
     de6:	4118                	lw	a4,0(a0)
     de8:	4790                	lw	a2,8(a5)
     dea:	fff74693          	not	a3,a4
     dee:	8e75                	and	a2,a2,a3
     df0:	c790                	sw	a2,8(a5)
     df2:	47d0                	lw	a2,12(a5)
     df4:	8ef1                	and	a3,a3,a2
     df6:	c7d4                	sw	a3,12(a5)
     df8:	4514                	lw	a3,8(a0)
     dfa:	4641                	li	a2,16
     dfc:	00c69963          	bne	a3,a2,e0e <EXTI_Init+0x58>
     e00:	4794                	lw	a3,8(a5)
     e02:	8ed9                	or	a3,a3,a4
     e04:	c794                	sw	a3,8(a5)
     e06:	47d4                	lw	a3,12(a5)
     e08:	8f55                	or	a4,a4,a3
     e0a:	c7d8                	sw	a4,12(a5)
     e0c:	8082                	ret
     e0e:	97b6                	add	a5,a5,a3
     e10:	4394                	lw	a3,0(a5)
     e12:	8f55                	or	a4,a4,a3
     e14:	c398                	sw	a4,0(a5)
     e16:	8082                	ret
     e18:	431c                	lw	a5,0(a4)
     e1a:	8ff5                	and	a5,a5,a3
     e1c:	c31c                	sw	a5,0(a4)
     e1e:	8082                	ret

00000e20 <EXTI_ClearITPendingBit>:
     e20:	400107b7          	lui	a5,0x40010
     e24:	40a7aa23          	sw	a0,1044(a5) # 40010414 <_eusrstack+0x2000b414>
     e28:	8082                	ret

00000e2a <GPIO_Init>:
     e2a:	459c                	lw	a5,8(a1)
     e2c:	0107f713          	andi	a4,a5,16
     e30:	00f7f813          	andi	a6,a5,15
     e34:	c701                	beqz	a4,e3c <GPIO_Init+0x12>
     e36:	41d8                	lw	a4,4(a1)
     e38:	00e86833          	or	a6,a6,a4
     e3c:	218e                	lhu	a1,0(a1)
     e3e:	0ff5f713          	andi	a4,a1,255
     e42:	c339                	beqz	a4,e88 <GPIO_Init+0x5e>
     e44:	4118                	lw	a4,0(a0)
     e46:	4681                	li	a3,0
     e48:	4e85                	li	t4,1
     e4a:	4f3d                	li	t5,15
     e4c:	02800f93          	li	t6,40
     e50:	04800293          	li	t0,72
     e54:	4e21                	li	t3,8
     e56:	00de9633          	sll	a2,t4,a3
     e5a:	00c5f8b3          	and	a7,a1,a2
     e5e:	03161163          	bne	a2,a7,e80 <GPIO_Init+0x56>
     e62:	00269893          	slli	a7,a3,0x2
     e66:	011f1333          	sll	t1,t5,a7
     e6a:	fff34313          	not	t1,t1
     e6e:	00e37733          	and	a4,t1,a4
     e72:	011818b3          	sll	a7,a6,a7
     e76:	00e8e733          	or	a4,a7,a4
     e7a:	05f79f63          	bne	a5,t6,ed8 <GPIO_Init+0xae>
     e7e:	c950                	sw	a2,20(a0)
     e80:	0685                	addi	a3,a3,1
     e82:	fdc69ae3          	bne	a3,t3,e56 <GPIO_Init+0x2c>
     e86:	c118                	sw	a4,0(a0)
     e88:	0ff00713          	li	a4,255
     e8c:	04b77563          	bgeu	a4,a1,ed6 <GPIO_Init+0xac>
     e90:	4154                	lw	a3,4(a0)
     e92:	4621                	li	a2,8
     e94:	4e85                	li	t4,1
     e96:	4f3d                	li	t5,15
     e98:	02800f93          	li	t6,40
     e9c:	04800293          	li	t0,72
     ea0:	4e41                	li	t3,16
     ea2:	00ce98b3          	sll	a7,t4,a2
     ea6:	0115f733          	and	a4,a1,a7
     eaa:	02e89263          	bne	a7,a4,ece <GPIO_Init+0xa4>
     eae:	00261713          	slli	a4,a2,0x2
     eb2:	1701                	addi	a4,a4,-32
     eb4:	00ef1333          	sll	t1,t5,a4
     eb8:	fff34313          	not	t1,t1
     ebc:	00d376b3          	and	a3,t1,a3
     ec0:	00e81733          	sll	a4,a6,a4
     ec4:	8ed9                	or	a3,a3,a4
     ec6:	01f79d63          	bne	a5,t6,ee0 <GPIO_Init+0xb6>
     eca:	01152a23          	sw	a7,20(a0)
     ece:	0605                	addi	a2,a2,1
     ed0:	fdc619e3          	bne	a2,t3,ea2 <GPIO_Init+0x78>
     ed4:	c154                	sw	a3,4(a0)
     ed6:	8082                	ret
     ed8:	fa5794e3          	bne	a5,t0,e80 <GPIO_Init+0x56>
     edc:	c910                	sw	a2,16(a0)
     ede:	b74d                	j	e80 <GPIO_Init+0x56>
     ee0:	fe5797e3          	bne	a5,t0,ece <GPIO_Init+0xa4>
     ee4:	01152823          	sw	a7,16(a0)
     ee8:	b7dd                	j	ece <GPIO_Init+0xa4>

00000eea <GPIO_ReadInputDataBit>:
     eea:	4508                	lw	a0,8(a0)
     eec:	8d6d                	and	a0,a0,a1
     eee:	00a03533          	snez	a0,a0
     ef2:	8082                	ret

00000ef4 <GPIO_SetBits>:
     ef4:	c90c                	sw	a1,16(a0)
     ef6:	8082                	ret

00000ef8 <GPIO_ResetBits>:
     ef8:	c94c                	sw	a1,20(a0)
     efa:	8082                	ret

00000efc <GPIO_WriteBit>:
     efc:	c219                	beqz	a2,f02 <GPIO_WriteBit+0x6>
     efe:	c90c                	sw	a1,16(a0)
     f00:	8082                	ret
     f02:	c94c                	sw	a1,20(a0)
     f04:	8082                	ret

00000f06 <GPIO_PinRemapConfig>:
     f06:	c0000737          	lui	a4,0xc0000
     f0a:	00e577b3          	and	a5,a0,a4
     f0e:	08e79563          	bne	a5,a4,f98 <GPIO_PinRemapConfig+0x92>
     f12:	40010737          	lui	a4,0x40010
     f16:	435c                	lw	a5,4(a4)
     f18:	01b55693          	srli	a3,a0,0x1b
     f1c:	4f58                	lw	a4,28(a4)
     f1e:	8a9d                	andi	a3,a3,7
     f20:	e69d                	bnez	a3,f4e <GPIO_PinRemapConfig+0x48>
     f22:	9bf9                	andi	a5,a5,-2
     f24:	ff0006b7          	lui	a3,0xff000
     f28:	16fd                	addi	a3,a3,-1
     f2a:	8f75                	and	a4,a4,a3
     f2c:	c989                	beqz	a1,f3e <GPIO_PinRemapConfig+0x38>
     f2e:	01051693          	slli	a3,a0,0x10
     f32:	82c1                	srli	a3,a3,0x10
     f34:	8fd5                	or	a5,a5,a3
     f36:	01ff06b7          	lui	a3,0x1ff0
     f3a:	8d75                	and	a0,a0,a3
     f3c:	8f49                	or	a4,a4,a0
     f3e:	070006b7          	lui	a3,0x7000
     f42:	8fd5                	or	a5,a5,a3
     f44:	400106b7          	lui	a3,0x40010
     f48:	c2dc                	sw	a5,4(a3)
     f4a:	ced8                	sw	a4,28(a3)
     f4c:	8082                	ret
     f4e:	4605                	li	a2,1
     f50:	00c69663          	bne	a3,a2,f5c <GPIO_PinRemapConfig+0x56>
     f54:	9bf5                	andi	a5,a5,-3
     f56:	ff8006b7          	lui	a3,0xff800
     f5a:	b7f9                	j	f28 <GPIO_PinRemapConfig+0x22>
     f5c:	4609                	li	a2,2
     f5e:	00c69663          	bne	a3,a2,f6a <GPIO_PinRemapConfig+0x64>
     f62:	9bed                	andi	a5,a5,-5
     f64:	ffe806b7          	lui	a3,0xffe80
     f68:	b7c1                	j	f28 <GPIO_PinRemapConfig+0x22>
     f6a:	460d                	li	a2,3
     f6c:	00c69663          	bne	a3,a2,f78 <GPIO_PinRemapConfig+0x72>
     f70:	9bdd                	andi	a5,a5,-9
     f72:	fffc06b7          	lui	a3,0xfffc0
     f76:	bf4d                	j	f28 <GPIO_PinRemapConfig+0x22>
     f78:	4611                	li	a2,4
     f7a:	00c69763          	bne	a3,a2,f88 <GPIO_PinRemapConfig+0x82>
     f7e:	f3f7f793          	andi	a5,a5,-193
     f82:	ffc006b7          	lui	a3,0xffc00
     f86:	b74d                	j	f28 <GPIO_PinRemapConfig+0x22>
     f88:	4615                	li	a2,5
     f8a:	fac691e3          	bne	a3,a2,f2c <GPIO_PinRemapConfig+0x26>
     f8e:	cff7f793          	andi	a5,a5,-769
     f92:	ffe006b7          	lui	a3,0xffe00
     f96:	bf49                	j	f28 <GPIO_PinRemapConfig+0x22>
     f98:	40000737          	lui	a4,0x40000
     f9c:	02e79163          	bne	a5,a4,fbe <GPIO_PinRemapConfig+0xb8>
     fa0:	400107b7          	lui	a5,0x40010
     fa4:	4fd8                	lw	a4,28(a5)
     fa6:	0542                	slli	a0,a0,0x10
     fa8:	00a767b3          	or	a5,a4,a0
     fac:	e589                	bnez	a1,fb6 <GPIO_PinRemapConfig+0xb0>
     fae:	fff54513          	not	a0,a0
     fb2:	00e577b3          	and	a5,a0,a4
     fb6:	40010737          	lui	a4,0x40010
     fba:	cf5c                	sw	a5,28(a4)
     fbc:	8082                	ret
     fbe:	e3a9                	bnez	a5,1000 <GPIO_PinRemapConfig+0xfa>
     fc0:	40010837          	lui	a6,0x40010
     fc4:	003007b7          	lui	a5,0x300
     fc8:	00482603          	lw	a2,4(a6) # 40010004 <_eusrstack+0x2000b004>
     fcc:	01051713          	slli	a4,a0,0x10
     fd0:	00f576b3          	and	a3,a0,a5
     fd4:	8341                	srli	a4,a4,0x10
     fd6:	02f69663          	bne	a3,a5,1002 <GPIO_PinRemapConfig+0xfc>
     fda:	f90006b7          	lui	a3,0xf9000
     fde:	16fd                	addi	a3,a3,-1
     fe0:	00d677b3          	and	a5,a2,a3
     fe4:	00482603          	lw	a2,4(a6)
     fe8:	8ef1                	and	a3,a3,a2
     fea:	00d82223          	sw	a3,4(a6)
     fee:	c591                	beqz	a1,ffa <GPIO_PinRemapConfig+0xf4>
     ff0:	8155                	srli	a0,a0,0x15
     ff2:	0512                	slli	a0,a0,0x4
     ff4:	00a71533          	sll	a0,a4,a0
     ff8:	8fc9                	or	a5,a5,a0
     ffa:	40010737          	lui	a4,0x40010
     ffe:	c35c                	sw	a5,4(a4)
    1000:	8082                	ret
    1002:	00b51793          	slli	a5,a0,0xb
    1006:	0207d063          	bgez	a5,1026 <GPIO_PinRemapConfig+0x120>
    100a:	01055793          	srli	a5,a0,0x10
    100e:	00f7f693          	andi	a3,a5,15
    1012:	478d                	li	a5,3
    1014:	00d797b3          	sll	a5,a5,a3
    1018:	fff7c793          	not	a5,a5
    101c:	8ff1                	and	a5,a5,a2
    101e:	070006b7          	lui	a3,0x7000
    1022:	8fd5                	or	a5,a5,a3
    1024:	b7e9                	j	fee <GPIO_PinRemapConfig+0xe8>
    1026:	01555793          	srli	a5,a0,0x15
    102a:	0792                	slli	a5,a5,0x4
    102c:	00f717b3          	sll	a5,a4,a5
    1030:	b7e5                	j	1018 <GPIO_PinRemapConfig+0x112>

00001032 <GPIO_IPD_Unused>:
    1032:	93eff2ef          	jal	t0,170 <__riscv_save_0>
    1036:	1ffff437          	lui	s0,0x1ffff
    103a:	72442703          	lw	a4,1828(s0) # 1ffff724 <_data_lma+0x1fff04a8>
    103e:	3e000637          	lui	a2,0x3e000
    1042:	1141                	addi	sp,sp,-16
    1044:	01971793          	slli	a5,a4,0x19
    1048:	fff74693          	not	a3,a4
    104c:	8ff1                	and	a5,a5,a2
    104e:	0706                	slli	a4,a4,0x1
    1050:	003e0637          	lui	a2,0x3e0
    1054:	8f71                	and	a4,a4,a2
    1056:	8fd9                	or	a5,a5,a4
    1058:	01000637          	lui	a2,0x1000
    105c:	00969713          	slli	a4,a3,0x9
    1060:	8f71                	and	a4,a4,a2
    1062:	8fd9                	or	a5,a5,a4
    1064:	82bd                	srli	a3,a3,0xf
    1066:	6741                	lui	a4,0x10
    1068:	8ef9                	and	a3,a3,a4
    106a:	c202                	sw	zero,4(sp)
    106c:	c402                	sw	zero,8(sp)
    106e:	c602                	sw	zero,12(sp)
    1070:	8fd5                	or	a5,a5,a3
    1072:	86f1a223          	sw	a5,-1948(gp) # 20000254 <OPA_Trim>
    1076:	72845703          	lhu	a4,1832(s0)
    107a:	4585                	li	a1,1
    107c:	84e19e23          	sh	a4,-1956(gp) # 2000024c <ADC_Trim>
    1080:	72042703          	lw	a4,1824(s0)
    1084:	03d00513          	li	a0,61
    1088:	86e1a423          	sw	a4,-1944(gp) # 20000258 <TS_Val>
    108c:	70442703          	lw	a4,1796(s0)
    1090:	86e1a023          	sw	a4,-1952(gp) # 20000250 <CHIPID>
    1094:	73045703          	lhu	a4,1840(s0)
    1098:	86e19623          	sh	a4,-1940(gp) # 2000025c <USBPD_CFG>
    109c:	2e5d                	jal	1452 <RCC_PB2PeriphClockCmd>
    109e:	70442783          	lw	a5,1796(s0)
    10a2:	103a0737          	lui	a4,0x103a0
    10a6:	70070713          	addi	a4,a4,1792 # 103a0700 <_data_lma+0x10391484>
    10aa:	f0f7f793          	andi	a5,a5,-241
    10ae:	10e78463          	beq	a5,a4,11b6 <GPIO_IPD_Unused+0x184>
    10b2:	00f76b63          	bltu	a4,a5,10c8 <GPIO_IPD_Unused+0x96>
    10b6:	10320737          	lui	a4,0x10320
    10ba:	70070713          	addi	a4,a4,1792 # 10320700 <_data_lma+0x10311484>
    10be:	08e78063          	beq	a5,a4,113e <GPIO_IPD_Unused+0x10c>
    10c2:	0141                	addi	sp,sp,16
    10c4:	8d0ff06f          	j	194 <__riscv_restore_0>
    10c8:	103b0737          	lui	a4,0x103b0
    10cc:	70070713          	addi	a4,a4,1792 # 103b0700 <_data_lma+0x103a1484>
    10d0:	08e78b63          	beq	a5,a4,1166 <GPIO_IPD_Unused+0x134>
    10d4:	103d0737          	lui	a4,0x103d0
    10d8:	70070713          	addi	a4,a4,1792 # 103d0700 <_data_lma+0x103c1484>
    10dc:	fee793e3          	bne	a5,a4,10c2 <GPIO_IPD_Unused+0x90>
    10e0:	4585                	li	a1,1
    10e2:	6521                	lui	a0,0x8
    10e4:	350d                	jal	f06 <GPIO_PinRemapConfig>
    10e6:	40011437          	lui	s0,0x40011
    10ea:	77e1                	lui	a5,0xffff8
    10ec:	04800493          	li	s1,72
    10f0:	004c                	addi	a1,sp,4
    10f2:	80040513          	addi	a0,s0,-2048 # 40010800 <_eusrstack+0x2000b800>
    10f6:	827c                	sh	a5,4(sp)
    10f8:	c626                	sw	s1,12(sp)
    10fa:	3b05                	jal	e2a <GPIO_Init>
    10fc:	6785                	lui	a5,0x1
    10fe:	33878793          	addi	a5,a5,824 # 1338 <RCC_RTCCLKConfig+0x6>
    1102:	004c                	addi	a1,sp,4
    1104:	c0040513          	addi	a0,s0,-1024
    1108:	827c                	sh	a5,4(sp)
    110a:	c626                	sw	s1,12(sp)
    110c:	3b39                	jal	e2a <GPIO_Init>
    110e:	4791                	li	a5,4
    1110:	827c                	sh	a5,4(sp)
    1112:	004c                	addi	a1,sp,4
    1114:	02800793          	li	a5,40
    1118:	c0040513          	addi	a0,s0,-1024
    111c:	c63e                	sw	a5,12(sp)
    111e:	3331                	jal	e2a <GPIO_Init>
    1120:	77f9                	lui	a5,0xffffe
    1122:	004c                	addi	a1,sp,4
    1124:	40011537          	lui	a0,0x40011
    1128:	827c                	sh	a5,4(sp)
    112a:	c626                	sw	s1,12(sp)
    112c:	39fd                	jal	e2a <GPIO_Init>
    112e:	478d                	li	a5,3
    1130:	827c                	sh	a5,4(sp)
    1132:	c626                	sw	s1,12(sp)
    1134:	004c                	addi	a1,sp,4
    1136:	40040513          	addi	a0,s0,1024
    113a:	39c5                	jal	e2a <GPIO_Init>
    113c:	b759                	j	10c2 <GPIO_IPD_Unused+0x90>
    113e:	77e1                	lui	a5,0xffff8
    1140:	40011537          	lui	a0,0x40011
    1144:	c007c793          	xori	a5,a5,-1024
    1148:	04800413          	li	s0,72
    114c:	004c                	addi	a1,sp,4
    114e:	c0050513          	addi	a0,a0,-1024 # 40010c00 <_eusrstack+0x2000bc00>
    1152:	827c                	sh	a5,4(sp)
    1154:	c622                	sw	s0,12(sp)
    1156:	39d1                	jal	e2a <GPIO_Init>
    1158:	6789                	lui	a5,0x2
    115a:	827c                	sh	a5,4(sp)
    115c:	c622                	sw	s0,12(sp)
    115e:	004c                	addi	a1,sp,4
    1160:	40011537          	lui	a0,0x40011
    1164:	bfd9                	j	113a <GPIO_IPD_Unused+0x108>
    1166:	4585                	li	a1,1
    1168:	6521                	lui	a0,0x8
    116a:	3b71                	jal	f06 <GPIO_PinRemapConfig>
    116c:	40011437          	lui	s0,0x40011
    1170:	77e1                	lui	a5,0xffff8
    1172:	04800493          	li	s1,72
    1176:	004c                	addi	a1,sp,4
    1178:	80040513          	addi	a0,s0,-2048 # 40010800 <_eusrstack+0x2000b800>
    117c:	827c                	sh	a5,4(sp)
    117e:	c626                	sw	s1,12(sp)
    1180:	316d                	jal	e2a <GPIO_Init>
    1182:	21000793          	li	a5,528
    1186:	004c                	addi	a1,sp,4
    1188:	c0040513          	addi	a0,s0,-1024
    118c:	827c                	sh	a5,4(sp)
    118e:	c626                	sw	s1,12(sp)
    1190:	3969                	jal	e2a <GPIO_Init>
    1192:	4791                	li	a5,4
    1194:	827c                	sh	a5,4(sp)
    1196:	004c                	addi	a1,sp,4
    1198:	02800793          	li	a5,40
    119c:	c0040513          	addi	a0,s0,-1024
    11a0:	c63e                	sw	a5,12(sp)
    11a2:	3161                	jal	e2a <GPIO_Init>
    11a4:	77f9                	lui	a5,0xffffe
    11a6:	004c                	addi	a1,sp,4
    11a8:	40011537          	lui	a0,0x40011
    11ac:	827c                	sh	a5,4(sp)
    11ae:	c626                	sw	s1,12(sp)
    11b0:	39ad                	jal	e2a <GPIO_Init>
    11b2:	4789                	li	a5,2
    11b4:	bfb5                	j	1130 <GPIO_IPD_Unused+0xfe>
    11b6:	400114b7          	lui	s1,0x40011
    11ba:	77e1                	lui	a5,0xffff8
    11bc:	70078793          	addi	a5,a5,1792 # ffff8700 <_eusrstack+0xdfff3700>
    11c0:	04800413          	li	s0,72
    11c4:	004c                	addi	a1,sp,4
    11c6:	80048513          	addi	a0,s1,-2048 # 40010800 <_eusrstack+0x2000b800>
    11ca:	827c                	sh	a5,4(sp)
    11cc:	c622                	sw	s0,12(sp)
    11ce:	39b1                	jal	e2a <GPIO_Init>
    11d0:	e3900793          	li	a5,-455
    11d4:	004c                	addi	a1,sp,4
    11d6:	c0048513          	addi	a0,s1,-1024
    11da:	827c                	sh	a5,4(sp)
    11dc:	c622                	sw	s0,12(sp)
    11de:	31b1                	jal	e2a <GPIO_Init>
    11e0:	4791                	li	a5,4
    11e2:	827c                	sh	a5,4(sp)
    11e4:	004c                	addi	a1,sp,4
    11e6:	02800793          	li	a5,40
    11ea:	c0048513          	addi	a0,s1,-1024
    11ee:	c63e                	sw	a5,12(sp)
    11f0:	392d                	jal	e2a <GPIO_Init>
    11f2:	77f9                	lui	a5,0xffffe
    11f4:	b79d                	j	115a <GPIO_IPD_Unused+0x128>

000011f6 <NVIC_PriorityGroupConfig>:
    11f6:	86a1a823          	sw	a0,-1936(gp) # 20000260 <NVIC_Priority_Group>
    11fa:	8082                	ret

000011fc <NVIC_Init>:
    11fc:	8701a703          	lw	a4,-1936(gp) # 20000260 <NVIC_Priority_Group>
    1200:	4785                	li	a5,1
    1202:	2114                	lbu	a3,0(a0)
    1204:	02f71063          	bne	a4,a5,1224 <NVIC_Init+0x28>
    1208:	311c                	lbu	a5,1(a0)
    120a:	02e79c63          	bne	a5,a4,1242 <NVIC_Init+0x46>
    120e:	213c                	lbu	a5,2(a0)
    1210:	0796                	slli	a5,a5,0x5
    1212:	f807e793          	ori	a5,a5,-128
    1216:	e000e737          	lui	a4,0xe000e
    121a:	0ff7f793          	andi	a5,a5,255
    121e:	9736                	add	a4,a4,a3
    1220:	40f70023          	sb	a5,1024(a4) # e000e400 <_eusrstack+0xc0009400>
    1224:	4705                	li	a4,1
    1226:	0056d793          	srli	a5,a3,0x5
    122a:	00d71733          	sll	a4,a4,a3
    122e:	4154                	lw	a3,4(a0)
    1230:	ce89                	beqz	a3,124a <NVIC_Init+0x4e>
    1232:	04078793          	addi	a5,a5,64 # ffffe040 <_eusrstack+0xdfff9040>
    1236:	078a                	slli	a5,a5,0x2
    1238:	e000e6b7          	lui	a3,0xe000e
    123c:	97b6                	add	a5,a5,a3
    123e:	c398                	sw	a4,0(a5)
    1240:	8082                	ret
    1242:	f3ed                	bnez	a5,1224 <NVIC_Init+0x28>
    1244:	213c                	lbu	a5,2(a0)
    1246:	0796                	slli	a5,a5,0x5
    1248:	b7f9                	j	1216 <NVIC_Init+0x1a>
    124a:	06078793          	addi	a5,a5,96
    124e:	e000e6b7          	lui	a3,0xe000e
    1252:	078a                	slli	a5,a5,0x2
    1254:	97b6                	add	a5,a5,a3
    1256:	c398                	sw	a4,0(a5)
    1258:	0000100f          	fence.i
    125c:	8082                	ret

0000125e <PWR_BackupAccessCmd>:
    125e:	40007737          	lui	a4,0x40007
    1262:	431c                	lw	a5,0(a4)
    1264:	c509                	beqz	a0,126e <PWR_BackupAccessCmd+0x10>
    1266:	1007e793          	ori	a5,a5,256
    126a:	c31c                	sw	a5,0(a4)
    126c:	8082                	ret
    126e:	eff7f793          	andi	a5,a5,-257
    1272:	bfe5                	j	126a <PWR_BackupAccessCmd+0xc>

00001274 <PWR_EnterSTOPMode>:
    1274:	400077b7          	lui	a5,0x40007
    1278:	439c                	lw	a5,0(a5)
    127a:	4705                	li	a4,1
    127c:	9bf1                	andi	a5,a5,-4
    127e:	8fc9                	or	a5,a5,a0
    1280:	00e51a63          	bne	a0,a4,1294 <PWR_EnterSTOPMode+0x20>
    1284:	777d                	lui	a4,0xfffff
    1286:	3ff70713          	addi	a4,a4,1023 # fffff3ff <_eusrstack+0xdfffa3ff>
    128a:	8ff9                	and	a5,a5,a4
    128c:	6705                	lui	a4,0x1
    128e:	80070713          	addi	a4,a4,-2048 # 800 <__stack_size>
    1292:	8fd9                	or	a5,a5,a4
    1294:	40007737          	lui	a4,0x40007
    1298:	c31c                	sw	a5,0(a4)
    129a:	e000f7b7          	lui	a5,0xe000f
    129e:	d107a703          	lw	a4,-752(a5) # e000ed10 <_eusrstack+0xc0009d10>
    12a2:	00476713          	ori	a4,a4,4
    12a6:	d0e7a823          	sw	a4,-752(a5)
    12aa:	4705                	li	a4,1
    12ac:	02e59163          	bne	a1,a4,12ce <PWR_EnterSTOPMode+0x5a>
    12b0:	d107a703          	lw	a4,-752(a5)
    12b4:	9b5d                	andi	a4,a4,-9
    12b6:	d0e7a823          	sw	a4,-752(a5)
    12ba:	10500073          	wfi
    12be:	e000f737          	lui	a4,0xe000f
    12c2:	d1072783          	lw	a5,-752(a4) # e000ed10 <_eusrstack+0xc0009d10>
    12c6:	9bed                	andi	a5,a5,-5
    12c8:	d0f72823          	sw	a5,-752(a4)
    12cc:	8082                	ret
    12ce:	d107a683          	lw	a3,-752(a5)
    12d2:	d107a703          	lw	a4,-752(a5)
    12d6:	0206f693          	andi	a3,a3,32
    12da:	02876713          	ori	a4,a4,40
    12de:	d0e7a823          	sw	a4,-752(a5)
    12e2:	d107a703          	lw	a4,-752(a5)
    12e6:	fdf77713          	andi	a4,a4,-33
    12ea:	8f55                	or	a4,a4,a3
    12ec:	d0e7a823          	sw	a4,-752(a5)
    12f0:	d107a703          	lw	a4,-752(a5)
    12f4:	00876713          	ori	a4,a4,8
    12f8:	d0e7a823          	sw	a4,-752(a5)
    12fc:	10500073          	wfi
    1300:	d107a703          	lw	a4,-752(a5)
    1304:	00876713          	ori	a4,a4,8
    1308:	b77d                	j	12b6 <PWR_EnterSTOPMode+0x42>

0000130a <RCC_ADCCLKConfig>:
    130a:	400216b7          	lui	a3,0x40021
    130e:	42dc                	lw	a5,4(a3)
    1310:	7fff4737          	lui	a4,0x7fff4
    1314:	177d                	addi	a4,a4,-1
    1316:	8ff9                	and	a5,a5,a4
    1318:	8d5d                	or	a0,a0,a5
    131a:	c2c8                	sw	a0,4(a3)
    131c:	8082                	ret

0000131e <RCC_LSICmd>:
    131e:	40021737          	lui	a4,0x40021
    1322:	535c                	lw	a5,36(a4)
    1324:	c509                	beqz	a0,132e <RCC_LSICmd+0x10>
    1326:	0017e793          	ori	a5,a5,1
    132a:	d35c                	sw	a5,36(a4)
    132c:	8082                	ret
    132e:	9bf9                	andi	a5,a5,-2
    1330:	bfed                	j	132a <RCC_LSICmd+0xc>

00001332 <RCC_RTCCLKConfig>:
    1332:	40021737          	lui	a4,0x40021
    1336:	531c                	lw	a5,32(a4)
    1338:	8d5d                	or	a0,a0,a5
    133a:	d308                	sw	a0,32(a4)
    133c:	8082                	ret

0000133e <RCC_RTCCLKCmd>:
    133e:	c901                	beqz	a0,134e <RCC_RTCCLKCmd+0x10>
    1340:	40021737          	lui	a4,0x40021
    1344:	531c                	lw	a5,32(a4)
    1346:	66a1                	lui	a3,0x8
    1348:	8fd5                	or	a5,a5,a3
    134a:	d31c                	sw	a5,32(a4)
    134c:	8082                	ret
    134e:	400216b7          	lui	a3,0x40021
    1352:	529c                	lw	a5,32(a3)
    1354:	7761                	lui	a4,0xffff8
    1356:	177d                	addi	a4,a4,-1
    1358:	8ff9                	and	a5,a5,a4
    135a:	d29c                	sw	a5,32(a3)
    135c:	8082                	ret

0000135e <RCC_GetClocksFreq>:
    135e:	40021737          	lui	a4,0x40021
    1362:	435c                	lw	a5,4(a4)
    1364:	4691                	li	a3,4
    1366:	8bb1                	andi	a5,a5,12
    1368:	06d78c63          	beq	a5,a3,13e0 <RCC_GetClocksFreq+0x82>
    136c:	46a1                	li	a3,8
    136e:	06d78e63          	beq	a5,a3,13ea <RCC_GetClocksFreq+0x8c>
    1372:	e7bd                	bnez	a5,13e0 <RCC_GetClocksFreq+0x82>
    1374:	431c                	lw	a5,0(a4)
    1376:	8b91                	andi	a5,a5,4
    1378:	c7a5                	beqz	a5,13e0 <RCC_GetClocksFreq+0x82>
    137a:	000f47b7          	lui	a5,0xf4
    137e:	24078793          	addi	a5,a5,576 # f4240 <_data_lma+0xe4fc4>
    1382:	c11c                	sw	a5,0(a0)
    1384:	40021637          	lui	a2,0x40021
    1388:	425c                	lw	a5,4(a2)
    138a:	20000737          	lui	a4,0x20000
    138e:	01070713          	addi	a4,a4,16 # 20000010 <PBHBPrescTable>
    1392:	8391                	srli	a5,a5,0x4
    1394:	8bbd                	andi	a5,a5,15
    1396:	97ba                	add	a5,a5,a4
    1398:	2394                	lbu	a3,0(a5)
    139a:	411c                	lw	a5,0(a0)
    139c:	00d7d7b3          	srl	a5,a5,a3
    13a0:	c15c                	sw	a5,4(a0)
    13a2:	4254                	lw	a3,4(a2)
    13a4:	82a1                	srli	a3,a3,0x8
    13a6:	8a9d                	andi	a3,a3,7
    13a8:	96ba                	add	a3,a3,a4
    13aa:	2294                	lbu	a3,0(a3)
    13ac:	00d7d6b3          	srl	a3,a5,a3
    13b0:	c514                	sw	a3,8(a0)
    13b2:	4254                	lw	a3,4(a2)
    13b4:	82ad                	srli	a3,a3,0xb
    13b6:	8a9d                	andi	a3,a3,7
    13b8:	9736                	add	a4,a4,a3
    13ba:	2314                	lbu	a3,0(a4)
    13bc:	00d7d6b3          	srl	a3,a5,a3
    13c0:	c554                	sw	a3,12(a0)
    13c2:	4258                	lw	a4,4(a2)
    13c4:	00074c63          	bltz	a4,13dc <RCC_GetClocksFreq+0x7e>
    13c8:	425c                	lw	a5,4(a2)
    13ca:	83b9                	srli	a5,a5,0xe
    13cc:	0037f713          	andi	a4,a5,3
    13d0:	80818793          	addi	a5,gp,-2040 # 200001f8 <ADCPrescTable>
    13d4:	97ba                	add	a5,a5,a4
    13d6:	239c                	lbu	a5,0(a5)
    13d8:	02f6d7b3          	divu	a5,a3,a5
    13dc:	c91c                	sw	a5,16(a0)
    13de:	8082                	ret
    13e0:	007a17b7          	lui	a5,0x7a1
    13e4:	20078793          	addi	a5,a5,512 # 7a1200 <_data_lma+0x791f84>
    13e8:	bf69                	j	1382 <RCC_GetClocksFreq+0x24>
    13ea:	435c                	lw	a5,4(a4)
    13ec:	4358                	lw	a4,4(a4)
    13ee:	66c1                	lui	a3,0x10
    13f0:	83c9                	srli	a5,a5,0x12
    13f2:	8bbd                	andi	a5,a5,15
    13f4:	8f75                	and	a4,a4,a3
    13f6:	0789                	addi	a5,a5,2
    13f8:	46c5                	li	a3,17
    13fa:	00d79363          	bne	a5,a3,1400 <RCC_GetClocksFreq+0xa2>
    13fe:	47c9                	li	a5,18
    1400:	ef01                	bnez	a4,1418 <RCC_GetClocksFreq+0xba>
    1402:	40024737          	lui	a4,0x40024
    1406:	80072703          	lw	a4,-2048(a4) # 40023800 <_eusrstack+0x2001e800>
    140a:	8b41                	andi	a4,a4,16
    140c:	cf09                	beqz	a4,1426 <RCC_GetClocksFreq+0xc8>
    140e:	007a1737          	lui	a4,0x7a1
    1412:	20070713          	addi	a4,a4,512 # 7a1200 <_data_lma+0x791f84>
    1416:	a821                	j	142e <RCC_GetClocksFreq+0xd0>
    1418:	40021737          	lui	a4,0x40021
    141c:	4358                	lw	a4,4(a4)
    141e:	00e71693          	slli	a3,a4,0xe
    1422:	fe06d6e3          	bgez	a3,140e <RCC_GetClocksFreq+0xb0>
    1426:	003d1737          	lui	a4,0x3d1
    142a:	90070713          	addi	a4,a4,-1792 # 3d0900 <_data_lma+0x3c1684>
    142e:	02e787b3          	mul	a5,a5,a4
    1432:	bf81                	j	1382 <RCC_GetClocksFreq+0x24>

00001434 <RCC_HBPeriphClockCmd>:
    1434:	c599                	beqz	a1,1442 <RCC_HBPeriphClockCmd+0xe>
    1436:	40021737          	lui	a4,0x40021
    143a:	4b5c                	lw	a5,20(a4)
    143c:	8d5d                	or	a0,a0,a5
    143e:	cb48                	sw	a0,20(a4)
    1440:	8082                	ret
    1442:	400217b7          	lui	a5,0x40021
    1446:	4bd8                	lw	a4,20(a5)
    1448:	fff54513          	not	a0,a0
    144c:	8d79                	and	a0,a0,a4
    144e:	cbc8                	sw	a0,20(a5)
    1450:	8082                	ret

00001452 <RCC_PB2PeriphClockCmd>:
    1452:	c599                	beqz	a1,1460 <RCC_PB2PeriphClockCmd+0xe>
    1454:	40021737          	lui	a4,0x40021
    1458:	4f1c                	lw	a5,24(a4)
    145a:	8d5d                	or	a0,a0,a5
    145c:	cf08                	sw	a0,24(a4)
    145e:	8082                	ret
    1460:	400217b7          	lui	a5,0x40021
    1464:	4f98                	lw	a4,24(a5)
    1466:	fff54513          	not	a0,a0
    146a:	8d79                	and	a0,a0,a4
    146c:	cf88                	sw	a0,24(a5)
    146e:	8082                	ret

00001470 <RCC_PB1PeriphClockCmd>:
    1470:	c599                	beqz	a1,147e <RCC_PB1PeriphClockCmd+0xe>
    1472:	40021737          	lui	a4,0x40021
    1476:	4f5c                	lw	a5,28(a4)
    1478:	8d5d                	or	a0,a0,a5
    147a:	cf48                	sw	a0,28(a4)
    147c:	8082                	ret
    147e:	400217b7          	lui	a5,0x40021
    1482:	4fd8                	lw	a4,28(a5)
    1484:	fff54513          	not	a0,a0
    1488:	8d79                	and	a0,a0,a4
    148a:	cfc8                	sw	a0,28(a5)
    148c:	8082                	ret

0000148e <RCC_PB2PeriphResetCmd>:
    148e:	c599                	beqz	a1,149c <RCC_PB2PeriphResetCmd+0xe>
    1490:	40021737          	lui	a4,0x40021
    1494:	475c                	lw	a5,12(a4)
    1496:	8d5d                	or	a0,a0,a5
    1498:	c748                	sw	a0,12(a4)
    149a:	8082                	ret
    149c:	400217b7          	lui	a5,0x40021
    14a0:	47d8                	lw	a4,12(a5)
    14a2:	fff54513          	not	a0,a0
    14a6:	8d79                	and	a0,a0,a4
    14a8:	c7c8                	sw	a0,12(a5)
    14aa:	8082                	ret

000014ac <RCC_GetFlagStatus>:
    14ac:	00555793          	srli	a5,a0,0x5
    14b0:	4705                	li	a4,1
    14b2:	00e79963          	bne	a5,a4,14c4 <RCC_GetFlagStatus+0x18>
    14b6:	400217b7          	lui	a5,0x40021
    14ba:	439c                	lw	a5,0(a5)
    14bc:	00a7d533          	srl	a0,a5,a0
    14c0:	8905                	andi	a0,a0,1
    14c2:	8082                	ret
    14c4:	4709                	li	a4,2
    14c6:	00e79663          	bne	a5,a4,14d2 <RCC_GetFlagStatus+0x26>
    14ca:	400217b7          	lui	a5,0x40021
    14ce:	539c                	lw	a5,32(a5)
    14d0:	b7f5                	j	14bc <RCC_GetFlagStatus+0x10>
    14d2:	400217b7          	lui	a5,0x40021
    14d6:	53dc                	lw	a5,36(a5)
    14d8:	b7d5                	j	14bc <RCC_GetFlagStatus+0x10>

000014da <RTC_ITConfig>:
    14da:	400037b7          	lui	a5,0x40003
    14de:	8007d703          	lhu	a4,-2048(a5) # 40002800 <_eusrstack+0x1fffd800>
    14e2:	c589                	beqz	a1,14ec <RTC_ITConfig+0x12>
    14e4:	8d59                	or	a0,a0,a4
    14e6:	80a79023          	sh	a0,-2048(a5)
    14ea:	8082                	ret
    14ec:	fff54513          	not	a0,a0
    14f0:	8d79                	and	a0,a0,a4
    14f2:	bfd5                	j	14e6 <RTC_ITConfig+0xc>

000014f4 <RTC_EnterConfigMode>:
    14f4:	400037b7          	lui	a5,0x40003
    14f8:	8047d703          	lhu	a4,-2044(a5) # 40002804 <_eusrstack+0x1fffd804>
    14fc:	01076713          	ori	a4,a4,16
    1500:	80e79223          	sh	a4,-2044(a5)
    1504:	8082                	ret

00001506 <RTC_ExitConfigMode>:
    1506:	40003737          	lui	a4,0x40003
    150a:	80475783          	lhu	a5,-2044(a4) # 40002804 <_eusrstack+0x1fffd804>
    150e:	07c2                	slli	a5,a5,0x10
    1510:	83c1                	srli	a5,a5,0x10
    1512:	9bbd                	andi	a5,a5,-17
    1514:	07c2                	slli	a5,a5,0x10
    1516:	83c1                	srli	a5,a5,0x10
    1518:	80f71223          	sh	a5,-2044(a4)
    151c:	8082                	ret

0000151e <RTC_GetCounter>:
    151e:	400036b7          	lui	a3,0x40003
    1522:	8186d783          	lhu	a5,-2024(a3) # 40002818 <_eusrstack+0x1fffd818>
    1526:	81c6d503          	lhu	a0,-2020(a3)
    152a:	8186d703          	lhu	a4,-2024(a3)
    152e:	07c2                	slli	a5,a5,0x10
    1530:	01051613          	slli	a2,a0,0x10
    1534:	0742                	slli	a4,a4,0x10
    1536:	83c1                	srli	a5,a5,0x10
    1538:	8341                	srli	a4,a4,0x10
    153a:	8241                	srli	a2,a2,0x10
    153c:	80068693          	addi	a3,a3,-2048
    1540:	00e78663          	beq	a5,a4,154c <RTC_GetCounter+0x2e>
    1544:	2eca                	lhu	a0,28(a3)
    1546:	0742                	slli	a4,a4,0x10
    1548:	8d59                	or	a0,a0,a4
    154a:	8082                	ret
    154c:	01079513          	slli	a0,a5,0x10
    1550:	8d51                	or	a0,a0,a2
    1552:	8082                	ret

00001554 <RTC_SetCounter>:
    1554:	c1dfe2ef          	jal	t0,170 <__riscv_save_0>
    1558:	1141                	addi	sp,sp,-16
    155a:	c62a                	sw	a0,12(sp)
    155c:	3f61                	jal	14f4 <RTC_EnterConfigMode>
    155e:	4532                	lw	a0,12(sp)
    1560:	400037b7          	lui	a5,0x40003
    1564:	01055713          	srli	a4,a0,0x10
    1568:	0542                	slli	a0,a0,0x10
    156a:	80e79c23          	sh	a4,-2024(a5) # 40002818 <_eusrstack+0x1fffd818>
    156e:	8141                	srli	a0,a0,0x10
    1570:	80a79e23          	sh	a0,-2020(a5)
    1574:	3f49                	jal	1506 <RTC_ExitConfigMode>
    1576:	0141                	addi	sp,sp,16
    1578:	c1dfe06f          	j	194 <__riscv_restore_0>

0000157c <RTC_SetPrescaler>:
    157c:	bf5fe2ef          	jal	t0,170 <__riscv_save_0>
    1580:	1141                	addi	sp,sp,-16
    1582:	c62a                	sw	a0,12(sp)
    1584:	3f85                	jal	14f4 <RTC_EnterConfigMode>
    1586:	4532                	lw	a0,12(sp)
    1588:	400037b7          	lui	a5,0x40003
    158c:	01055713          	srli	a4,a0,0x10
    1590:	8b3d                	andi	a4,a4,15
    1592:	0542                	slli	a0,a0,0x10
    1594:	80e79423          	sh	a4,-2040(a5) # 40002808 <_eusrstack+0x1fffd808>
    1598:	8141                	srli	a0,a0,0x10
    159a:	80a79623          	sh	a0,-2036(a5)
    159e:	37a5                	jal	1506 <RTC_ExitConfigMode>
    15a0:	0141                	addi	sp,sp,16
    15a2:	bf3fe06f          	j	194 <__riscv_restore_0>

000015a6 <RTC_SetAlarm>:
    15a6:	bcbfe2ef          	jal	t0,170 <__riscv_save_0>
    15aa:	1141                	addi	sp,sp,-16
    15ac:	c62a                	sw	a0,12(sp)
    15ae:	3799                	jal	14f4 <RTC_EnterConfigMode>
    15b0:	4532                	lw	a0,12(sp)
    15b2:	400037b7          	lui	a5,0x40003
    15b6:	01055713          	srli	a4,a0,0x10
    15ba:	0542                	slli	a0,a0,0x10
    15bc:	82e79023          	sh	a4,-2016(a5) # 40002820 <_eusrstack+0x1fffd820>
    15c0:	8141                	srli	a0,a0,0x10
    15c2:	82a79223          	sh	a0,-2012(a5)
    15c6:	3781                	jal	1506 <RTC_ExitConfigMode>
    15c8:	0141                	addi	sp,sp,16
    15ca:	bcbfe06f          	j	194 <__riscv_restore_0>

000015ce <RTC_WaitForLastTask>:
    15ce:	40003737          	lui	a4,0x40003
    15d2:	80475783          	lhu	a5,-2044(a4) # 40002804 <_eusrstack+0x1fffd804>
    15d6:	0207f793          	andi	a5,a5,32
    15da:	dfe5                	beqz	a5,15d2 <RTC_WaitForLastTask+0x4>
    15dc:	8082                	ret

000015de <RTC_WaitForSynchro>:
    15de:	40003737          	lui	a4,0x40003
    15e2:	80475783          	lhu	a5,-2044(a4) # 40002804 <_eusrstack+0x1fffd804>
    15e6:	07c2                	slli	a5,a5,0x10
    15e8:	83c1                	srli	a5,a5,0x10
    15ea:	9bdd                	andi	a5,a5,-9
    15ec:	07c2                	slli	a5,a5,0x10
    15ee:	83c1                	srli	a5,a5,0x10
    15f0:	80f71223          	sh	a5,-2044(a4)
    15f4:	40003737          	lui	a4,0x40003
    15f8:	80475783          	lhu	a5,-2044(a4) # 40002804 <_eusrstack+0x1fffd804>
    15fc:	8ba1                	andi	a5,a5,8
    15fe:	dfed                	beqz	a5,15f8 <RTC_WaitForSynchro+0x1a>
    1600:	8082                	ret

00001602 <RTC_ClearFlag>:
    1602:	400037b7          	lui	a5,0x40003
    1606:	8047d703          	lhu	a4,-2044(a5) # 40002804 <_eusrstack+0x1fffd804>
    160a:	fff54513          	not	a0,a0
    160e:	8d79                	and	a0,a0,a4
    1610:	80a79223          	sh	a0,-2044(a5)
    1614:	8082                	ret

00001616 <RTC_GetITStatus>:
    1616:	40003737          	lui	a4,0x40003
    161a:	80475783          	lhu	a5,-2044(a4) # 40002804 <_eusrstack+0x1fffd804>
    161e:	80075703          	lhu	a4,-2048(a4)
    1622:	07c2                	slli	a5,a5,0x10
    1624:	8f69                	and	a4,a4,a0
    1626:	83c1                	srli	a5,a5,0x10
    1628:	c709                	beqz	a4,1632 <RTC_GetITStatus+0x1c>
    162a:	8d7d                	and	a0,a0,a5
    162c:	00a03533          	snez	a0,a0
    1630:	8082                	ret
    1632:	4501                	li	a0,0
    1634:	8082                	ret

00001636 <RTC_ClearITPendingBit>:
    1636:	b3bfe2ef          	jal	t0,170 <__riscv_save_0>
    163a:	37e1                	jal	1602 <RTC_ClearFlag>
    163c:	b59fe06f          	j	194 <__riscv_restore_0>

00001640 <SPI_Init>:
    1640:	211a                	lhu	a4,0(a0)
    1642:	678d                	lui	a5,0x3
    1644:	04078793          	addi	a5,a5,64 # 3040 <Update_Display+0x120>
    1648:	21b6                	lhu	a3,2(a1)
    164a:	8f7d                	and	a4,a4,a5
    164c:	219e                	lhu	a5,0(a1)
    164e:	8fd5                	or	a5,a5,a3
    1650:	21d6                	lhu	a3,4(a1)
    1652:	8fd5                	or	a5,a5,a3
    1654:	21f6                	lhu	a3,6(a1)
    1656:	8fd5                	or	a5,a5,a3
    1658:	2596                	lhu	a3,8(a1)
    165a:	8fd5                	or	a5,a5,a3
    165c:	25b6                	lhu	a3,10(a1)
    165e:	8fd5                	or	a5,a5,a3
    1660:	25d6                	lhu	a3,12(a1)
    1662:	8fd5                	or	a5,a5,a3
    1664:	25f6                	lhu	a3,14(a1)
    1666:	8fd5                	or	a5,a5,a3
    1668:	8fd9                	or	a5,a5,a4
    166a:	a11e                	sh	a5,0(a0)
    166c:	299e                	lhu	a5,16(a1)
    166e:	a91e                	sh	a5,16(a0)
    1670:	8082                	ret

00001672 <SPI_Cmd>:
    1672:	211e                	lhu	a5,0(a0)
    1674:	c589                	beqz	a1,167e <SPI_Cmd+0xc>
    1676:	0407e793          	ori	a5,a5,64
    167a:	a11e                	sh	a5,0(a0)
    167c:	8082                	ret
    167e:	07c2                	slli	a5,a5,0x10
    1680:	83c1                	srli	a5,a5,0x10
    1682:	fbf7f793          	andi	a5,a5,-65
    1686:	07c2                	slli	a5,a5,0x10
    1688:	83c1                	srli	a5,a5,0x10
    168a:	bfc5                	j	167a <SPI_Cmd+0x8>

0000168c <SPI_I2S_SendData>:
    168c:	a54e                	sh	a1,12(a0)
    168e:	8082                	ret

00001690 <SPI_I2S_ReceiveData>:
    1690:	254a                	lhu	a0,12(a0)
    1692:	8082                	ret

00001694 <SPI_I2S_GetFlagStatus>:
    1694:	250a                	lhu	a0,8(a0)
    1696:	8d6d                	and	a0,a0,a1
    1698:	00a03533          	snez	a0,a0
    169c:	8082                	ret

0000169e <TIM_TimeBaseInit>:
    169e:	211e                	lhu	a5,0(a0)
    16a0:	40013737          	lui	a4,0x40013
    16a4:	c0070713          	addi	a4,a4,-1024 # 40012c00 <_eusrstack+0x2000dc00>
    16a8:	07c2                	slli	a5,a5,0x10
    16aa:	83c1                	srli	a5,a5,0x10
    16ac:	02e50063          	beq	a0,a4,16cc <TIM_TimeBaseInit+0x2e>
    16b0:	40000737          	lui	a4,0x40000
    16b4:	00e50c63          	beq	a0,a4,16cc <TIM_TimeBaseInit+0x2e>
    16b8:	40070713          	addi	a4,a4,1024 # 40000400 <_eusrstack+0x1fffb400>
    16bc:	00e50863          	beq	a0,a4,16cc <TIM_TimeBaseInit+0x2e>
    16c0:	40001737          	lui	a4,0x40001
    16c4:	80070713          	addi	a4,a4,-2048 # 40000800 <_eusrstack+0x1fffb800>
    16c8:	00e51663          	bne	a0,a4,16d4 <TIM_TimeBaseInit+0x36>
    16cc:	21fa                	lhu	a4,6(a1)
    16ce:	f8f7f793          	andi	a5,a5,-113
    16d2:	8fd9                	or	a5,a5,a4
    16d4:	259a                	lhu	a4,8(a1)
    16d6:	cff7f793          	andi	a5,a5,-769
    16da:	07c2                	slli	a5,a5,0x10
    16dc:	83c1                	srli	a5,a5,0x10
    16de:	8fd9                	or	a5,a5,a4
    16e0:	40001737          	lui	a4,0x40001
    16e4:	a11e                	sh	a5,0(a0)
    16e6:	80070713          	addi	a4,a4,-2048 # 40000800 <_eusrstack+0x1fffb800>
    16ea:	419c                	lw	a5,0(a1)
    16ec:	02e51063          	bne	a0,a4,170c <TIM_TimeBaseInit+0x6e>
    16f0:	d55c                	sw	a5,44(a0)
    16f2:	21de                	lhu	a5,4(a1)
    16f4:	b51e                	sh	a5,40(a0)
    16f6:	400137b7          	lui	a5,0x40013
    16fa:	c0078793          	addi	a5,a5,-1024 # 40012c00 <_eusrstack+0x2000dc00>
    16fe:	00f51463          	bne	a0,a5,1706 <TIM_TimeBaseInit+0x68>
    1702:	25bc                	lbu	a5,10(a1)
    1704:	b91e                	sh	a5,48(a0)
    1706:	4785                	li	a5,1
    1708:	a95e                	sh	a5,20(a0)
    170a:	8082                	ret
    170c:	07c2                	slli	a5,a5,0x10
    170e:	83c1                	srli	a5,a5,0x10
    1710:	b55e                	sh	a5,44(a0)
    1712:	b7c5                	j	16f2 <TIM_TimeBaseInit+0x54>

00001714 <TIM_Cmd>:
    1714:	211e                	lhu	a5,0(a0)
    1716:	c589                	beqz	a1,1720 <TIM_Cmd+0xc>
    1718:	0017e793          	ori	a5,a5,1
    171c:	a11e                	sh	a5,0(a0)
    171e:	8082                	ret
    1720:	07c2                	slli	a5,a5,0x10
    1722:	83c1                	srli	a5,a5,0x10
    1724:	9bf9                	andi	a5,a5,-2
    1726:	07c2                	slli	a5,a5,0x10
    1728:	83c1                	srli	a5,a5,0x10
    172a:	bfcd                	j	171c <TIM_Cmd+0x8>

0000172c <TIM_ITConfig>:
    172c:	255e                	lhu	a5,12(a0)
    172e:	c601                	beqz	a2,1736 <TIM_ITConfig+0xa>
    1730:	8ddd                	or	a1,a1,a5
    1732:	a54e                	sh	a1,12(a0)
    1734:	8082                	ret
    1736:	fff5c593          	not	a1,a1
    173a:	8dfd                	and	a1,a1,a5
    173c:	bfdd                	j	1732 <TIM_ITConfig+0x6>

0000173e <TIM_InternalClockConfig>:
    173e:	251e                	lhu	a5,8(a0)
    1740:	07c2                	slli	a5,a5,0x10
    1742:	83c1                	srli	a5,a5,0x10
    1744:	9be1                	andi	a5,a5,-8
    1746:	07c2                	slli	a5,a5,0x10
    1748:	83c1                	srli	a5,a5,0x10
    174a:	a51e                	sh	a5,8(a0)
    174c:	8082                	ret

0000174e <TIM_ClearFlag>:
    174e:	fff5c593          	not	a1,a1
    1752:	05c2                	slli	a1,a1,0x10
    1754:	81c1                	srli	a1,a1,0x10
    1756:	a90e                	sh	a1,16(a0)
    1758:	8082                	ret

0000175a <TIM_GetITStatus>:
    175a:	291e                	lhu	a5,16(a0)
    175c:	254a                	lhu	a0,12(a0)
    175e:	8fed                	and	a5,a5,a1
    1760:	0542                	slli	a0,a0,0x10
    1762:	8141                	srli	a0,a0,0x10
    1764:	c789                	beqz	a5,176e <TIM_GetITStatus+0x14>
    1766:	8d6d                	and	a0,a0,a1
    1768:	00a03533          	snez	a0,a0
    176c:	8082                	ret
    176e:	4501                	li	a0,0
    1770:	8082                	ret

00001772 <TIM_ClearITPendingBit>:
    1772:	fff5c593          	not	a1,a1
    1776:	05c2                	slli	a1,a1,0x10
    1778:	81c1                	srli	a1,a1,0x10
    177a:	a90e                	sh	a1,16(a0)
    177c:	8082                	ret

0000177e <USART_Init>:
    177e:	9f3fe2ef          	jal	t0,170 <__riscv_save_0>
    1782:	2916                	lhu	a3,16(a0)
    1784:	77f5                	lui	a5,0xffffd
    1786:	17fd                	addi	a5,a5,-1
    1788:	8ff5                	and	a5,a5,a3
    178a:	21f6                	lhu	a3,6(a1)
    178c:	25da                	lhu	a4,12(a1)
    178e:	7179                	addi	sp,sp,-48
    1790:	8fd5                	or	a5,a5,a3
    1792:	a91e                	sh	a5,16(a0)
    1794:	2556                	lhu	a3,12(a0)
    1796:	77fd                	lui	a5,0xfffff
    1798:	9f378793          	addi	a5,a5,-1549 # ffffe9f3 <_eusrstack+0xdfff99f3>
    179c:	8ff5                	and	a5,a5,a3
    179e:	21d6                	lhu	a3,4(a1)
    17a0:	842a                	mv	s0,a0
    17a2:	c62e                	sw	a1,12(sp)
    17a4:	8fd5                	or	a5,a5,a3
    17a6:	2596                	lhu	a3,8(a1)
    17a8:	8fd5                	or	a5,a5,a3
    17aa:	25b6                	lhu	a3,10(a1)
    17ac:	8fd5                	or	a5,a5,a3
    17ae:	a55e                	sh	a5,12(a0)
    17b0:	295e                	lhu	a5,20(a0)
    17b2:	07c2                	slli	a5,a5,0x10
    17b4:	83c1                	srli	a5,a5,0x10
    17b6:	cff7f793          	andi	a5,a5,-769
    17ba:	8fd9                	or	a5,a5,a4
    17bc:	a95e                	sh	a5,20(a0)
    17be:	0868                	addi	a0,sp,28
    17c0:	3e79                	jal	135e <RCC_GetClocksFreq>
    17c2:	400147b7          	lui	a5,0x40014
    17c6:	80078793          	addi	a5,a5,-2048 # 40013800 <_eusrstack+0x2000e800>
    17ca:	45b2                	lw	a1,12(sp)
    17cc:	04f41a63          	bne	s0,a5,1820 <USART_Init+0xa2>
    17d0:	57a2                	lw	a5,40(sp)
    17d2:	2456                	lhu	a3,12(s0)
    17d4:	4765                	li	a4,25
    17d6:	02e787b3          	mul	a5,a5,a4
    17da:	06c2                	slli	a3,a3,0x10
    17dc:	86c1                	srai	a3,a3,0x10
    17de:	4198                	lw	a4,0(a1)
    17e0:	0406d263          	bgez	a3,1824 <USART_Init+0xa6>
    17e4:	0706                	slli	a4,a4,0x1
    17e6:	2452                	lhu	a2,12(s0)
    17e8:	0642                	slli	a2,a2,0x10
    17ea:	02e7d7b3          	divu	a5,a5,a4
    17ee:	06400713          	li	a4,100
    17f2:	8641                	srai	a2,a2,0x10
    17f4:	02e7d6b3          	divu	a3,a5,a4
    17f8:	02e7f7b3          	remu	a5,a5,a4
    17fc:	0692                	slli	a3,a3,0x4
    17fe:	02065563          	bgez	a2,1828 <USART_Init+0xaa>
    1802:	078e                	slli	a5,a5,0x3
    1804:	03278793          	addi	a5,a5,50
    1808:	02e7d7b3          	divu	a5,a5,a4
    180c:	0077f713          	andi	a4,a5,7
    1810:	00d767b3          	or	a5,a4,a3
    1814:	07c2                	slli	a5,a5,0x10
    1816:	83c1                	srli	a5,a5,0x10
    1818:	a41e                	sh	a5,8(s0)
    181a:	6145                	addi	sp,sp,48
    181c:	979fe06f          	j	194 <__riscv_restore_0>
    1820:	5792                	lw	a5,36(sp)
    1822:	bf45                	j	17d2 <USART_Init+0x54>
    1824:	070a                	slli	a4,a4,0x2
    1826:	b7c1                	j	17e6 <USART_Init+0x68>
    1828:	0792                	slli	a5,a5,0x4
    182a:	03278793          	addi	a5,a5,50
    182e:	02e7d7b3          	divu	a5,a5,a4
    1832:	8bbd                	andi	a5,a5,15
    1834:	8fd5                	or	a5,a5,a3
    1836:	bff9                	j	1814 <USART_Init+0x96>

00001838 <USART_Cmd>:
    1838:	c591                	beqz	a1,1844 <USART_Cmd+0xc>
    183a:	255e                	lhu	a5,12(a0)
    183c:	6709                	lui	a4,0x2
    183e:	8fd9                	or	a5,a5,a4
    1840:	a55e                	sh	a5,12(a0)
    1842:	8082                	ret
    1844:	255a                	lhu	a4,12(a0)
    1846:	77f9                	lui	a5,0xffffe
    1848:	17fd                	addi	a5,a5,-1
    184a:	8ff9                	and	a5,a5,a4
    184c:	bfd5                	j	1840 <USART_Cmd+0x8>

0000184e <USART_ITConfig>:
    184e:	0ff5f713          	andi	a4,a1,255
    1852:	4785                	li	a5,1
    1854:	8315                	srli	a4,a4,0x5
    1856:	00b795b3          	sll	a1,a5,a1
    185a:	00f71963          	bne	a4,a5,186c <USART_ITConfig+0x1e>
    185e:	00c50793          	addi	a5,a0,12 # 4001100c <_eusrstack+0x2000c00c>
    1862:	4398                	lw	a4,0(a5)
    1864:	ce01                	beqz	a2,187c <USART_ITConfig+0x2e>
    1866:	8dd9                	or	a1,a1,a4
    1868:	c38c                	sw	a1,0(a5)
    186a:	8082                	ret
    186c:	4689                	li	a3,2
    186e:	01450793          	addi	a5,a0,20
    1872:	fed718e3          	bne	a4,a3,1862 <USART_ITConfig+0x14>
    1876:	01050793          	addi	a5,a0,16
    187a:	b7e5                	j	1862 <USART_ITConfig+0x14>
    187c:	fff5c593          	not	a1,a1
    1880:	8df9                	and	a1,a1,a4
    1882:	b7dd                	j	1868 <USART_ITConfig+0x1a>

00001884 <USART_DMACmd>:
    1884:	295e                	lhu	a5,20(a0)
    1886:	c601                	beqz	a2,188e <USART_DMACmd+0xa>
    1888:	8ddd                	or	a1,a1,a5
    188a:	a94e                	sh	a1,20(a0)
    188c:	8082                	ret
    188e:	fff5c593          	not	a1,a1
    1892:	8dfd                	and	a1,a1,a5
    1894:	bfdd                	j	188a <USART_DMACmd+0x6>

00001896 <USART_SendData>:
    1896:	1ff5f593          	andi	a1,a1,511
    189a:	a14e                	sh	a1,4(a0)
    189c:	8082                	ret

0000189e <USART_ReceiveData>:
    189e:	214a                	lhu	a0,4(a0)
    18a0:	1ff57513          	andi	a0,a0,511
    18a4:	8082                	ret

000018a6 <USART_GetFlagStatus>:
    18a6:	210a                	lhu	a0,0(a0)
    18a8:	8d6d                	and	a0,a0,a1
    18aa:	00a03533          	snez	a0,a0
    18ae:	8082                	ret

000018b0 <USART_GetITStatus>:
    18b0:	0ff5f713          	andi	a4,a1,255
    18b4:	4685                	li	a3,1
    18b6:	8315                	srli	a4,a4,0x5
    18b8:	00b697b3          	sll	a5,a3,a1
    18bc:	02d71163          	bne	a4,a3,18de <USART_GetITStatus+0x2e>
    18c0:	255a                	lhu	a4,12(a0)
    18c2:	8ff9                	and	a5,a5,a4
    18c4:	211a                	lhu	a4,0(a0)
    18c6:	4501                	li	a0,0
    18c8:	0742                	slli	a4,a4,0x10
    18ca:	8341                	srli	a4,a4,0x10
    18cc:	cb81                	beqz	a5,18dc <USART_GetITStatus+0x2c>
    18ce:	4505                	li	a0,1
    18d0:	81a1                	srli	a1,a1,0x8
    18d2:	00b515b3          	sll	a1,a0,a1
    18d6:	8f6d                	and	a4,a4,a1
    18d8:	00e03533          	snez	a0,a4
    18dc:	8082                	ret
    18de:	4689                	li	a3,2
    18e0:	00d71463          	bne	a4,a3,18e8 <USART_GetITStatus+0x38>
    18e4:	291a                	lhu	a4,16(a0)
    18e6:	bff1                	j	18c2 <USART_GetITStatus+0x12>
    18e8:	295a                	lhu	a4,20(a0)
    18ea:	bfe1                	j	18c2 <USART_GetITStatus+0x12>

000018ec <Sensor_GPIO_Init>:
    18ec:	885fe2ef          	jal	t0,170 <__riscv_save_0>
    18f0:	1141                	addi	sp,sp,-16
    18f2:	4585                	li	a1,1
    18f4:	4521                	li	a0,8
    18f6:	3eb1                	jal	1452 <RCC_PB2PeriphClockCmd>
    18f8:	47c1                	li	a5,16
    18fa:	c63e                	sw	a5,12(sp)
    18fc:	678d                	lui	a5,0x3
    18fe:	40011437          	lui	s0,0x40011
    1902:	c0078793          	addi	a5,a5,-1024 # 2c00 <ICM_GetAngle+0x62>
    1906:	827c                	sh	a5,4(sp)
    1908:	004c                	addi	a1,sp,4
    190a:	4789                	li	a5,2
    190c:	c0040513          	addi	a0,s0,-1024 # 40010c00 <_eusrstack+0x2000bc00>
    1910:	c43e                	sw	a5,8(sp)
    1912:	00011323          	sh	zero,6(sp)
    1916:	d14ff0ef          	jal	ra,e2a <GPIO_Init>
    191a:	658d                	lui	a1,0x3
    191c:	c0058593          	addi	a1,a1,-1024 # 2c00 <ICM_GetAngle+0x62>
    1920:	c0040513          	addi	a0,s0,-1024
    1924:	dd4ff0ef          	jal	ra,ef8 <GPIO_ResetBits>
    1928:	0141                	addi	sp,sp,16
    192a:	86bfe06f          	j	194 <__riscv_restore_0>

0000192e <ALLADC_Init>:
    192e:	843fe2ef          	jal	t0,170 <__riscv_save_0>
    1932:	711d                	addi	sp,sp,-96
    1934:	4585                	li	a1,1
    1936:	4511                	li	a0,4
    1938:	3e29                	jal	1452 <RCC_PB2PeriphClockCmd>
    193a:	4585                	li	a1,1
    193c:	4521                	li	a0,8
    193e:	3e11                	jal	1452 <RCC_PB2PeriphClockCmd>
    1940:	40011437          	lui	s0,0x40011
    1944:	4785                	li	a5,1
    1946:	80040513          	addi	a0,s0,-2048 # 40010800 <_eusrstack+0x2000b800>
    194a:	002c                	addi	a1,sp,8
    194c:	847c                	sh	a5,8(sp)
    194e:	00011523          	sh	zero,10(sp)
    1952:	00011623          	sh	zero,12(sp)
    1956:	00011723          	sh	zero,14(sp)
    195a:	00011823          	sh	zero,16(sp)
    195e:	00011923          	sh	zero,18(sp)
    1962:	cc8ff0ef          	jal	ra,e2a <GPIO_Init>
    1966:	4489                	li	s1,2
    1968:	80040513          	addi	a0,s0,-2048
    196c:	002c                	addi	a1,sp,8
    196e:	8464                	sh	s1,8(sp)
    1970:	c802                	sw	zero,16(sp)
    1972:	cb8ff0ef          	jal	ra,e2a <GPIO_Init>
    1976:	c0040513          	addi	a0,s0,-1024
    197a:	002c                	addi	a1,sp,8
    197c:	8464                	sh	s1,8(sp)
    197e:	c802                	sw	zero,16(sp)
    1980:	caaff0ef          	jal	ra,e2a <GPIO_Init>
    1984:	47c1                	li	a5,16
    1986:	c83e                	sw	a5,16(sp)
    1988:	47a1                	li	a5,8
    198a:	c0040513          	addi	a0,s0,-1024
    198e:	847c                	sh	a5,8(sp)
    1990:	002c                	addi	a1,sp,8
    1992:	4789                	li	a5,2
    1994:	c63e                	sw	a5,12(sp)
    1996:	c94ff0ef          	jal	ra,e2a <GPIO_Init>
    199a:	4585                	li	a1,1
    199c:	20000513          	li	a0,512
    19a0:	ab3ff0ef          	jal	ra,1452 <RCC_PB2PeriphClockCmd>
    19a4:	4585                	li	a1,1
    19a6:	4505                	li	a0,1
    19a8:	a8dff0ef          	jal	ra,1434 <RCC_HBPeriphClockCmd>
    19ac:	6531                	lui	a0,0xc
    19ae:	40012437          	lui	s0,0x40012
    19b2:	959ff0ef          	jal	ra,130a <RCC_ADCCLKConfig>
    19b6:	469d                	li	a3,7
    19b8:	4605                	li	a2,1
    19ba:	4581                	li	a1,0
    19bc:	40040513          	addi	a0,s0,1024 # 40012400 <_eusrstack+0x2000d400>
    19c0:	a48ff0ef          	jal	ra,c08 <ADC_RegularChannelConfig>
    19c4:	469d                	li	a3,7
    19c6:	4609                	li	a2,2
    19c8:	4585                	li	a1,1
    19ca:	40040513          	addi	a0,s0,1024
    19ce:	a3aff0ef          	jal	ra,c08 <ADC_RegularChannelConfig>
    19d2:	469d                	li	a3,7
    19d4:	460d                	li	a2,3
    19d6:	45a5                	li	a1,9
    19d8:	40040513          	addi	a0,s0,1024
    19dc:	a2cff0ef          	jal	ra,c08 <ADC_RegularChannelConfig>
    19e0:	000e0737          	lui	a4,0xe0
    19e4:	4785                	li	a5,1
    19e6:	d03a                	sw	a4,32(sp)
    19e8:	084c                	addi	a1,sp,20
    19ea:	470d                	li	a4,3
    19ec:	40040513          	addi	a0,s0,1024
    19f0:	02e10423          	sb	a4,40(sp)
    19f4:	cc3e                	sw	a5,24(sp)
    19f6:	d83e                	sw	a5,48(sp)
    19f8:	ce02                	sw	zero,28(sp)
    19fa:	ca02                	sw	zero,20(sp)
    19fc:	d202                	sw	zero,36(sp)
    19fe:	d602                	sw	zero,44(sp)
    1a00:	954ff0ef          	jal	ra,b54 <ADC_Init>
    1a04:	44c40793          	addi	a5,s0,1100
    1a08:	da3e                	sw	a5,52(sp)
    1a0a:	10000793          	li	a5,256
    1a0e:	c6be                	sw	a5,76(sp)
    1a10:	87418793          	addi	a5,gp,-1932 # 20000264 <AD_Value>
    1a14:	dc3e                	sw	a5,56(sp)
    1a16:	40000793          	li	a5,1024
    1a1a:	c8be                	sw	a5,80(sp)
    1a1c:	08000793          	li	a5,128
    1a20:	400204b7          	lui	s1,0x40020
    1a24:	c4be                	sw	a5,72(sp)
    1a26:	478d                	li	a5,3
    1a28:	00848513          	addi	a0,s1,8 # 40020008 <_eusrstack+0x2001b008>
    1a2c:	c0be                	sw	a5,64(sp)
    1a2e:	184c                	addi	a1,sp,52
    1a30:	6789                	lui	a5,0x2
    1a32:	ccbe                	sw	a5,88(sp)
    1a34:	c282                	sw	zero,68(sp)
    1a36:	de02                	sw	zero,60(sp)
    1a38:	ca82                	sw	zero,84(sp)
    1a3a:	ce82                	sw	zero,92(sp)
    1a3c:	b14ff0ef          	jal	ra,d50 <DMA_Init>
    1a40:	00848513          	addi	a0,s1,8
    1a44:	4585                	li	a1,1
    1a46:	b42ff0ef          	jal	ra,d88 <DMA_Cmd>
    1a4a:	4585                	li	a1,1
    1a4c:	40040513          	addi	a0,s0,1024
    1a50:	96aff0ef          	jal	ra,bba <ADC_DMACmd>
    1a54:	4585                	li	a1,1
    1a56:	40040513          	addi	a0,s0,1024
    1a5a:	950ff0ef          	jal	ra,baa <ADC_Cmd>
    1a5e:	4585                	li	a1,1
    1a60:	40040513          	addi	a0,s0,1024
    1a64:	a74ff0ef          	jal	ra,cd8 <ADC_FIFO_Cmd>
    1a68:	4581                	li	a1,0
    1a6a:	40040513          	addi	a0,s0,1024
    1a6e:	a52ff0ef          	jal	ra,cc0 <ADC_BufferCmd>
    1a72:	40040513          	addi	a0,s0,1024
    1a76:	956ff0ef          	jal	ra,bcc <ADC_ResetCalibration>
    1a7a:	40040913          	addi	s2,s0,1024
    1a7e:	4485                	li	s1,1
    1a80:	854a                	mv	a0,s2
    1a82:	954ff0ef          	jal	ra,bd6 <ADC_GetResetCalibrationStatus>
    1a86:	fe950de3          	beq	a0,s1,1a80 <ALLADC_Init+0x152>
    1a8a:	40040513          	addi	a0,s0,1024
    1a8e:	40012437          	lui	s0,0x40012
    1a92:	94cff0ef          	jal	ra,bde <ADC_StartCalibration>
    1a96:	40040413          	addi	s0,s0,1024 # 40012400 <_eusrstack+0x2000d400>
    1a9a:	4485                	li	s1,1
    1a9c:	8522                	mv	a0,s0
    1a9e:	94aff0ef          	jal	ra,be8 <ADC_GetCalibrationStatus>
    1aa2:	fe950de3          	beq	a0,s1,1a9c <ALLADC_Init+0x16e>
    1aa6:	6125                	addi	sp,sp,96
    1aa8:	eecfe06f          	j	194 <__riscv_restore_0>

00001aac <AD_GetValue>:
    1aac:	ec4fe2ef          	jal	t0,170 <__riscv_save_0>
    1ab0:	40020437          	lui	s0,0x40020
    1ab4:	4581                	li	a1,0
    1ab6:	00840513          	addi	a0,s0,8 # 40020008 <_eusrstack+0x2001b008>
    1aba:	aceff0ef          	jal	ra,d88 <DMA_Cmd>
    1abe:	458d                	li	a1,3
    1ac0:	00840513          	addi	a0,s0,8
    1ac4:	ad8ff0ef          	jal	ra,d9c <DMA_SetCurrDataCounter>
    1ac8:	4585                	li	a1,1
    1aca:	00840513          	addi	a0,s0,8
    1ace:	abaff0ef          	jal	ra,d88 <DMA_Cmd>
    1ad2:	40012537          	lui	a0,0x40012
    1ad6:	4585                	li	a1,1
    1ad8:	40050513          	addi	a0,a0,1024 # 40012400 <_eusrstack+0x2000d400>
    1adc:	914ff0ef          	jal	ra,bf0 <ADC_SoftwareStartConvCmd>
    1ae0:	4509                	li	a0,2
    1ae2:	abeff0ef          	jal	ra,da0 <DMA_GetFlagStatus>
    1ae6:	dd6d                	beqz	a0,1ae0 <AD_GetValue+0x34>
    1ae8:	4509                	li	a0,2
    1aea:	ac4ff0ef          	jal	ra,dae <DMA_ClearFlag>
    1aee:	ea6fe06f          	j	194 <__riscv_restore_0>

00001af2 <Adaptive_filter>:
    1af2:	e64fe2ef          	jal	t0,156 <__riscv_save_4>
    1af6:	87c1d983          	lhu	s3,-1924(gp) # 2000026c <Last_value>
    1afa:	892a                	mv	s2,a0
    1afc:	87c18413          	addi	s0,gp,-1924 # 2000026c <Last_value>
    1b00:	413507b3          	sub	a5,a0,s3
    1b04:	41f7d693          	srai	a3,a5,0x1f
    1b08:	8fb5                	xor	a5,a5,a3
    1b0a:	8f95                	sub	a5,a5,a3
    1b0c:	07c2                	slli	a5,a5,0x10
    1b0e:	87c1                	srai	a5,a5,0x10
    1b10:	4695                	li	a3,5
    1b12:	04f6c963          	blt	a3,a5,1b64 <Adaptive_filter+0x72>
    1b16:	0000d7b7          	lui	a5,0xd
    1b1a:	b0c7a483          	lw	s1,-1268(a5) # cb0c <__trunctfdf2+0x2ec>
    1b1e:	8091a623          	sw	s1,-2036(gp) # 200001fc <Alpha>
    1b22:	0000d7b7          	lui	a5,0xd
    1b26:	b107a503          	lw	a0,-1264(a5) # cb10 <__trunctfdf2+0x2f0>
    1b2a:	85a6                	mv	a1,s1
    1b2c:	69e060ef          	jal	ra,81ca <__subsf3>
    1b30:	8a2a                	mv	s4,a0
    1b32:	854e                	mv	a0,s3
    1b34:	2d7060ef          	jal	ra,860a <__floatsisf>
    1b38:	85aa                	mv	a1,a0
    1b3a:	8552                	mv	a0,s4
    1b3c:	3fa060ef          	jal	ra,7f36 <__mulsf3>
    1b40:	89aa                	mv	s3,a0
    1b42:	854a                	mv	a0,s2
    1b44:	2c7060ef          	jal	ra,860a <__floatsisf>
    1b48:	85a6                	mv	a1,s1
    1b4a:	3ec060ef          	jal	ra,7f36 <__mulsf3>
    1b4e:	85aa                	mv	a1,a0
    1b50:	854e                	mv	a0,s3
    1b52:	45b050ef          	jal	ra,77ac <__addsf3>
    1b56:	25f060ef          	jal	ra,85b4 <__fixunssfsi>
    1b5a:	0542                	slli	a0,a0,0x10
    1b5c:	8141                	srli	a0,a0,0x10
    1b5e:	a00a                	sh	a0,0(s0)
    1b60:	e2afe06f          	j	18a <__riscv_restore_4>
    1b64:	0000d7b7          	lui	a5,0xd
    1b68:	b087a483          	lw	s1,-1272(a5) # cb08 <__trunctfdf2+0x2e8>
    1b6c:	bf4d                	j	1b1e <Adaptive_filter+0x2c>

00001b6e <Get_ADC_value>:
    1b6e:	de8fe2ef          	jal	t0,156 <__riscv_save_4>
    1b72:	8101c683          	lbu	a3,-2032(gp) # 20000200 <Once>
    1b76:	4705                	li	a4,1
    1b78:	8ec18993          	addi	s3,gp,-1812 # 200002dc <Bat_Value>
    1b7c:	87418913          	addi	s2,gp,-1932 # 20000264 <AD_Value>
    1b80:	88018493          	addi	s1,gp,-1920 # 20000270 <Sum_Bat_Value>
    1b84:	02e69563          	bne	a3,a4,1bae <Get_ADC_value+0x40>
    1b88:	81018a13          	addi	s4,gp,-2032 # 20000200 <Once>
    1b8c:	8ec18413          	addi	s0,gp,-1812 # 200002dc <Bat_Value>
    1b90:	01498a93          	addi	s5,s3,20
    1b94:	3f21                	jal	1aac <AD_GetValue>
    1b96:	00095703          	lhu	a4,0(s2)
    1b9a:	409c                	lw	a5,0(s1)
    1b9c:	0409                	addi	s0,s0,2
    1b9e:	fee41f23          	sh	a4,-2(s0)
    1ba2:	97ba                	add	a5,a5,a4
    1ba4:	c09c                	sw	a5,0(s1)
    1ba6:	fe8a97e3          	bne	s5,s0,1b94 <Get_ADC_value+0x26>
    1baa:	000a0023          	sb	zero,0(s4)
    1bae:	3dfd                	jal	1aac <AD_GetValue>
    1bb0:	00495503          	lhu	a0,4(s2)
    1bb4:	3f3d                	jal	1af2 <Adaptive_filter>
    1bb6:	88a19423          	sh	a0,-1912(gp) # 20000278 <Water_Value>
    1bba:	00295503          	lhu	a0,2(s2)
    1bbe:	3f15                	jal	1af2 <Adaptive_filter>
    1bc0:	87b18613          	addi	a2,gp,-1925 # 2000026b <Index>
    1bc4:	2218                	lbu	a4,0(a2)
    1bc6:	86a19f23          	sh	a0,-1922(gp) # 2000026e <MQ4_Value>
    1bca:	00171513          	slli	a0,a4,0x1
    1bce:	00095583          	lhu	a1,0(s2)
    1bd2:	409c                	lw	a5,0(s1)
    1bd4:	99aa                	add	s3,s3,a0
    1bd6:	0009d503          	lhu	a0,0(s3)
    1bda:	97ae                	add	a5,a5,a1
    1bdc:	00b99023          	sh	a1,0(s3)
    1be0:	0705                	addi	a4,a4,1
    1be2:	45a9                	li	a1,10
    1be4:	8f89                	sub	a5,a5,a0
    1be6:	02b76733          	rem	a4,a4,a1
    1bea:	c09c                	sw	a5,0(s1)
    1bec:	40011537          	lui	a0,0x40011
    1bf0:	87e18493          	addi	s1,gp,-1922 # 2000026e <MQ4_Value>
    1bf4:	c0050513          	addi	a0,a0,-1024 # 40010c00 <_eusrstack+0x2000bc00>
    1bf8:	02b7d7b3          	divu	a5,a5,a1
    1bfc:	a218                	sb	a4,0(a2)
    1bfe:	843a                	mv	s0,a4
    1c00:	45a1                	li	a1,8
    1c02:	84f19423          	sh	a5,-1976(gp) # 20000238 <_edata>
    1c06:	200007b7          	lui	a5,0x20000
    1c0a:	1f17c603          	lbu	a2,497(a5) # 200001f1 <V_Bat_Sw>
    1c0e:	4785                	li	a5,1
    1c10:	06f61963          	bne	a2,a5,1c82 <Get_ADC_value+0x114>
    1c14:	ae4ff0ef          	jal	ra,ef8 <GPIO_ResetBits>
    1c18:	208a                	lhu	a0,0(s1)
    1c1a:	0000d4b7          	lui	s1,0xd
    1c1e:	1ed060ef          	jal	ra,860a <__floatsisf>
    1c22:	b144a583          	lw	a1,-1260(s1) # cb14 <__trunctfdf2+0x2f4>
    1c26:	6f1050ef          	jal	ra,7b16 <__divsf3>
    1c2a:	0000d7b7          	lui	a5,0xd
    1c2e:	b187a583          	lw	a1,-1256(a5) # cb18 <__trunctfdf2+0x2f8>
    1c32:	304060ef          	jal	ra,7f36 <__mulsf3>
    1c36:	84a1a823          	sw	a0,-1968(gp) # 20000240 <MQ4>
    1c3a:	8481d503          	lhu	a0,-1976(gp) # 20000238 <_edata>
    1c3e:	87a18413          	addi	s0,gp,-1926 # 2000026a <Battery_level>
    1c42:	28f060ef          	jal	ra,86d0 <__floatunsisf>
    1c46:	0000d7b7          	lui	a5,0xd
    1c4a:	b1c7a583          	lw	a1,-1252(a5) # cb1c <__trunctfdf2+0x2fc>
    1c4e:	2e8060ef          	jal	ra,7f36 <__mulsf3>
    1c52:	b144a583          	lw	a1,-1260(s1)
    1c56:	6c1050ef          	jal	ra,7b16 <__divsf3>
    1c5a:	85aa                	mv	a1,a0
    1c5c:	351050ef          	jal	ra,77ac <__addsf3>
    1c60:	88a1a223          	sw	a0,-1916(gp) # 20000274 <V_Bat>
    1c64:	0000d7b7          	lui	a5,0xd
    1c68:	b207a903          	lw	s2,-1248(a5) # cb20 <__trunctfdf2+0x300>
    1c6c:	84aa                	mv	s1,a0
    1c6e:	85ca                	mv	a1,s2
    1c70:	1b4060ef          	jal	ra,7e24 <__gesf2>
    1c74:	00a05a63          	blez	a0,1c88 <Get_ADC_value+0x11a>
    1c78:	06400793          	li	a5,100
    1c7c:	a01c                	sb	a5,0(s0)
    1c7e:	d0cfe06f          	j	18a <__riscv_restore_4>
    1c82:	a72ff0ef          	jal	ra,ef4 <GPIO_SetBits>
    1c86:	bf49                	j	1c18 <Get_ADC_value+0xaa>
    1c88:	0000d7b7          	lui	a5,0xd
    1c8c:	b247a583          	lw	a1,-1244(a5) # cb24 <__trunctfdf2+0x304>
    1c90:	8526                	mv	a0,s1
    1c92:	192060ef          	jal	ra,7e24 <__gesf2>
    1c96:	04054563          	bltz	a0,1ce0 <Get_ADC_value+0x172>
    1c9a:	85a6                	mv	a1,s1
    1c9c:	854a                	mv	a0,s2
    1c9e:	52c060ef          	jal	ra,81ca <__subsf3>
    1ca2:	2fd060ef          	jal	ra,879e <__extendsfdf2>
    1ca6:	0000d9b7          	lui	s3,0xd
    1caa:	b409a603          	lw	a2,-1216(s3) # cb40 <__trunctfdf2+0x320>
    1cae:	b449a683          	lw	a3,-1212(s3)
    1cb2:	17c020ef          	jal	ra,3e2e <pow>
    1cb6:	0000d7b7          	lui	a5,0xd
    1cba:	b487a603          	lw	a2,-1208(a5) # cb48 <__trunctfdf2+0x328>
    1cbe:	b4c7a683          	lw	a3,-1204(a5)
    1cc2:	51b040ef          	jal	ra,69dc <__muldf3>
    1cc6:	0000d7b7          	lui	a5,0xd
    1cca:	862a                	mv	a2,a0
    1ccc:	86ae                	mv	a3,a1
    1cce:	b507a503          	lw	a0,-1200(a5) # cb50 <__trunctfdf2+0x330>
    1cd2:	b547a583          	lw	a1,-1196(a5)
    1cd6:	1be050ef          	jal	ra,6e94 <__subdf3>
    1cda:	19d050ef          	jal	ra,7676 <__fixunsdfsi>
    1cde:	a099                	j	1d24 <Get_ADC_value+0x1b6>
    1ce0:	0000d7b7          	lui	a5,0xd
    1ce4:	b287a903          	lw	s2,-1240(a5) # cb28 <__trunctfdf2+0x308>
    1ce8:	8526                	mv	a0,s1
    1cea:	85ca                	mv	a1,s2
    1cec:	138060ef          	jal	ra,7e24 <__gesf2>
    1cf0:	02054c63          	bltz	a0,1d28 <Get_ADC_value+0x1ba>
    1cf4:	85ca                	mv	a1,s2
    1cf6:	8526                	mv	a0,s1
    1cf8:	4d2060ef          	jal	ra,81ca <__subsf3>
    1cfc:	0000d7b7          	lui	a5,0xd
    1d00:	b2c7a583          	lw	a1,-1236(a5) # cb2c <__trunctfdf2+0x30c>
    1d04:	232060ef          	jal	ra,7f36 <__mulsf3>
    1d08:	0000d7b7          	lui	a5,0xd
    1d0c:	b307a583          	lw	a1,-1232(a5) # cb30 <__trunctfdf2+0x310>
    1d10:	607050ef          	jal	ra,7b16 <__divsf3>
    1d14:	0000d7b7          	lui	a5,0xd
    1d18:	b347a583          	lw	a1,-1228(a5) # cb34 <__trunctfdf2+0x314>
    1d1c:	291050ef          	jal	ra,77ac <__addsf3>
    1d20:	095060ef          	jal	ra,85b4 <__fixunssfsi>
    1d24:	a008                	sb	a0,0(s0)
    1d26:	bfa1                	j	1c7e <Get_ADC_value+0x110>
    1d28:	0000d7b7          	lui	a5,0xd
    1d2c:	b387a903          	lw	s2,-1224(a5) # cb38 <__trunctfdf2+0x318>
    1d30:	8526                	mv	a0,s1
    1d32:	85ca                	mv	a1,s2
    1d34:	0f0060ef          	jal	ra,7e24 <__gesf2>
    1d38:	02054b63          	bltz	a0,1d6e <Get_ADC_value+0x200>
    1d3c:	85ca                	mv	a1,s2
    1d3e:	8526                	mv	a0,s1
    1d40:	48a060ef          	jal	ra,81ca <__subsf3>
    1d44:	0000d7b7          	lui	a5,0xd
    1d48:	b3c7a583          	lw	a1,-1220(a5) # cb3c <__trunctfdf2+0x31c>
    1d4c:	5cb050ef          	jal	ra,7b16 <__divsf3>
    1d50:	24f060ef          	jal	ra,879e <__extendsfdf2>
    1d54:	862a                	mv	a2,a0
    1d56:	86ae                	mv	a3,a1
    1d58:	485040ef          	jal	ra,69dc <__muldf3>
    1d5c:	0000d7b7          	lui	a5,0xd
    1d60:	b587a603          	lw	a2,-1192(a5) # cb58 <__trunctfdf2+0x338>
    1d64:	b5c7a683          	lw	a3,-1188(a5)
    1d68:	475040ef          	jal	ra,69dc <__muldf3>
    1d6c:	b7bd                	j	1cda <Get_ADC_value+0x16c>
    1d6e:	00040023          	sb	zero,0(s0)
    1d72:	b731                	j	1c7e <Get_ADC_value+0x110>

00001d74 <IMUupdate>:
    1d74:	bccfe2ef          	jal	t0,140 <__riscv_save_12>
    1d78:	1101                	addi	sp,sp,-32
    1d7a:	ca2a                	sw	a0,20(sp)
    1d7c:	cc2e                	sw	a1,24(sp)
    1d7e:	8536                	mv	a0,a3
    1d80:	85ba                	mv	a1,a4
    1d82:	8d3e                	mv	s10,a5
    1d84:	ce32                	sw	a2,28(sp)
    1d86:	8cb6                	mv	s9,a3
    1d88:	8c3a                	mv	s8,a4
    1d8a:	1ac060ef          	jal	ra,7f36 <__mulsf3>
    1d8e:	85ea                	mv	a1,s10
    1d90:	1a6060ef          	jal	ra,7f36 <__mulsf3>
    1d94:	00000593          	li	a1,0
    1d98:	030060ef          	jal	ra,7dc8 <__eqsf2>
    1d9c:	4a050263          	beqz	a0,2240 <IMUupdate+0x4cc>
    1da0:	85e6                	mv	a1,s9
    1da2:	8566                	mv	a0,s9
    1da4:	192060ef          	jal	ra,7f36 <__mulsf3>
    1da8:	8daa                	mv	s11,a0
    1daa:	85e2                	mv	a1,s8
    1dac:	8562                	mv	a0,s8
    1dae:	188060ef          	jal	ra,7f36 <__mulsf3>
    1db2:	85aa                	mv	a1,a0
    1db4:	856e                	mv	a0,s11
    1db6:	1f7050ef          	jal	ra,77ac <__addsf3>
    1dba:	8daa                	mv	s11,a0
    1dbc:	85ea                	mv	a1,s10
    1dbe:	856a                	mv	a0,s10
    1dc0:	176060ef          	jal	ra,7f36 <__mulsf3>
    1dc4:	85aa                	mv	a1,a0
    1dc6:	856e                	mv	a0,s11
    1dc8:	1e5050ef          	jal	ra,77ac <__addsf3>
    1dcc:	81c18493          	addi	s1,gp,-2020 # 2000020c <q0>
    1dd0:	8ac18413          	addi	s0,gp,-1876 # 2000029c <q3>
    1dd4:	8a418913          	addi	s2,gp,-1884 # 20000294 <q1>
    1dd8:	8a818993          	addi	s3,gp,-1880 # 20000298 <q2>
    1ddc:	1c3060ef          	jal	ra,879e <__extendsfdf2>
    1de0:	0004ab83          	lw	s7,0(s1)
    1de4:	00092b03          	lw	s6,0(s2)
    1de8:	0009aa83          	lw	s5,0(s3)
    1dec:	00042a03          	lw	s4,0(s0)
    1df0:	364020ef          	jal	ra,4154 <sqrt>
    1df4:	257060ef          	jal	ra,884a <__truncdfsf2>
    1df8:	8daa                	mv	s11,a0
    1dfa:	85aa                	mv	a1,a0
    1dfc:	8566                	mv	a0,s9
    1dfe:	519050ef          	jal	ra,7b16 <__divsf3>
    1e02:	8caa                	mv	s9,a0
    1e04:	85ee                	mv	a1,s11
    1e06:	8562                	mv	a0,s8
    1e08:	50f050ef          	jal	ra,7b16 <__divsf3>
    1e0c:	8c2a                	mv	s8,a0
    1e0e:	85ee                	mv	a1,s11
    1e10:	856a                	mv	a0,s10
    1e12:	505050ef          	jal	ra,7b16 <__divsf3>
    1e16:	8daa                	mv	s11,a0
    1e18:	85d2                	mv	a1,s4
    1e1a:	855a                	mv	a0,s6
    1e1c:	11a060ef          	jal	ra,7f36 <__mulsf3>
    1e20:	8d2a                	mv	s10,a0
    1e22:	85d6                	mv	a1,s5
    1e24:	855e                	mv	a0,s7
    1e26:	110060ef          	jal	ra,7f36 <__mulsf3>
    1e2a:	85aa                	mv	a1,a0
    1e2c:	856a                	mv	a0,s10
    1e2e:	39c060ef          	jal	ra,81ca <__subsf3>
    1e32:	85aa                	mv	a1,a0
    1e34:	179050ef          	jal	ra,77ac <__addsf3>
    1e38:	85da                	mv	a1,s6
    1e3a:	c42a                	sw	a0,8(sp)
    1e3c:	855e                	mv	a0,s7
    1e3e:	0f8060ef          	jal	ra,7f36 <__mulsf3>
    1e42:	8d2a                	mv	s10,a0
    1e44:	85d2                	mv	a1,s4
    1e46:	8556                	mv	a0,s5
    1e48:	0ee060ef          	jal	ra,7f36 <__mulsf3>
    1e4c:	85aa                	mv	a1,a0
    1e4e:	856a                	mv	a0,s10
    1e50:	15d050ef          	jal	ra,77ac <__addsf3>
    1e54:	85aa                	mv	a1,a0
    1e56:	157050ef          	jal	ra,77ac <__addsf3>
    1e5a:	8d2a                	mv	s10,a0
    1e5c:	85de                	mv	a1,s7
    1e5e:	855e                	mv	a0,s7
    1e60:	0d6060ef          	jal	ra,7f36 <__mulsf3>
    1e64:	8baa                	mv	s7,a0
    1e66:	85da                	mv	a1,s6
    1e68:	855a                	mv	a0,s6
    1e6a:	0cc060ef          	jal	ra,7f36 <__mulsf3>
    1e6e:	85aa                	mv	a1,a0
    1e70:	855e                	mv	a0,s7
    1e72:	358060ef          	jal	ra,81ca <__subsf3>
    1e76:	8b2a                	mv	s6,a0
    1e78:	85d6                	mv	a1,s5
    1e7a:	8556                	mv	a0,s5
    1e7c:	0ba060ef          	jal	ra,7f36 <__mulsf3>
    1e80:	85aa                	mv	a1,a0
    1e82:	855a                	mv	a0,s6
    1e84:	346060ef          	jal	ra,81ca <__subsf3>
    1e88:	8aaa                	mv	s5,a0
    1e8a:	85d2                	mv	a1,s4
    1e8c:	8552                	mv	a0,s4
    1e8e:	0a8060ef          	jal	ra,7f36 <__mulsf3>
    1e92:	85aa                	mv	a1,a0
    1e94:	8556                	mv	a0,s5
    1e96:	117050ef          	jal	ra,77ac <__addsf3>
    1e9a:	8aaa                	mv	s5,a0
    1e9c:	85aa                	mv	a1,a0
    1e9e:	8562                	mv	a0,s8
    1ea0:	096060ef          	jal	ra,7f36 <__mulsf3>
    1ea4:	8a2a                	mv	s4,a0
    1ea6:	85ea                	mv	a1,s10
    1ea8:	856e                	mv	a0,s11
    1eaa:	08c060ef          	jal	ra,7f36 <__mulsf3>
    1eae:	85aa                	mv	a1,a0
    1eb0:	8552                	mv	a0,s4
    1eb2:	318060ef          	jal	ra,81ca <__subsf3>
    1eb6:	45a2                	lw	a1,8(sp)
    1eb8:	8a2a                	mv	s4,a0
    1eba:	856e                	mv	a0,s11
    1ebc:	07a060ef          	jal	ra,7f36 <__mulsf3>
    1ec0:	8b2a                	mv	s6,a0
    1ec2:	85d6                	mv	a1,s5
    1ec4:	8566                	mv	a0,s9
    1ec6:	070060ef          	jal	ra,7f36 <__mulsf3>
    1eca:	85aa                	mv	a1,a0
    1ecc:	855a                	mv	a0,s6
    1ece:	2fc060ef          	jal	ra,81ca <__subsf3>
    1ed2:	8aaa                	mv	s5,a0
    1ed4:	85ea                	mv	a1,s10
    1ed6:	8566                	mv	a0,s9
    1ed8:	05e060ef          	jal	ra,7f36 <__mulsf3>
    1edc:	45a2                	lw	a1,8(sp)
    1ede:	8b2a                	mv	s6,a0
    1ee0:	8562                	mv	a0,s8
    1ee2:	054060ef          	jal	ra,7f36 <__mulsf3>
    1ee6:	85aa                	mv	a1,a0
    1ee8:	855a                	mv	a0,s6
    1eea:	2e0060ef          	jal	ra,81ca <__subsf3>
    1eee:	8b2a                	mv	s6,a0
    1ef0:	00000593          	li	a1,0
    1ef4:	8552                	mv	a0,s4
    1ef6:	040060ef          	jal	ra,7f36 <__mulsf3>
    1efa:	89818b93          	addi	s7,gp,-1896 # 20000288 <exInt>
    1efe:	000ba583          	lw	a1,0(s7)
    1f02:	0000dc37          	lui	s8,0xd
    1f06:	0a7050ef          	jal	ra,77ac <__addsf3>
    1f0a:	8daa                	mv	s11,a0
    1f0c:	00aba023          	sw	a0,0(s7)
    1f10:	00000593          	li	a1,0
    1f14:	8556                	mv	a0,s5
    1f16:	020060ef          	jal	ra,7f36 <__mulsf3>
    1f1a:	89c18b93          	addi	s7,gp,-1892 # 2000028c <eyInt>
    1f1e:	000ba583          	lw	a1,0(s7)
    1f22:	08b050ef          	jal	ra,77ac <__addsf3>
    1f26:	8caa                	mv	s9,a0
    1f28:	00aba023          	sw	a0,0(s7)
    1f2c:	00000593          	li	a1,0
    1f30:	855a                	mv	a0,s6
    1f32:	004060ef          	jal	ra,7f36 <__mulsf3>
    1f36:	8a018b93          	addi	s7,gp,-1888 # 20000290 <ezInt>
    1f3a:	000ba583          	lw	a1,0(s7)
    1f3e:	06f050ef          	jal	ra,77ac <__addsf3>
    1f42:	b70c2583          	lw	a1,-1168(s8) # cb70 <__trunctfdf2+0x350>
    1f46:	8d2a                	mv	s10,a0
    1f48:	00aba023          	sw	a0,0(s7)
    1f4c:	8552                	mv	a0,s4
    1f4e:	7e9050ef          	jal	ra,7f36 <__mulsf3>
    1f52:	45d2                	lw	a1,20(sp)
    1f54:	059050ef          	jal	ra,77ac <__addsf3>
    1f58:	85aa                	mv	a1,a0
    1f5a:	856e                	mv	a0,s11
    1f5c:	051050ef          	jal	ra,77ac <__addsf3>
    1f60:	b70c2583          	lw	a1,-1168(s8)
    1f64:	8baa                	mv	s7,a0
    1f66:	8556                	mv	a0,s5
    1f68:	7cf050ef          	jal	ra,7f36 <__mulsf3>
    1f6c:	45e2                	lw	a1,24(sp)
    1f6e:	03f050ef          	jal	ra,77ac <__addsf3>
    1f72:	85aa                	mv	a1,a0
    1f74:	8566                	mv	a0,s9
    1f76:	037050ef          	jal	ra,77ac <__addsf3>
    1f7a:	b70c2583          	lw	a1,-1168(s8)
    1f7e:	8caa                	mv	s9,a0
    1f80:	855a                	mv	a0,s6
    1f82:	7b5050ef          	jal	ra,7f36 <__mulsf3>
    1f86:	4672                	lw	a2,28(sp)
    1f88:	85b2                	mv	a1,a2
    1f8a:	023050ef          	jal	ra,77ac <__addsf3>
    1f8e:	85aa                	mv	a1,a0
    1f90:	856a                	mv	a0,s10
    1f92:	01b050ef          	jal	ra,77ac <__addsf3>
    1f96:	00092d03          	lw	s10,0(s2)
    1f9a:	8a2a                	mv	s4,a0
    1f9c:	0009ac03          	lw	s8,0(s3)
    1fa0:	80000537          	lui	a0,0x80000
    1fa4:	85de                	mv	a1,s7
    1fa6:	01a54533          	xor	a0,a0,s10
    1faa:	78d050ef          	jal	ra,7f36 <__mulsf3>
    1fae:	8aaa                	mv	s5,a0
    1fb0:	85e2                	mv	a1,s8
    1fb2:	8566                	mv	a0,s9
    1fb4:	00042b03          	lw	s6,0(s0)
    1fb8:	77f050ef          	jal	ra,7f36 <__mulsf3>
    1fbc:	85aa                	mv	a1,a0
    1fbe:	8556                	mv	a0,s5
    1fc0:	20a060ef          	jal	ra,81ca <__subsf3>
    1fc4:	8aaa                	mv	s5,a0
    1fc6:	85da                	mv	a1,s6
    1fc8:	8552                	mv	a0,s4
    1fca:	76d050ef          	jal	ra,7f36 <__mulsf3>
    1fce:	85aa                	mv	a1,a0
    1fd0:	8556                	mv	a0,s5
    1fd2:	1f8060ef          	jal	ra,81ca <__subsf3>
    1fd6:	0000dab7          	lui	s5,0xd
    1fda:	b74aa583          	lw	a1,-1164(s5) # cb74 <__trunctfdf2+0x354>
    1fde:	0004ad83          	lw	s11,0(s1)
    1fe2:	755050ef          	jal	ra,7f36 <__mulsf3>
    1fe6:	85ee                	mv	a1,s11
    1fe8:	7c4050ef          	jal	ra,77ac <__addsf3>
    1fec:	c088                	sw	a0,0(s1)
    1fee:	85ee                	mv	a1,s11
    1ff0:	cc2a                	sw	a0,24(sp)
    1ff2:	855e                	mv	a0,s7
    1ff4:	743050ef          	jal	ra,7f36 <__mulsf3>
    1ff8:	85e2                	mv	a1,s8
    1ffa:	c42a                	sw	a0,8(sp)
    1ffc:	8552                	mv	a0,s4
    1ffe:	739050ef          	jal	ra,7f36 <__mulsf3>
    2002:	47a2                	lw	a5,8(sp)
    2004:	85aa                	mv	a1,a0
    2006:	853e                	mv	a0,a5
    2008:	7a4050ef          	jal	ra,77ac <__addsf3>
    200c:	85da                	mv	a1,s6
    200e:	c42a                	sw	a0,8(sp)
    2010:	8566                	mv	a0,s9
    2012:	725050ef          	jal	ra,7f36 <__mulsf3>
    2016:	47a2                	lw	a5,8(sp)
    2018:	85aa                	mv	a1,a0
    201a:	853e                	mv	a0,a5
    201c:	1ae060ef          	jal	ra,81ca <__subsf3>
    2020:	b74aa583          	lw	a1,-1164(s5)
    2024:	713050ef          	jal	ra,7f36 <__mulsf3>
    2028:	85ea                	mv	a1,s10
    202a:	782050ef          	jal	ra,77ac <__addsf3>
    202e:	00a92023          	sw	a0,0(s2)
    2032:	85ee                	mv	a1,s11
    2034:	ca2a                	sw	a0,20(sp)
    2036:	8566                	mv	a0,s9
    2038:	6ff050ef          	jal	ra,7f36 <__mulsf3>
    203c:	85ea                	mv	a1,s10
    203e:	c42a                	sw	a0,8(sp)
    2040:	8552                	mv	a0,s4
    2042:	6f5050ef          	jal	ra,7f36 <__mulsf3>
    2046:	47a2                	lw	a5,8(sp)
    2048:	85aa                	mv	a1,a0
    204a:	853e                	mv	a0,a5
    204c:	17e060ef          	jal	ra,81ca <__subsf3>
    2050:	85da                	mv	a1,s6
    2052:	c42a                	sw	a0,8(sp)
    2054:	855e                	mv	a0,s7
    2056:	6e1050ef          	jal	ra,7f36 <__mulsf3>
    205a:	47a2                	lw	a5,8(sp)
    205c:	85aa                	mv	a1,a0
    205e:	853e                	mv	a0,a5
    2060:	74c050ef          	jal	ra,77ac <__addsf3>
    2064:	b74aa583          	lw	a1,-1164(s5)
    2068:	6cf050ef          	jal	ra,7f36 <__mulsf3>
    206c:	85e2                	mv	a1,s8
    206e:	73e050ef          	jal	ra,77ac <__addsf3>
    2072:	00a9a023          	sw	a0,0(s3)
    2076:	85ee                	mv	a1,s11
    2078:	c42a                	sw	a0,8(sp)
    207a:	8552                	mv	a0,s4
    207c:	6bb050ef          	jal	ra,7f36 <__mulsf3>
    2080:	85ea                	mv	a1,s10
    2082:	8daa                	mv	s11,a0
    2084:	8566                	mv	a0,s9
    2086:	6b1050ef          	jal	ra,7f36 <__mulsf3>
    208a:	85aa                	mv	a1,a0
    208c:	856e                	mv	a0,s11
    208e:	71e050ef          	jal	ra,77ac <__addsf3>
    2092:	8caa                	mv	s9,a0
    2094:	85e2                	mv	a1,s8
    2096:	855e                	mv	a0,s7
    2098:	69f050ef          	jal	ra,7f36 <__mulsf3>
    209c:	85aa                	mv	a1,a0
    209e:	8566                	mv	a0,s9
    20a0:	12a060ef          	jal	ra,81ca <__subsf3>
    20a4:	b74aa583          	lw	a1,-1164(s5)
    20a8:	68f050ef          	jal	ra,7f36 <__mulsf3>
    20ac:	85da                	mv	a1,s6
    20ae:	6fe050ef          	jal	ra,77ac <__addsf3>
    20b2:	46e2                	lw	a3,24(sp)
    20b4:	8b2a                	mv	s6,a0
    20b6:	c008                	sw	a0,0(s0)
    20b8:	85b6                	mv	a1,a3
    20ba:	8536                	mv	a0,a3
    20bc:	67b050ef          	jal	ra,7f36 <__mulsf3>
    20c0:	4752                	lw	a4,20(sp)
    20c2:	8baa                	mv	s7,a0
    20c4:	85ba                	mv	a1,a4
    20c6:	853a                	mv	a0,a4
    20c8:	66f050ef          	jal	ra,7f36 <__mulsf3>
    20cc:	85aa                	mv	a1,a0
    20ce:	855e                	mv	a0,s7
    20d0:	6dc050ef          	jal	ra,77ac <__addsf3>
    20d4:	47a2                	lw	a5,8(sp)
    20d6:	8baa                	mv	s7,a0
    20d8:	85be                	mv	a1,a5
    20da:	853e                	mv	a0,a5
    20dc:	65b050ef          	jal	ra,7f36 <__mulsf3>
    20e0:	85aa                	mv	a1,a0
    20e2:	855e                	mv	a0,s7
    20e4:	6c8050ef          	jal	ra,77ac <__addsf3>
    20e8:	8baa                	mv	s7,a0
    20ea:	85da                	mv	a1,s6
    20ec:	855a                	mv	a0,s6
    20ee:	649050ef          	jal	ra,7f36 <__mulsf3>
    20f2:	85aa                	mv	a1,a0
    20f4:	855e                	mv	a0,s7
    20f6:	6b6050ef          	jal	ra,77ac <__addsf3>
    20fa:	6a4060ef          	jal	ra,879e <__extendsfdf2>
    20fe:	056020ef          	jal	ra,4154 <sqrt>
    2102:	748060ef          	jal	ra,884a <__truncdfsf2>
    2106:	8b2a                	mv	s6,a0
    2108:	85aa                	mv	a1,a0
    210a:	4088                	lw	a0,0(s1)
    210c:	20b050ef          	jal	ra,7b16 <__divsf3>
    2110:	8c2a                	mv	s8,a0
    2112:	c088                	sw	a0,0(s1)
    2114:	00092503          	lw	a0,0(s2)
    2118:	85da                	mv	a1,s6
    211a:	1fd050ef          	jal	ra,7b16 <__divsf3>
    211e:	00a92023          	sw	a0,0(s2)
    2122:	8d2a                	mv	s10,a0
    2124:	0009a503          	lw	a0,0(s3)
    2128:	85da                	mv	a1,s6
    212a:	1ed050ef          	jal	ra,7b16 <__divsf3>
    212e:	00a9a023          	sw	a0,0(s3)
    2132:	8baa                	mv	s7,a0
    2134:	4008                	lw	a0,0(s0)
    2136:	85da                	mv	a1,s6
    2138:	1df050ef          	jal	ra,7b16 <__divsf3>
    213c:	b74aa583          	lw	a1,-1164(s5)
    2140:	c008                	sw	a0,0(s0)
    2142:	8caa                	mv	s9,a0
    2144:	8552                	mv	a0,s4
    2146:	5f1050ef          	jal	ra,7f36 <__mulsf3>
    214a:	85aa                	mv	a1,a0
    214c:	660050ef          	jal	ra,77ac <__addsf3>
    2150:	0000d7b7          	lui	a5,0xd
    2154:	b787a583          	lw	a1,-1160(a5) # cb78 <__trunctfdf2+0x358>
    2158:	89418b13          	addi	s6,gp,-1900 # 20000284 <Q_ANGLE_Z>
    215c:	5db050ef          	jal	ra,7f36 <__mulsf3>
    2160:	000b2583          	lw	a1,0(s6)
    2164:	648050ef          	jal	ra,77ac <__addsf3>
    2168:	00ab2023          	sw	a0,0(s6)
    216c:	0000db37          	lui	s6,0xd
    2170:	b7cb2583          	lw	a1,-1156(s6) # cb7c <__trunctfdf2+0x35c>
    2174:	856a                	mv	a0,s10
    2176:	5c1050ef          	jal	ra,7f36 <__mulsf3>
    217a:	85e6                	mv	a1,s9
    217c:	5bb050ef          	jal	ra,7f36 <__mulsf3>
    2180:	8a2a                	mv	s4,a0
    2182:	85e2                	mv	a1,s8
    2184:	8562                	mv	a0,s8
    2186:	626050ef          	jal	ra,77ac <__addsf3>
    218a:	85de                	mv	a1,s7
    218c:	5ab050ef          	jal	ra,7f36 <__mulsf3>
    2190:	85aa                	mv	a1,a0
    2192:	8552                	mv	a0,s4
    2194:	618050ef          	jal	ra,77ac <__addsf3>
    2198:	606060ef          	jal	ra,879e <__extendsfdf2>
    219c:	3d1010ef          	jal	ra,3d6c <asin>
    21a0:	0000da37          	lui	s4,0xd
    21a4:	b80a2603          	lw	a2,-1152(s4) # cb80 <__trunctfdf2+0x360>
    21a8:	b84a2683          	lw	a3,-1148(s4)
    21ac:	031040ef          	jal	ra,69dc <__muldf3>
    21b0:	69a060ef          	jal	ra,884a <__truncdfsf2>
    21b4:	0009a983          	lw	s3,0(s3)
    21b8:	88a1a823          	sw	a0,-1904(gp) # 20000280 <Q_ANGLE_Y>
    21bc:	85ce                	mv	a1,s3
    21be:	854e                	mv	a0,s3
    21c0:	5ec050ef          	jal	ra,77ac <__addsf3>
    21c4:	00092903          	lw	s2,0(s2)
    21c8:	b7cb2583          	lw	a1,-1156(s6)
    21cc:	8aaa                	mv	s5,a0
    21ce:	854a                	mv	a0,s2
    21d0:	567050ef          	jal	ra,7f36 <__mulsf3>
    21d4:	85ca                	mv	a1,s2
    21d6:	561050ef          	jal	ra,7f36 <__mulsf3>
    21da:	8b2a                	mv	s6,a0
    21dc:	85d6                	mv	a1,s5
    21de:	854e                	mv	a0,s3
    21e0:	557050ef          	jal	ra,7f36 <__mulsf3>
    21e4:	85aa                	mv	a1,a0
    21e6:	855a                	mv	a0,s6
    21e8:	7e3050ef          	jal	ra,81ca <__subsf3>
    21ec:	0000d7b7          	lui	a5,0xd
    21f0:	b107a583          	lw	a1,-1264(a5) # cb10 <__trunctfdf2+0x2f0>
    21f4:	5b8050ef          	jal	ra,77ac <__addsf3>
    21f8:	5a6060ef          	jal	ra,879e <__extendsfdf2>
    21fc:	c62e                	sw	a1,12(sp)
    21fe:	408c                	lw	a1,0(s1)
    2200:	c42a                	sw	a0,8(sp)
    2202:	852e                	mv	a0,a1
    2204:	5a8050ef          	jal	ra,77ac <__addsf3>
    2208:	85ca                	mv	a1,s2
    220a:	52d050ef          	jal	ra,7f36 <__mulsf3>
    220e:	400c                	lw	a1,0(s0)
    2210:	84aa                	mv	s1,a0
    2212:	8556                	mv	a0,s5
    2214:	523050ef          	jal	ra,7f36 <__mulsf3>
    2218:	85aa                	mv	a1,a0
    221a:	8526                	mv	a0,s1
    221c:	590050ef          	jal	ra,77ac <__addsf3>
    2220:	57e060ef          	jal	ra,879e <__extendsfdf2>
    2224:	4622                	lw	a2,8(sp)
    2226:	46b2                	lw	a3,12(sp)
    2228:	403010ef          	jal	ra,3e2a <atan2>
    222c:	b80a2603          	lw	a2,-1152(s4)
    2230:	b84a2683          	lw	a3,-1148(s4)
    2234:	7a8040ef          	jal	ra,69dc <__muldf3>
    2238:	612060ef          	jal	ra,884a <__truncdfsf2>
    223c:	88a1a623          	sw	a0,-1908(gp) # 2000027c <Q_ANGLE_X>
    2240:	6105                	addi	sp,sp,32
    2242:	f3bfd06f          	j	17c <__riscv_restore_12>

00002246 <EC_Send_Cmd>:
    2246:	f11fd2ef          	jal	t0,156 <__riscv_save_4>
    224a:	842e                	mv	s0,a1
    224c:	8a32                	mv	s4,a2
    224e:	8936                	mv	s2,a3
    2250:	188010ef          	jal	ra,33d8 <Usart2_Send_String>
    2254:	8b81c703          	lbu	a4,-1864(gp) # 200002a8 <EC_01G_IDLE_Flag>
    2258:	4785                	li	a5,1
    225a:	8b818493          	addi	s1,gp,-1864 # 200002a8 <EC_01G_IDLE_Flag>
    225e:	00f71863          	bne	a4,a5,226e <EC_Send_Cmd+0x28>
    2262:	85d2                	mv	a1,s4
    2264:	ac818513          	addi	a0,gp,-1336 # 200004b8 <Usart2_Rx_Data>
    2268:	37a070ef          	jal	ra,95e2 <strstr>
    226c:	cd01                	beqz	a0,2284 <EC_Send_Cmd+0x3e>
    226e:	854a                	mv	a0,s2
    2270:	2a1010ef          	jal	ra,3d10 <Delay_Ms>
    2274:	00048023          	sb	zero,0(s1)
    2278:	0c8010ef          	jal	ra,3340 <DMA_Usart2_Start>
    227c:	00803533          	snez	a0,s0
    2280:	f0bfd06f          	j	18a <__riscv_restore_4>
    2284:	4505                	li	a0,1
    2286:	28b010ef          	jal	ra,3d10 <Delay_Ms>
    228a:	209c                	lbu	a5,0(s1)
    228c:	c789                	beqz	a5,2296 <EC_Send_Cmd+0x50>
    228e:	00048023          	sb	zero,0(s1)
    2292:	0ae010ef          	jal	ra,3340 <DMA_Usart2_Start>
    2296:	dc61                	beqz	s0,226e <EC_Send_Cmd+0x28>
    2298:	147d                	addi	s0,s0,-1
    229a:	0442                	slli	s0,s0,0x10
    229c:	8041                	srli	s0,s0,0x10
    229e:	b7d1                	j	2262 <EC_Send_Cmd+0x1c>

000022a0 <EC_01G_Connect>:
    22a0:	ed1fd2ef          	jal	t0,170 <__riscv_save_0>
    22a4:	4519                	li	a0,6
    22a6:	792060ef          	jal	ra,8a38 <malloc>
    22aa:	82418493          	addi	s1,gp,-2012 # 20000214 <OK_Ack>
    22ae:	4090                	lw	a2,0(s1)
    22b0:	6405                	lui	s0,0x1
    22b2:	8ca1a823          	sw	a0,-1840(gp) # 200002c0 <Time_Data>
    22b6:	0000d537          	lui	a0,0xd
    22ba:	38840593          	addi	a1,s0,904 # 1388 <RCC_GetClocksFreq+0x2a>
    22be:	1f400693          	li	a3,500
    22c2:	bc050513          	addi	a0,a0,-1088 # cbc0 <__trunctfdf2+0x3a0>
    22c6:	3741                	jal	2246 <EC_Send_Cmd>
    22c8:	4090                	lw	a2,0(s1)
    22ca:	0000d537          	lui	a0,0xd
    22ce:	38840593          	addi	a1,s0,904
    22d2:	1f400693          	li	a3,500
    22d6:	bc850513          	addi	a0,a0,-1080 # cbc8 <__trunctfdf2+0x3a8>
    22da:	37b5                	jal	2246 <EC_Send_Cmd>
    22dc:	4090                	lw	a2,0(s1)
    22de:	0000d537          	lui	a0,0xd
    22e2:	38840593          	addi	a1,s0,904
    22e6:	1f400693          	li	a3,500
    22ea:	bd450513          	addi	a0,a0,-1068 # cbd4 <__trunctfdf2+0x3b4>
    22ee:	3fa1                	jal	2246 <EC_Send_Cmd>
    22f0:	4090                	lw	a2,0(s1)
    22f2:	0000d537          	lui	a0,0xd
    22f6:	38840593          	addi	a1,s0,904
    22fa:	3e800693          	li	a3,1000
    22fe:	be050513          	addi	a0,a0,-1056 # cbe0 <__trunctfdf2+0x3c0>
    2302:	3791                	jal	2246 <EC_Send_Cmd>
    2304:	4090                	lw	a2,0(s1)
    2306:	0000d537          	lui	a0,0xd
    230a:	38840593          	addi	a1,s0,904
    230e:	3e800693          	li	a3,1000
    2312:	bf050513          	addi	a0,a0,-1040 # cbf0 <__trunctfdf2+0x3d0>
    2316:	3f05                	jal	2246 <EC_Send_Cmd>
    2318:	4090                	lw	a2,0(s1)
    231a:	0000d537          	lui	a0,0xd
    231e:	38840593          	addi	a1,s0,904
    2322:	3e800693          	li	a3,1000
    2326:	bfc50513          	addi	a0,a0,-1028 # cbfc <__trunctfdf2+0x3dc>
    232a:	3f31                	jal	2246 <EC_Send_Cmd>
    232c:	8301a603          	lw	a2,-2000(gp) # 20000220 <successfully_Open_Channel>
    2330:	0000d537          	lui	a0,0xd
    2334:	38840593          	addi	a1,s0,904
    2338:	3e800693          	li	a3,1000
    233c:	c1850513          	addi	a0,a0,-1000 # cc18 <__trunctfdf2+0x3f8>
    2340:	3719                	jal	2246 <EC_Send_Cmd>
    2342:	82c1a603          	lw	a2,-2004(gp) # 2000021c <successfully_Connected>
    2346:	0000d537          	lui	a0,0xd
    234a:	3e800693          	li	a3,1000
    234e:	38840593          	addi	a1,s0,904
    2352:	c4850513          	addi	a0,a0,-952 # cc48 <__trunctfdf2+0x428>
    2356:	3dc5                	jal	2246 <EC_Send_Cmd>
    2358:	e3dfd06f          	j	194 <__riscv_restore_0>

0000235c <EC_01G_Topic_Init>:
    235c:	e15fd2ef          	jal	t0,170 <__riscv_save_0>
    2360:	82418413          	addi	s0,gp,-2012 # 20000214 <OK_Ack>
    2364:	4010                	lw	a2,0(s0)
    2366:	6485                	lui	s1,0x1
    2368:	0000d537          	lui	a0,0xd
    236c:	38848593          	addi	a1,s1,904 # 1388 <RCC_GetClocksFreq+0x2a>
    2370:	5dc00693          	li	a3,1500
    2374:	db450513          	addi	a0,a0,-588 # cdb4 <__trunctfdf2+0x594>
    2378:	ecfff0ef          	jal	ra,2246 <EC_Send_Cmd>
    237c:	4010                	lw	a2,0(s0)
    237e:	0000d537          	lui	a0,0xd
    2382:	38848593          	addi	a1,s1,904
    2386:	5dc00693          	li	a3,1500
    238a:	dd450513          	addi	a0,a0,-556 # cdd4 <__trunctfdf2+0x5b4>
    238e:	eb9ff0ef          	jal	ra,2246 <EC_Send_Cmd>
    2392:	4010                	lw	a2,0(s0)
    2394:	0000d537          	lui	a0,0xd
    2398:	5dc00693          	li	a3,1500
    239c:	38848593          	addi	a1,s1,904
    23a0:	e0050513          	addi	a0,a0,-512 # ce00 <__trunctfdf2+0x5e0>
    23a4:	ea3ff0ef          	jal	ra,2246 <EC_Send_Cmd>
    23a8:	dedfd06f          	j	194 <__riscv_restore_0>

000023ac <EC_01G_Key_Capture>:
    23ac:	dc5fd2ef          	jal	t0,170 <__riscv_save_0>
    23b0:	842a                	mv	s0,a0
    23b2:	0000d5b7          	lui	a1,0xd
    23b6:	c9058593          	addi	a1,a1,-880 # cc90 <__trunctfdf2+0x470>
    23ba:	ac818513          	addi	a0,gp,-1336 # 200004b8 <Usart2_Rx_Data>
    23be:	224070ef          	jal	ra,95e2 <strstr>
    23c2:	c91d                	beqz	a0,23f8 <EC_01G_Key_Capture+0x4c>
    23c4:	0000d5b7          	lui	a1,0xd
    23c8:	cbc58593          	addi	a1,a1,-836 # ccbc <__trunctfdf2+0x49c>
    23cc:	84aa                	mv	s1,a0
    23ce:	214070ef          	jal	ra,95e2 <strstr>
    23d2:	c511                	beqz	a0,23de <EC_01G_Key_Capture+0x32>
    23d4:	4785                	li	a5,1
    23d6:	a01c                	sb	a5,0(s0)
    23d8:	4515                	li	a0,5
    23da:	137010ef          	jal	ra,3d10 <Delay_Ms>
    23de:	0000d5b7          	lui	a1,0xd
    23e2:	cc458593          	addi	a1,a1,-828 # ccc4 <__trunctfdf2+0x4a4>
    23e6:	8526                	mv	a0,s1
    23e8:	1fa070ef          	jal	ra,95e2 <strstr>
    23ec:	c511                	beqz	a0,23f8 <EC_01G_Key_Capture+0x4c>
    23ee:	00040023          	sb	zero,0(s0)
    23f2:	4515                	li	a0,5
    23f4:	11d010ef          	jal	ra,3d10 <Delay_Ms>
    23f8:	d9dfd06f          	j	194 <__riscv_restore_0>

000023fc <EC_01G_GPS_DataFree>:
    23fc:	65b5                	lui	a1,0xd
    23fe:	4681                	li	a3,0
    2400:	4311                	li	t1,4
    2402:	92c18613          	addi	a2,gp,-1748 # 2000031c <GPS_Time>
    2406:	b8858593          	addi	a1,a1,-1144 # cb88 <__trunctfdf2+0x368>
    240a:	90018513          	addi	a0,gp,-1792 # 200002f0 <GPS_Date>
    240e:	8bc18813          	addi	a6,gp,-1860 # 200002ac <GPS_Speed>
    2412:	90c18713          	addi	a4,gp,-1780 # 200002fc <GPS_Loaction>
    2416:	8c418893          	addi	a7,gp,-1852 # 200002b4 <GPS_Text>
    241a:	4e19                	li	t3,6
    241c:	fff68793          	addi	a5,a3,-1
    2420:	0ff7f793          	andi	a5,a5,255
    2424:	02f36b63          	bltu	t1,a5,245a <EC_01G_GPS_DataFree+0x5e>
    2428:	078a                	slli	a5,a5,0x2
    242a:	97ae                	add	a5,a5,a1
    242c:	439c                	lw	a5,0(a5)
    242e:	8782                	jr	a5
    2430:	0785                	addi	a5,a5,1
    2432:	07e2                	slli	a5,a5,0x18
    2434:	000e8023          	sb	zero,0(t4)
    2438:	87e1                	srai	a5,a5,0x18
    243a:	00f60eb3          	add	t4,a2,a5
    243e:	000e8f03          	lb	t5,0(t4)
    2442:	fe0f17e3          	bnez	t5,2430 <EC_01G_GPS_DataFree+0x34>
    2446:	00168793          	addi	a5,a3,1
    244a:	0ff7f793          	andi	a5,a5,255
    244e:	01879693          	slli	a3,a5,0x18
    2452:	86e1                	srai	a3,a3,0x18
    2454:	fdc794e3          	bne	a5,t3,241c <EC_01G_GPS_DataFree+0x20>
    2458:	8082                	ret
    245a:	4781                	li	a5,0
    245c:	bff9                	j	243a <EC_01G_GPS_DataFree+0x3e>
    245e:	0785                	addi	a5,a5,1
    2460:	07e2                	slli	a5,a5,0x18
    2462:	000e8023          	sb	zero,0(t4)
    2466:	87e1                	srai	a5,a5,0x18
    2468:	00f88eb3          	add	t4,a7,a5
    246c:	000e8f03          	lb	t5,0(t4)
    2470:	fe0f17e3          	bnez	t5,245e <EC_01G_GPS_DataFree+0x62>
    2474:	bfc9                	j	2446 <EC_01G_GPS_DataFree+0x4a>
    2476:	4781                	li	a5,0
    2478:	bfc5                	j	2468 <EC_01G_GPS_DataFree+0x6c>
    247a:	0785                	addi	a5,a5,1
    247c:	07e2                	slli	a5,a5,0x18
    247e:	000e8023          	sb	zero,0(t4)
    2482:	87e1                	srai	a5,a5,0x18
    2484:	00f70eb3          	add	t4,a4,a5
    2488:	000e8f03          	lb	t5,0(t4)
    248c:	fe0f17e3          	bnez	t5,247a <EC_01G_GPS_DataFree+0x7e>
    2490:	bf5d                	j	2446 <EC_01G_GPS_DataFree+0x4a>
    2492:	4781                	li	a5,0
    2494:	bfc5                	j	2484 <EC_01G_GPS_DataFree+0x88>
    2496:	0785                	addi	a5,a5,1
    2498:	07e2                	slli	a5,a5,0x18
    249a:	000e87a3          	sb	zero,15(t4)
    249e:	87e1                	srai	a5,a5,0x18
    24a0:	00f70eb3          	add	t4,a4,a5
    24a4:	00fe8f03          	lb	t5,15(t4)
    24a8:	fe0f17e3          	bnez	t5,2496 <EC_01G_GPS_DataFree+0x9a>
    24ac:	bf69                	j	2446 <EC_01G_GPS_DataFree+0x4a>
    24ae:	4781                	li	a5,0
    24b0:	bfc5                	j	24a0 <EC_01G_GPS_DataFree+0xa4>
    24b2:	0785                	addi	a5,a5,1
    24b4:	07e2                	slli	a5,a5,0x18
    24b6:	000e8023          	sb	zero,0(t4)
    24ba:	87e1                	srai	a5,a5,0x18
    24bc:	00f80eb3          	add	t4,a6,a5
    24c0:	000e8f03          	lb	t5,0(t4)
    24c4:	fe0f17e3          	bnez	t5,24b2 <EC_01G_GPS_DataFree+0xb6>
    24c8:	bfbd                	j	2446 <EC_01G_GPS_DataFree+0x4a>
    24ca:	4781                	li	a5,0
    24cc:	bfc5                	j	24bc <EC_01G_GPS_DataFree+0xc0>
    24ce:	0785                	addi	a5,a5,1
    24d0:	07e2                	slli	a5,a5,0x18
    24d2:	000e8023          	sb	zero,0(t4)
    24d6:	87e1                	srai	a5,a5,0x18
    24d8:	00f50eb3          	add	t4,a0,a5
    24dc:	000e8f03          	lb	t5,0(t4)
    24e0:	fe0f17e3          	bnez	t5,24ce <EC_01G_GPS_DataFree+0xd2>
    24e4:	b78d                	j	2446 <EC_01G_GPS_DataFree+0x4a>
    24e6:	4781                	li	a5,0
    24e8:	bfc5                	j	24d8 <EC_01G_GPS_DataFree+0xdc>

000024ea <EC_01G_GPS_Get>:
    24ea:	8b818793          	addi	a5,gp,-1864 # 200002a8 <EC_01G_IDLE_Flag>
    24ee:	2398                	lbu	a4,0(a5)
    24f0:	0e070f63          	beqz	a4,25ee <EC_01G_GPS_Get+0x104>
    24f4:	c7dfd2ef          	jal	t0,170 <__riscv_save_0>
    24f8:	1141                	addi	sp,sp,-16
    24fa:	00078023          	sb	zero,0(a5)
    24fe:	84aa                	mv	s1,a0
    2500:	641000ef          	jal	ra,3340 <DMA_Usart2_Start>
    2504:	20000537          	lui	a0,0x20000
    2508:	1f350513          	addi	a0,a0,499 # 200001f3 <Warning_Yun>
    250c:	ea1ff0ef          	jal	ra,23ac <EC_01G_Key_Capture>
    2510:	0000d5b7          	lui	a1,0xd
    2514:	c7c58593          	addi	a1,a1,-900 # cc7c <__trunctfdf2+0x45c>
    2518:	ac818513          	addi	a0,gp,-1336 # 200004b8 <Usart2_Rx_Data>
    251c:	0c6070ef          	jal	ra,95e2 <strstr>
    2520:	c62a                	sw	a0,12(sp)
    2522:	c139                	beqz	a0,2568 <EC_01G_GPS_Get+0x7e>
    2524:	ed9ff0ef          	jal	ra,23fc <EC_01G_GPS_DataFree>
    2528:	4532                	lw	a0,12(sp)
    252a:	68b5                	lui	a7,0xd
    252c:	4781                	li	a5,0
    252e:	4581                	li	a1,0
    2530:	42a9                	li	t0,10
    2532:	02c00f93          	li	t6,44
    2536:	43a1                	li	t2,8
    2538:	b9c88893          	addi	a7,a7,-1124 # cb9c <__trunctfdf2+0x37c>
    253c:	90018313          	addi	t1,gp,-1792 # 200002f0 <GPS_Date>
    2540:	8bc18e13          	addi	t3,gp,-1860 # 200002ac <GPS_Speed>
    2544:	90c18813          	addi	a6,gp,-1780 # 200002fc <GPS_Loaction>
    2548:	8c418e93          	addi	t4,gp,-1852 # 200002b4 <GPS_Text>
    254c:	92c18f13          	addi	t5,gp,-1748 # 2000031c <GPS_Time>
    2550:	00050683          	lb	a3,0(a0)
    2554:	02569963          	bne	a3,t0,2586 <EC_01G_GPS_Get+0x9c>
    2558:	8c418783          	lb	a5,-1852(gp) # 200002b4 <GPS_Text>
    255c:	04100693          	li	a3,65
    2560:	08d79063          	bne	a5,a3,25e0 <EC_01G_GPS_Get+0xf6>
    2564:	4785                	li	a5,1
    2566:	a09c                	sb	a5,0(s1)
    2568:	4781                	li	a5,0
    256a:	ac818713          	addi	a4,gp,-1336 # 200004b8 <Usart2_Rx_Data>
    256e:	06400693          	li	a3,100
    2572:	00e78633          	add	a2,a5,a4
    2576:	00060023          	sb	zero,0(a2) # 40021000 <_eusrstack+0x2001c000>
    257a:	0785                	addi	a5,a5,1
    257c:	fed79be3          	bne	a5,a3,2572 <EC_01G_GPS_Get+0x88>
    2580:	0141                	addi	sp,sp,16
    2582:	c13fd06f          	j	194 <__riscv_restore_0>
    2586:	01f69663          	bne	a3,t6,2592 <EC_01G_GPS_Get+0xa8>
    258a:	0585                	addi	a1,a1,1
    258c:	0ff5f593          	andi	a1,a1,255
    2590:	4781                	li	a5,0
    2592:	0505                	addi	a0,a0,1
    2594:	00050683          	lb	a3,0(a0)
    2598:	fbf68ce3          	beq	a3,t6,2550 <EC_01G_GPS_Get+0x66>
    259c:	fff58713          	addi	a4,a1,-1
    25a0:	0ff77713          	andi	a4,a4,255
    25a4:	fae3e6e3          	bltu	t2,a4,2550 <EC_01G_GPS_Get+0x66>
    25a8:	070a                	slli	a4,a4,0x2
    25aa:	9746                	add	a4,a4,a7
    25ac:	4318                	lw	a4,0(a4)
    25ae:	8702                	jr	a4
    25b0:	00ff0733          	add	a4,t5,a5
    25b4:	a314                	sb	a3,0(a4)
    25b6:	0785                	addi	a5,a5,1
    25b8:	0ff7f793          	andi	a5,a5,255
    25bc:	bf51                	j	2550 <EC_01G_GPS_Get+0x66>
    25be:	00fe8733          	add	a4,t4,a5
    25c2:	bfcd                	j	25b4 <EC_01G_GPS_Get+0xca>
    25c4:	00f80733          	add	a4,a6,a5
    25c8:	b7f5                	j	25b4 <EC_01G_GPS_Get+0xca>
    25ca:	00f80633          	add	a2,a6,a5
    25ce:	b674                	sb	a3,15(a2)
    25d0:	b7dd                	j	25b6 <EC_01G_GPS_Get+0xcc>
    25d2:	00fe0633          	add	a2,t3,a5
    25d6:	a214                	sb	a3,0(a2)
    25d8:	bff9                	j	25b6 <EC_01G_GPS_Get+0xcc>
    25da:	00f30633          	add	a2,t1,a5
    25de:	bfe5                	j	25d6 <EC_01G_GPS_Get+0xec>
    25e0:	05600693          	li	a3,86
    25e4:	f8d792e3          	bne	a5,a3,2568 <EC_01G_GPS_Get+0x7e>
    25e8:	00048023          	sb	zero,0(s1)
    25ec:	bfb5                	j	2568 <EC_01G_GPS_Get+0x7e>
    25ee:	8082                	ret

000025f0 <EC_01G_GPS_Handle>:
    25f0:	b59fd2ef          	jal	t0,148 <__riscv_save_10>
    25f4:	90018513          	addi	a0,gp,-1792 # 200002f0 <GPS_Date>
    25f8:	430060ef          	jal	ra,8a28 <atoi>
    25fc:	8aa1a823          	sw	a0,-1872(gp) # 200002a0 <Date>
    2600:	92c18513          	addi	a0,gp,-1748 # 2000031c <GPS_Time>
    2604:	424060ef          	jal	ra,8a28 <atoi>
    2608:	67d1                	lui	a5,0x14
    260a:	88078793          	addi	a5,a5,-1920 # 13880 <_data_lma+0x4604>
    260e:	0003b737          	lui	a4,0x3b
    2612:	97aa                	add	a5,a5,a0
    2614:	97f70713          	addi	a4,a4,-1665 # 3a97f <_data_lma+0x2b703>
    2618:	8b018413          	addi	s0,gp,-1872 # 200002a0 <Date>
    261c:	8cc18593          	addi	a1,gp,-1844 # 200002bc <Time>
    2620:	10f76b63          	bltu	a4,a5,2736 <EC_01G_GPS_Handle+0x146>
    2624:	c19c                	sw	a5,0(a1)
    2626:	4014                	lw	a3,0(s0)
    2628:	8d01a603          	lw	a2,-1840(gp) # 200002c0 <Time_Data>
    262c:	06400793          	li	a5,100
    2630:	02f6f733          	remu	a4,a3,a5
    2634:	90c18493          	addi	s1,gp,-1780 # 200002fc <GPS_Loaction>
    2638:	90c18513          	addi	a0,gp,-1780 # 200002fc <GPS_Loaction>
    263c:	8c818413          	addi	s0,gp,-1848 # 200002b8 <N>
    2640:	0000d937          	lui	s2,0xd
    2644:	a218                	sb	a4,0(a2)
    2646:	02f6d733          	divu	a4,a3,a5
    264a:	02f77733          	remu	a4,a4,a5
    264e:	b218                	sb	a4,1(a2)
    2650:	6709                	lui	a4,0x2
    2652:	71070713          	addi	a4,a4,1808 # 2710 <EC_01G_GPS_Handle+0x120>
    2656:	02e6d6b3          	divu	a3,a3,a4
    265a:	02f6f6b3          	remu	a3,a3,a5
    265e:	a234                	sb	a3,2(a2)
    2660:	4194                	lw	a3,0(a1)
    2662:	02e6d733          	divu	a4,a3,a4
    2666:	02f77733          	remu	a4,a4,a5
    266a:	b238                	sb	a4,3(a2)
    266c:	02f6d733          	divu	a4,a3,a5
    2670:	02f77733          	remu	a4,a4,a5
    2674:	02f6f7b3          	remu	a5,a3,a5
    2678:	a258                	sb	a4,4(a2)
    267a:	b25c                	sb	a5,5(a2)
    267c:	3a6060ef          	jal	ra,8a22 <atof>
    2680:	1ca060ef          	jal	ra,884a <__truncdfsf2>
    2684:	c008                	sw	a0,0(s0)
    2686:	00f48513          	addi	a0,s1,15
    268a:	398060ef          	jal	ra,8a22 <atof>
    268e:	8a2a                	mv	s4,a0
    2690:	8aae                	mv	s5,a1
    2692:	4008                	lw	a0,0(s0)
    2694:	b1892583          	lw	a1,-1256(s2) # cb18 <__trunctfdf2+0x2f8>
    2698:	47e050ef          	jal	ra,7b16 <__divsf3>
    269c:	84aa                	mv	s1,a0
    269e:	717050ef          	jal	ra,85b4 <__fixunssfsi>
    26a2:	89aa                	mv	s3,a0
    26a4:	02c060ef          	jal	ra,86d0 <__floatunsisf>
    26a8:	85aa                	mv	a1,a0
    26aa:	8526                	mv	a0,s1
    26ac:	31f050ef          	jal	ra,81ca <__subsf3>
    26b0:	0ee060ef          	jal	ra,879e <__extendsfdf2>
    26b4:	0000d4b7          	lui	s1,0xd
    26b8:	c884a603          	lw	a2,-888(s1) # cc88 <__trunctfdf2+0x468>
    26bc:	c8c4a683          	lw	a3,-884(s1)
    26c0:	39b030ef          	jal	ra,625a <__divdf3>
    26c4:	8b2a                	mv	s6,a0
    26c6:	854e                	mv	a0,s3
    26c8:	8bae                	mv	s7,a1
    26ca:	07a050ef          	jal	ra,7744 <__floatunsidf>
    26ce:	862a                	mv	a2,a0
    26d0:	86ae                	mv	a3,a1
    26d2:	855a                	mv	a0,s6
    26d4:	85de                	mv	a1,s7
    26d6:	454030ef          	jal	ra,5b2a <__adddf3>
    26da:	170060ef          	jal	ra,884a <__truncdfsf2>
    26de:	c008                	sw	a0,0(s0)
    26e0:	85d6                	mv	a1,s5
    26e2:	8552                	mv	a0,s4
    26e4:	166060ef          	jal	ra,884a <__truncdfsf2>
    26e8:	b1892583          	lw	a1,-1256(s2)
    26ec:	42a050ef          	jal	ra,7b16 <__divsf3>
    26f0:	892a                	mv	s2,a0
    26f2:	6c3050ef          	jal	ra,85b4 <__fixunssfsi>
    26f6:	8a2a                	mv	s4,a0
    26f8:	7d9050ef          	jal	ra,86d0 <__floatunsisf>
    26fc:	85aa                	mv	a1,a0
    26fe:	854a                	mv	a0,s2
    2700:	2cb050ef          	jal	ra,81ca <__subsf3>
    2704:	09a060ef          	jal	ra,879e <__extendsfdf2>
    2708:	c884a603          	lw	a2,-888(s1)
    270c:	c8c4a683          	lw	a3,-884(s1)
    2710:	34b030ef          	jal	ra,625a <__divdf3>
    2714:	892a                	mv	s2,a0
    2716:	8552                	mv	a0,s4
    2718:	89ae                	mv	s3,a1
    271a:	02a050ef          	jal	ra,7744 <__floatunsidf>
    271e:	862a                	mv	a2,a0
    2720:	86ae                	mv	a3,a1
    2722:	854a                	mv	a0,s2
    2724:	85ce                	mv	a1,s3
    2726:	404030ef          	jal	ra,5b2a <__adddf3>
    272a:	120060ef          	jal	ra,884a <__truncdfsf2>
    272e:	8aa1aa23          	sw	a0,-1868(gp) # 200002a4 <E>
    2732:	a4ffd06f          	j	180 <__riscv_restore_10>
    2736:	fffd97b7          	lui	a5,0xfffd9
    273a:	f0078793          	addi	a5,a5,-256 # fffd8f00 <_eusrstack+0xdffd3f00>
    273e:	953e                	add	a0,a0,a5
    2740:	c188                	sw	a0,0(a1)
    2742:	b5d5                	j	2626 <EC_01G_GPS_Handle+0x36>

00002744 <EC_01G_Send_Data>:
    2744:	9fdfd2ef          	jal	t0,140 <__riscv_save_12>
    2748:	715d                	addi	sp,sp,-80
    274a:	c2b2                	sw	a2,68(sp)
    274c:	c0b6                	sw	a3,64(sp)
    274e:	de42                	sw	a6,60(sp)
    2750:	c6aa                	sw	a0,76(sp)
    2752:	c4ae                	sw	a1,72(sp)
    2754:	843a                	mv	s0,a4
    2756:	89be                	mv	s3,a5
    2758:	8a018c23          	sb	zero,-1864(gp) # 200002a8 <EC_01G_IDLE_Flag>
    275c:	3e5000ef          	jal	ra,3340 <DMA_Usart2_Start>
    2760:	e91ff0ef          	jal	ra,25f0 <EC_01G_GPS_Handle>
    2764:	8d01a783          	lw	a5,-1840(gp) # 200002c0 <Time_Data>
    2768:	8b818493          	addi	s1,gp,-1864 # 200002a8 <EC_01G_IDLE_Flag>
    276c:	3398                	lbu	a4,1(a5)
    276e:	0007c903          	lbu	s2,0(a5)
    2772:	0027ca03          	lbu	s4,2(a5)
    2776:	0037ca83          	lbu	s5,3(a5)
    277a:	0047cd03          	lbu	s10,4(a5)
    277e:	0057cd83          	lbu	s11,5(a5)
    2782:	8c81a503          	lw	a0,-1848(gp) # 200002b8 <N>
    2786:	dc3a                	sw	a4,56(sp)
    2788:	7d090913          	addi	s2,s2,2000
    278c:	012060ef          	jal	ra,879e <__extendsfdf2>
    2790:	8b2a                	mv	s6,a0
    2792:	8b41a503          	lw	a0,-1868(gp) # 200002a4 <E>
    2796:	8bae                	mv	s7,a1
    2798:	006060ef          	jal	ra,879e <__extendsfdf2>
    279c:	8c51c783          	lbu	a5,-1851(gp) # 200002b5 <HALL_State>
    27a0:	8c2a                	mv	s8,a0
    27a2:	8cae                	mv	s9,a1
    27a4:	5872                	lw	a6,60(sp)
    27a6:	4686                	lw	a3,64(sp)
    27a8:	4616                	lw	a2,68(sp)
    27aa:	48a6                	lw	a7,72(sp)
    27ac:	4336                	lw	t1,76(sp)
    27ae:	c7d1                	beqz	a5,283a <EC_01G_Send_Data+0xf6>
    27b0:	8281a783          	lw	a5,-2008(gp) # 20000218 <ON>
    27b4:	08030663          	beqz	t1,2840 <EC_01G_Send_Data+0xfc>
    27b8:	8281a703          	lw	a4,-2008(gp) # 20000218 <ON>
    27bc:	8536                	mv	a0,a3
    27be:	c0ba                	sw	a4,64(sp)
    27c0:	de3e                	sw	a5,60(sp)
    27c2:	d642                	sw	a6,44(sp)
    27c4:	d446                	sw	a7,40(sp)
    27c6:	c2b2                	sw	a2,68(sp)
    27c8:	7d7050ef          	jal	ra,879e <__extendsfdf2>
    27cc:	4616                	lw	a2,68(sp)
    27ce:	d02a                	sw	a0,32(sp)
    27d0:	d22e                	sw	a1,36(sp)
    27d2:	8532                	mv	a0,a2
    27d4:	7cb050ef          	jal	ra,879e <__extendsfdf2>
    27d8:	4706                	lw	a4,64(sp)
    27da:	57f2                	lw	a5,60(sp)
    27dc:	5662                	lw	a2,56(sp)
    27de:	cc2a                	sw	a0,24(sp)
    27e0:	0000d537          	lui	a0,0xd
    27e4:	ce2e                	sw	a1,28(sp)
    27e6:	ca3a                	sw	a4,20(sp)
    27e8:	c83e                	sw	a5,16(sp)
    27ea:	8756                	mv	a4,s5
    27ec:	86d2                	mv	a3,s4
    27ee:	85ca                	mv	a1,s2
    27f0:	c462                	sw	s8,8(sp)
    27f2:	c666                	sw	s9,12(sp)
    27f4:	c05a                	sw	s6,0(sp)
    27f6:	c25e                	sw	s7,4(sp)
    27f8:	886e                	mv	a6,s11
    27fa:	87ea                	mv	a5,s10
    27fc:	ccc50513          	addi	a0,a0,-820 # cccc <__trunctfdf2+0x4ac>
    2800:	3f1000ef          	jal	ra,33f0 <EC01G_Printf>
    2804:	0000dab7          	lui	s5,0xd
    2808:	8a4a                	mv	s4,s2
    280a:	d98a8593          	addi	a1,s5,-616 # cd98 <__trunctfdf2+0x578>
    280e:	ac818513          	addi	a0,gp,-1336 # 200004b8 <Usart2_Rx_Data>
    2812:	5d1060ef          	jal	ra,95e2 <strstr>
    2816:	c905                	beqz	a0,2846 <EC_01G_Send_Data+0x102>
    2818:	0000d5b7          	lui	a1,0xd
    281c:	da458593          	addi	a1,a1,-604 # cda4 <__trunctfdf2+0x584>
    2820:	ac818513          	addi	a0,gp,-1336 # 200004b8 <Usart2_Rx_Data>
    2824:	5bf060ef          	jal	ra,95e2 <strstr>
    2828:	4781                	li	a5,0
    282a:	e119                	bnez	a0,2830 <EC_01G_Send_Data+0xec>
    282c:	008037b3          	snez	a5,s0
    2830:	00f98023          	sb	a5,0(s3)
    2834:	6161                	addi	sp,sp,80
    2836:	947fd06f          	j	17c <__riscv_restore_12>
    283a:	8201a783          	lw	a5,-2016(gp) # 20000210 <OFF>
    283e:	bf9d                	j	27b4 <EC_01G_Send_Data+0x70>
    2840:	8201a703          	lw	a4,-2016(gp) # 20000210 <OFF>
    2844:	bfa5                	j	27bc <EC_01G_Send_Data+0x78>
    2846:	4505                	li	a0,1
    2848:	4c8010ef          	jal	ra,3d10 <Delay_Ms>
    284c:	209c                	lbu	a5,0(s1)
    284e:	c789                	beqz	a5,2858 <EC_01G_Send_Data+0x114>
    2850:	00048023          	sb	zero,0(s1)
    2854:	2ed000ef          	jal	ra,3340 <DMA_Usart2_Start>
    2858:	d061                	beqz	s0,2818 <EC_01G_Send_Data+0xd4>
    285a:	147d                	addi	s0,s0,-1
    285c:	0442                	slli	s0,s0,0x10
    285e:	8041                	srli	s0,s0,0x10
    2860:	b76d                	j	280a <EC_01G_Send_Data+0xc6>

00002862 <Icm_SPI_ReadWriteNByte>:
    2862:	90ffd2ef          	jal	t0,170 <__riscv_save_0>
    2866:	842a                	mv	s0,a0
    2868:	00b504b3          	add	s1,a0,a1
    286c:	00941463          	bne	s0,s1,2874 <Icm_SPI_ReadWriteNByte+0x12>
    2870:	925fd06f          	j	194 <__riscv_restore_0>
    2874:	2008                	lbu	a0,0(s0)
    2876:	0405                	addi	s0,s0,1
    2878:	60e000ef          	jal	ra,2e86 <MySPI_WriteReadByte>
    287c:	fea40fa3          	sb	a0,-1(s0)
    2880:	b7f5                	j	286c <Icm_SPI_ReadWriteNByte+0xa>

00002882 <Icm42688_Read_Reg>:
    2882:	8effd2ef          	jal	t0,170 <__riscv_save_0>
    2886:	1101                	addi	sp,sp,-32
    2888:	87c8                	sb	a0,15(sp)
    288a:	00010fa3          	sb	zero,31(sp)
    288e:	5c8000ef          	jal	ra,2e56 <MySPI_Start>
    2892:	879c                	lbu	a5,15(sp)
    2894:	00f10513          	addi	a0,sp,15
    2898:	4585                	li	a1,1
    289a:	f807e793          	ori	a5,a5,-128
    289e:	87dc                	sb	a5,15(sp)
    28a0:	fc3ff0ef          	jal	ra,2862 <Icm_SPI_ReadWriteNByte>
    28a4:	01f10513          	addi	a0,sp,31
    28a8:	4585                	li	a1,1
    28aa:	fb9ff0ef          	jal	ra,2862 <Icm_SPI_ReadWriteNByte>
    28ae:	5c0000ef          	jal	ra,2e6e <MySPI_Stop>
    28b2:	01f14503          	lbu	a0,31(sp)
    28b6:	6105                	addi	sp,sp,32
    28b8:	8ddfd06f          	j	194 <__riscv_restore_0>

000028bc <Icm42688_Write_Reg>:
    28bc:	8b5fd2ef          	jal	t0,170 <__riscv_save_0>
    28c0:	1141                	addi	sp,sp,-16
    28c2:	87c8                	sb	a0,15(sp)
    28c4:	874c                	sb	a1,14(sp)
    28c6:	590000ef          	jal	ra,2e56 <MySPI_Start>
    28ca:	00f10513          	addi	a0,sp,15
    28ce:	4585                	li	a1,1
    28d0:	f93ff0ef          	jal	ra,2862 <Icm_SPI_ReadWriteNByte>
    28d4:	00e10513          	addi	a0,sp,14
    28d8:	4585                	li	a1,1
    28da:	f89ff0ef          	jal	ra,2862 <Icm_SPI_ReadWriteNByte>
    28de:	590000ef          	jal	ra,2e6e <MySPI_Stop>
    28e2:	4501                	li	a0,0
    28e4:	0141                	addi	sp,sp,16
    28e6:	8affd06f          	j	194 <__riscv_restore_0>

000028ea <Icm42688_Read_Regs>:
    28ea:	887fd2ef          	jal	t0,170 <__riscv_save_0>
    28ee:	1141                	addi	sp,sp,-16
    28f0:	f8056513          	ori	a0,a0,-128
    28f4:	842e                	mv	s0,a1
    28f6:	c432                	sw	a2,8(sp)
    28f8:	87c8                	sb	a0,15(sp)
    28fa:	2bb1                	jal	2e56 <MySPI_Start>
    28fc:	00f10513          	addi	a0,sp,15
    2900:	4585                	li	a1,1
    2902:	f61ff0ef          	jal	ra,2862 <Icm_SPI_ReadWriteNByte>
    2906:	4622                	lw	a2,8(sp)
    2908:	8522                	mv	a0,s0
    290a:	0ff67593          	andi	a1,a2,255
    290e:	f55ff0ef          	jal	ra,2862 <Icm_SPI_ReadWriteNByte>
    2912:	2bb1                	jal	2e6e <MySPI_Stop>
    2914:	0141                	addi	sp,sp,16
    2916:	87ffd06f          	j	194 <__riscv_restore_0>

0000291a <Icm42688RegCfg>:
    291a:	857fd2ef          	jal	t0,170 <__riscv_save_0>
    291e:	07500513          	li	a0,117
    2922:	f61ff0ef          	jal	ra,2882 <Icm42688_Read_Reg>
    2926:	4581                	li	a1,0
    2928:	842a                	mv	s0,a0
    292a:	07600513          	li	a0,118
    292e:	f8fff0ef          	jal	ra,28bc <Icm42688_Write_Reg>
    2932:	4585                	li	a1,1
    2934:	4545                	li	a0,17
    2936:	f87ff0ef          	jal	ra,28bc <Icm42688_Write_Reg>
    293a:	06400513          	li	a0,100
    293e:	3d2010ef          	jal	ra,3d10 <Delay_Ms>
    2942:	4519                	li	a0,6
    2944:	0f4060ef          	jal	ra,8a38 <malloc>
    2948:	8ca1ac23          	sw	a0,-1832(gp) # 200002c8 <Test_AccData>
    294c:	4519                	li	a0,6
    294e:	0ea060ef          	jal	ra,8a38 <malloc>
    2952:	8ca1ae23          	sw	a0,-1828(gp) # 200002cc <Test_GyroData>
    2956:	04700793          	li	a5,71
    295a:	557d                	li	a0,-1
    295c:	12f41363          	bne	s0,a5,2a82 <Icm42688RegCfg+0x168>
    2960:	4585                	li	a1,1
    2962:	07600513          	li	a0,118
    2966:	f57ff0ef          	jal	ra,28bc <Icm42688_Write_Reg>
    296a:	4589                	li	a1,2
    296c:	07a00513          	li	a0,122
    2970:	f4dff0ef          	jal	ra,28bc <Icm42688_Write_Reg>
    2974:	4581                	li	a1,0
    2976:	07600513          	li	a0,118
    297a:	f43ff0ef          	jal	ra,28bc <Icm42688_Write_Reg>
    297e:	04000593          	li	a1,64
    2982:	4559                	li	a0,22
    2984:	f39ff0ef          	jal	ra,28bc <Icm42688_Write_Reg>
    2988:	06500513          	li	a0,101
    298c:	ef7ff0ef          	jal	ra,2882 <Icm42688_Read_Reg>
    2990:	842a                	mv	s0,a0
    2992:	4581                	li	a1,0
    2994:	06500513          	li	a0,101
    2998:	f25ff0ef          	jal	ra,28bc <Icm42688_Write_Reg>
    299c:	4581                	li	a1,0
    299e:	06000513          	li	a0,96
    29a2:	f1bff0ef          	jal	ra,28bc <Icm42688_Write_Reg>
    29a6:	4589                	li	a1,2
    29a8:	06100513          	li	a0,97
    29ac:	f11ff0ef          	jal	ra,28bc <Icm42688_Write_Reg>
    29b0:	85a2                	mv	a1,s0
    29b2:	06500513          	li	a0,101
    29b6:	f07ff0ef          	jal	ra,28bc <Icm42688_Write_Reg>
    29ba:	06300593          	li	a1,99
    29be:	05f00513          	li	a0,95
    29c2:	efbff0ef          	jal	ra,28bc <Icm42688_Write_Reg>
    29c6:	4581                	li	a1,0
    29c8:	07600513          	li	a0,118
    29cc:	ef1ff0ef          	jal	ra,28bc <Icm42688_Write_Reg>
    29d0:	03600593          	li	a1,54
    29d4:	4551                	li	a0,20
    29d6:	ee7ff0ef          	jal	ra,28bc <Icm42688_Write_Reg>
    29da:	4581                	li	a1,0
    29dc:	07600513          	li	a0,118
    29e0:	eddff0ef          	jal	ra,28bc <Icm42688_Write_Reg>
    29e4:	06500513          	li	a0,101
    29e8:	e9bff0ef          	jal	ra,2882 <Icm42688_Read_Reg>
    29ec:	00456593          	ori	a1,a0,4
    29f0:	0ff5f593          	andi	a1,a1,255
    29f4:	06500513          	li	a0,101
    29f8:	ec5ff0ef          	jal	ra,28bc <Icm42688_Write_Reg>
    29fc:	0000d737          	lui	a4,0xd
    2a00:	e8072703          	lw	a4,-384(a4) # ce80 <__trunctfdf2+0x660>
    2a04:	4581                	li	a1,0
    2a06:	07600513          	li	a0,118
    2a0a:	82e1aa23          	sw	a4,-1996(gp) # 20000224 <AccSensitivity>
    2a0e:	eafff0ef          	jal	ra,28bc <Icm42688_Write_Reg>
    2a12:	05000513          	li	a0,80
    2a16:	e6dff0ef          	jal	ra,2882 <Icm42688_Read_Reg>
    2a1a:	02956593          	ori	a1,a0,41
    2a1e:	0ff5f593          	andi	a1,a1,255
    2a22:	05000513          	li	a0,80
    2a26:	e97ff0ef          	jal	ra,28bc <Icm42688_Write_Reg>
    2a2a:	0000d737          	lui	a4,0xd
    2a2e:	ea072703          	lw	a4,-352(a4) # cea0 <__trunctfdf2+0x680>
    2a32:	4581                	li	a1,0
    2a34:	07600513          	li	a0,118
    2a38:	82e1ac23          	sw	a4,-1992(gp) # 20000228 <GyroSensitivity>
    2a3c:	e81ff0ef          	jal	ra,28bc <Icm42688_Write_Reg>
    2a40:	04f00513          	li	a0,79
    2a44:	e3fff0ef          	jal	ra,2882 <Icm42688_Read_Reg>
    2a48:	02956593          	ori	a1,a0,41
    2a4c:	0ff5f593          	andi	a1,a1,255
    2a50:	04f00513          	li	a0,79
    2a54:	e69ff0ef          	jal	ra,28bc <Icm42688_Write_Reg>
    2a58:	4581                	li	a1,0
    2a5a:	07600513          	li	a0,118
    2a5e:	e5fff0ef          	jal	ra,28bc <Icm42688_Write_Reg>
    2a62:	04e00513          	li	a0,78
    2a66:	e1dff0ef          	jal	ra,2882 <Icm42688_Read_Reg>
    2a6a:	0df57593          	andi	a1,a0,223
    2a6e:	00f5e593          	ori	a1,a1,15
    2a72:	04e00513          	li	a0,78
    2a76:	e47ff0ef          	jal	ra,28bc <Icm42688_Write_Reg>
    2a7a:	4505                	li	a0,1
    2a7c:	294010ef          	jal	ra,3d10 <Delay_Ms>
    2a80:	4501                	li	a0,0
    2a82:	f12fd06f          	j	194 <__riscv_restore_0>

00002a86 <ICM42688_Init>:
    2a86:	eeafd2ef          	jal	t0,170 <__riscv_save_0>
    2a8a:	2625                	jal	2db2 <MySPI_Init>
    2a8c:	4515                	li	a0,5
    2a8e:	282010ef          	jal	ra,3d10 <Delay_Ms>
    2a92:	e89ff0ef          	jal	ra,291a <Icm42688RegCfg>
    2a96:	efefd06f          	j	194 <__riscv_restore_0>

00002a9a <ICMGetRawData>:
    2a9a:	ed6fd2ef          	jal	t0,170 <__riscv_save_0>
    2a9e:	1141                	addi	sp,sp,-16
    2aa0:	4631                	li	a2,12
    2aa2:	842a                	mv	s0,a0
    2aa4:	84ae                	mv	s1,a1
    2aa6:	457d                	li	a0,31
    2aa8:	004c                	addi	a1,sp,4
    2aaa:	c202                	sw	zero,4(sp)
    2aac:	c402                	sw	zero,8(sp)
    2aae:	c602                	sw	zero,12(sp)
    2ab0:	e3bff0ef          	jal	ra,28ea <Icm42688_Read_Regs>
    2ab4:	821c                	lbu	a5,4(sp)
    2ab6:	8298                	lbu	a4,5(sp)
    2ab8:	07a2                	slli	a5,a5,0x8
    2aba:	8fd9                	or	a5,a5,a4
    2abc:	a01e                	sh	a5,0(s0)
    2abe:	831c                	lbu	a5,6(sp)
    2ac0:	8398                	lbu	a4,7(sp)
    2ac2:	07a2                	slli	a5,a5,0x8
    2ac4:	8fd9                	or	a5,a5,a4
    2ac6:	a03e                	sh	a5,2(s0)
    2ac8:	841c                	lbu	a5,8(sp)
    2aca:	8498                	lbu	a4,9(sp)
    2acc:	07a2                	slli	a5,a5,0x8
    2ace:	8fd9                	or	a5,a5,a4
    2ad0:	a05e                	sh	a5,4(s0)
    2ad2:	851c                	lbu	a5,10(sp)
    2ad4:	8598                	lbu	a4,11(sp)
    2ad6:	07a2                	slli	a5,a5,0x8
    2ad8:	8fd9                	or	a5,a5,a4
    2ada:	a09e                	sh	a5,0(s1)
    2adc:	861c                	lbu	a5,12(sp)
    2ade:	8698                	lbu	a4,13(sp)
    2ae0:	00041503          	lh	a0,0(s0)
    2ae4:	07a2                	slli	a5,a5,0x8
    2ae6:	8fd9                	or	a5,a5,a4
    2ae8:	a0be                	sh	a5,2(s1)
    2aea:	871c                	lbu	a5,14(sp)
    2aec:	8798                	lbu	a4,15(sp)
    2aee:	07a2                	slli	a5,a5,0x8
    2af0:	8fd9                	or	a5,a5,a4
    2af2:	a0de                	sh	a5,4(s1)
    2af4:	8341a903          	lw	s2,-1996(gp) # 20000224 <AccSensitivity>
    2af8:	313050ef          	jal	ra,860a <__floatsisf>
    2afc:	85ca                	mv	a1,s2
    2afe:	438050ef          	jal	ra,7f36 <__mulsf3>
    2b02:	251050ef          	jal	ra,8552 <__fixsfsi>
    2b06:	a00a                	sh	a0,0(s0)
    2b08:	00241503          	lh	a0,2(s0)
    2b0c:	2ff050ef          	jal	ra,860a <__floatsisf>
    2b10:	85ca                	mv	a1,s2
    2b12:	424050ef          	jal	ra,7f36 <__mulsf3>
    2b16:	23d050ef          	jal	ra,8552 <__fixsfsi>
    2b1a:	a02a                	sh	a0,2(s0)
    2b1c:	00441503          	lh	a0,4(s0)
    2b20:	2eb050ef          	jal	ra,860a <__floatsisf>
    2b24:	85ca                	mv	a1,s2
    2b26:	410050ef          	jal	ra,7f36 <__mulsf3>
    2b2a:	229050ef          	jal	ra,8552 <__fixsfsi>
    2b2e:	a04a                	sh	a0,4(s0)
    2b30:	00049503          	lh	a0,0(s1)
    2b34:	8381a903          	lw	s2,-1992(gp) # 20000228 <GyroSensitivity>
    2b38:	2d3050ef          	jal	ra,860a <__floatsisf>
    2b3c:	85ca                	mv	a1,s2
    2b3e:	3f8050ef          	jal	ra,7f36 <__mulsf3>
    2b42:	211050ef          	jal	ra,8552 <__fixsfsi>
    2b46:	a08a                	sh	a0,0(s1)
    2b48:	00249503          	lh	a0,2(s1)
    2b4c:	2bf050ef          	jal	ra,860a <__floatsisf>
    2b50:	85ca                	mv	a1,s2
    2b52:	3e4050ef          	jal	ra,7f36 <__mulsf3>
    2b56:	1fd050ef          	jal	ra,8552 <__fixsfsi>
    2b5a:	a0aa                	sh	a0,2(s1)
    2b5c:	00449503          	lh	a0,4(s1)
    2b60:	2ab050ef          	jal	ra,860a <__floatsisf>
    2b64:	85ca                	mv	a1,s2
    2b66:	3d0050ef          	jal	ra,7f36 <__mulsf3>
    2b6a:	1e9050ef          	jal	ra,8552 <__fixsfsi>
    2b6e:	201e                	lhu	a5,0(s0)
    2b70:	a0ca                	sh	a0,4(s1)
    2b72:	40f007b3          	neg	a5,a5
    2b76:	a01e                	sh	a5,0(s0)
    2b78:	203e                	lhu	a5,2(s0)
    2b7a:	40f007b3          	neg	a5,a5
    2b7e:	a03e                	sh	a5,2(s0)
    2b80:	205e                	lhu	a5,4(s0)
    2b82:	40f007b3          	neg	a5,a5
    2b86:	a05e                	sh	a5,4(s0)
    2b88:	209e                	lhu	a5,0(s1)
    2b8a:	40f007b3          	neg	a5,a5
    2b8e:	a09e                	sh	a5,0(s1)
    2b90:	20be                	lhu	a5,2(s1)
    2b92:	40f007b3          	neg	a5,a5
    2b96:	a0be                	sh	a5,2(s1)
    2b98:	0141                	addi	sp,sp,16
    2b9a:	dfafd06f          	j	194 <__riscv_restore_0>

00002b9e <ICM_GetAngle>:
    2b9e:	db8fd2ef          	jal	t0,156 <__riscv_save_4>
    2ba2:	8dc18493          	addi	s1,gp,-1828 # 200002cc <Test_GyroData>
    2ba6:	8d818413          	addi	s0,gp,-1832 # 200002c8 <Test_AccData>
    2baa:	408c                	lw	a1,0(s1)
    2bac:	4008                	lw	a0,0(s0)
    2bae:	1141                	addi	sp,sp,-16
    2bb0:	eebff0ef          	jal	ra,2a9a <ICMGetRawData>
    2bb4:	00042903          	lw	s2,0(s0)
    2bb8:	0004a983          	lw	s3,0(s1)
    2bbc:	0000d4b7          	lui	s1,0xd
    2bc0:	00491503          	lh	a0,4(s2)
    2bc4:	0000d437          	lui	s0,0xd
    2bc8:	243050ef          	jal	ra,860a <__floatsisf>
    2bcc:	e684a583          	lw	a1,-408(s1) # ce68 <__trunctfdf2+0x648>
    2bd0:	366050ef          	jal	ra,7f36 <__mulsf3>
    2bd4:	e6c42583          	lw	a1,-404(s0) # ce6c <__trunctfdf2+0x64c>
    2bd8:	35e050ef          	jal	ra,7f36 <__mulsf3>
    2bdc:	c62a                	sw	a0,12(sp)
    2bde:	00291503          	lh	a0,2(s2)
    2be2:	229050ef          	jal	ra,860a <__floatsisf>
    2be6:	e684a583          	lw	a1,-408(s1)
    2bea:	34c050ef          	jal	ra,7f36 <__mulsf3>
    2bee:	e6c42583          	lw	a1,-404(s0)
    2bf2:	344050ef          	jal	ra,7f36 <__mulsf3>
    2bf6:	c42a                	sw	a0,8(sp)
    2bf8:	00091503          	lh	a0,0(s2)
    2bfc:	0000d937          	lui	s2,0xd
    2c00:	20b050ef          	jal	ra,860a <__floatsisf>
    2c04:	e684a583          	lw	a1,-408(s1)
    2c08:	0000d4b7          	lui	s1,0xd
    2c0c:	32a050ef          	jal	ra,7f36 <__mulsf3>
    2c10:	e6c42583          	lw	a1,-404(s0)
    2c14:	0000d437          	lui	s0,0xd
    2c18:	31e050ef          	jal	ra,7f36 <__mulsf3>
    2c1c:	c22a                	sw	a0,4(sp)
    2c1e:	00499503          	lh	a0,4(s3)
    2c22:	1e9050ef          	jal	ra,860a <__floatsisf>
    2c26:	e7092583          	lw	a1,-400(s2) # ce70 <__trunctfdf2+0x650>
    2c2a:	30c050ef          	jal	ra,7f36 <__mulsf3>
    2c2e:	b784a583          	lw	a1,-1160(s1) # cb78 <__trunctfdf2+0x358>
    2c32:	6e5040ef          	jal	ra,7b16 <__divsf3>
    2c36:	e7442583          	lw	a1,-396(s0) # ce74 <__trunctfdf2+0x654>
    2c3a:	2fc050ef          	jal	ra,7f36 <__mulsf3>
    2c3e:	c02a                	sw	a0,0(sp)
    2c40:	00299503          	lh	a0,2(s3)
    2c44:	1c7050ef          	jal	ra,860a <__floatsisf>
    2c48:	e7092583          	lw	a1,-400(s2)
    2c4c:	2ea050ef          	jal	ra,7f36 <__mulsf3>
    2c50:	b784a583          	lw	a1,-1160(s1)
    2c54:	6c3040ef          	jal	ra,7b16 <__divsf3>
    2c58:	e7442583          	lw	a1,-396(s0)
    2c5c:	2da050ef          	jal	ra,7f36 <__mulsf3>
    2c60:	8a2a                	mv	s4,a0
    2c62:	00099503          	lh	a0,0(s3)
    2c66:	1a5050ef          	jal	ra,860a <__floatsisf>
    2c6a:	e7092583          	lw	a1,-400(s2)
    2c6e:	2c8050ef          	jal	ra,7f36 <__mulsf3>
    2c72:	b784a583          	lw	a1,-1160(s1)
    2c76:	6a1040ef          	jal	ra,7b16 <__divsf3>
    2c7a:	e7442583          	lw	a1,-396(s0)
    2c7e:	2b8050ef          	jal	ra,7f36 <__mulsf3>
    2c82:	47b2                	lw	a5,12(sp)
    2c84:	4722                	lw	a4,8(sp)
    2c86:	4692                	lw	a3,4(sp)
    2c88:	4602                	lw	a2,0(sp)
    2c8a:	85d2                	mv	a1,s4
    2c8c:	8e8ff0ef          	jal	ra,1d74 <IMUupdate>
    2c90:	0141                	addi	sp,sp,16
    2c92:	cf8fd06f          	j	18a <__riscv_restore_4>

00002c96 <calculate_tilt_angle>:
    2c96:	cdafd2ef          	jal	t0,170 <__riscv_save_0>
    2c9a:	84ae                	mv	s1,a1
    2c9c:	85aa                	mv	a1,a0
    2c9e:	298050ef          	jal	ra,7f36 <__mulsf3>
    2ca2:	842a                	mv	s0,a0
    2ca4:	85a6                	mv	a1,s1
    2ca6:	8526                	mv	a0,s1
    2ca8:	28e050ef          	jal	ra,7f36 <__mulsf3>
    2cac:	85aa                	mv	a1,a0
    2cae:	8522                	mv	a0,s0
    2cb0:	2fd040ef          	jal	ra,77ac <__addsf3>
    2cb4:	2eb050ef          	jal	ra,879e <__extendsfdf2>
    2cb8:	49c010ef          	jal	ra,4154 <sqrt>
    2cbc:	38f050ef          	jal	ra,884a <__truncdfsf2>
    2cc0:	8ca1aa23          	sw	a0,-1836(gp) # 200002c4 <Qingxiejiao>
    2cc4:	cd0fd06f          	j	194 <__riscv_restore_0>

00002cc8 <MyRTC_Init>:
    2cc8:	ca8fd2ef          	jal	t0,170 <__riscv_save_0>
    2ccc:	4585                	li	a1,1
    2cce:	10000537          	lui	a0,0x10000
    2cd2:	f9efe0ef          	jal	ra,1470 <RCC_PB1PeriphClockCmd>
    2cd6:	4585                	li	a1,1
    2cd8:	08000537          	lui	a0,0x8000
    2cdc:	f94fe0ef          	jal	ra,1470 <RCC_PB1PeriphClockCmd>
    2ce0:	4505                	li	a0,1
    2ce2:	d7cfe0ef          	jal	ra,125e <PWR_BackupAccessCmd>
    2ce6:	4505                	li	a0,1
    2ce8:	e36fe0ef          	jal	ra,131e <RCC_LSICmd>
    2cec:	4405                	li	s0,1
    2cee:	06100513          	li	a0,97
    2cf2:	fbafe0ef          	jal	ra,14ac <RCC_GetFlagStatus>
    2cf6:	fe851ce3          	bne	a0,s0,2cee <MyRTC_Init+0x26>
    2cfa:	20000513          	li	a0,512
    2cfe:	e34fe0ef          	jal	ra,1332 <RCC_RTCCLKConfig>
    2d02:	4505                	li	a0,1
    2d04:	e3afe0ef          	jal	ra,133e <RCC_RTCCLKCmd>
    2d08:	8d7fe0ef          	jal	ra,15de <RTC_WaitForSynchro>
    2d0c:	8c3fe0ef          	jal	ra,15ce <RTC_WaitForLastTask>
    2d10:	6525                	lui	a0,0x9
    2d12:	46f50513          	addi	a0,a0,1135 # 946f <_printf_i+0x16d>
    2d16:	867fe0ef          	jal	ra,157c <RTC_SetPrescaler>
    2d1a:	8b5fe0ef          	jal	ra,15ce <RTC_WaitForLastTask>
    2d1e:	4501                	li	a0,0
    2d20:	835fe0ef          	jal	ra,1554 <RTC_SetCounter>
    2d24:	8abfe0ef          	jal	ra,15ce <RTC_WaitForLastTask>
    2d28:	65a9                	lui	a1,0xa
    2d2a:	5a558593          	addi	a1,a1,1445 # a5a5 <quorem+0x123>
    2d2e:	4511                	li	a0,4
    2d30:	804fe0ef          	jal	ra,d34 <BKP_WriteBackupRegister>
    2d34:	c60fd06f          	j	194 <__riscv_restore_0>

00002d38 <RTC_SetClock>:
    2d38:	c38fd2ef          	jal	t0,170 <__riscv_save_0>
    2d3c:	1101                	addi	sp,sp,-32
    2d3e:	891fe0ef          	jal	ra,15ce <RTC_WaitForLastTask>
    2d42:	fdcfe0ef          	jal	ra,151e <RTC_GetCounter>
    2d46:	84a19a23          	sh	a0,-1964(gp) # 20000244 <Rtc_Clock>
    2d4a:	885fe0ef          	jal	ra,15ce <RTC_WaitForLastTask>
    2d4e:	8541d503          	lhu	a0,-1964(gp) # 20000244 <Rtc_Clock>
    2d52:	0551                	addi	a0,a0,20
    2d54:	0542                	slli	a0,a0,0x10
    2d56:	8141                	srli	a0,a0,0x10
    2d58:	84a19a23          	sh	a0,-1964(gp) # 20000244 <Rtc_Clock>
    2d5c:	84bfe0ef          	jal	ra,15a6 <RTC_SetAlarm>
    2d60:	86ffe0ef          	jal	ra,15ce <RTC_WaitForLastTask>
    2d64:	4585                	li	a1,1
    2d66:	4509                	li	a0,2
    2d68:	f72fe0ef          	jal	ra,14da <RTC_ITConfig>
    2d6c:	863fe0ef          	jal	ra,15ce <RTC_WaitForLastTask>
    2d70:	000207b7          	lui	a5,0x20
    2d74:	4405                	li	s0,1
    2d76:	c83e                	sw	a5,16(sp)
    2d78:	0808                	addi	a0,sp,16
    2d7a:	47a1                	li	a5,8
    2d7c:	cc3e                	sw	a5,24(sp)
    2d7e:	ce22                	sw	s0,28(sp)
    2d80:	ca02                	sw	zero,20(sp)
    2d82:	834fe0ef          	jal	ra,db6 <EXTI_Init>
    2d86:	03900793          	li	a5,57
    2d8a:	0028                	addi	a0,sp,8
    2d8c:	847c                	sh	a5,8(sp)
    2d8e:	8540                	sb	s0,10(sp)
    2d90:	c622                	sw	s0,12(sp)
    2d92:	c6afe0ef          	jal	ra,11fc <NVIC_Init>
    2d96:	6105                	addi	sp,sp,32
    2d98:	bfcfd06f          	j	194 <__riscv_restore_0>

00002d9c <Enter_StopMode>:
    2d9c:	bd4fd2ef          	jal	t0,170 <__riscv_save_0>
    2da0:	4509                	li	a0,2
    2da2:	861fe0ef          	jal	ra,1602 <RTC_ClearFlag>
    2da6:	4585                	li	a1,1
    2da8:	4501                	li	a0,0
    2daa:	ccafe0ef          	jal	ra,1274 <PWR_EnterSTOPMode>
    2dae:	be6fd06f          	j	194 <__riscv_restore_0>

00002db2 <MySPI_Init>:
    2db2:	bbefd2ef          	jal	t0,170 <__riscv_save_0>
    2db6:	6505                	lui	a0,0x1
    2db8:	1101                	addi	sp,sp,-32
    2dba:	4585                	li	a1,1
    2dbc:	0511                	addi	a0,a0,4
    2dbe:	e94fe0ef          	jal	ra,1452 <RCC_PB2PeriphClockCmd>
    2dc2:	40011437          	lui	s0,0x40011
    2dc6:	47c1                	li	a5,16
    2dc8:	448d                	li	s1,3
    2dca:	858a                	mv	a1,sp
    2dcc:	80040513          	addi	a0,s0,-2048 # 40010800 <_eusrstack+0x2000b800>
    2dd0:	c43e                	sw	a5,8(sp)
    2dd2:	807c                	sh	a5,0(sp)
    2dd4:	c226                	sw	s1,4(sp)
    2dd6:	854fe0ef          	jal	ra,e2a <GPIO_Init>
    2dda:	47e1                	li	a5,24
    2ddc:	c43e                	sw	a5,8(sp)
    2dde:	858a                	mv	a1,sp
    2de0:	0a000793          	li	a5,160
    2de4:	80040513          	addi	a0,s0,-2048
    2de8:	807c                	sh	a5,0(sp)
    2dea:	c226                	sw	s1,4(sp)
    2dec:	83efe0ef          	jal	ra,e2a <GPIO_Init>
    2df0:	04800793          	li	a5,72
    2df4:	c43e                	sw	a5,8(sp)
    2df6:	858a                	mv	a1,sp
    2df8:	04000793          	li	a5,64
    2dfc:	80040513          	addi	a0,s0,-2048
    2e00:	807c                	sh	a5,0(sp)
    2e02:	c226                	sw	s1,4(sp)
    2e04:	826fe0ef          	jal	ra,e2a <GPIO_Init>
    2e08:	4585                	li	a1,1
    2e0a:	6505                	lui	a0,0x1
    2e0c:	e82fe0ef          	jal	ra,148e <RCC_PB2PeriphResetCmd>
    2e10:	4581                	li	a1,0
    2e12:	6505                	lui	a0,0x1
    2e14:	e7afe0ef          	jal	ra,148e <RCC_PB2PeriphResetCmd>
    2e18:	010407b7          	lui	a5,0x1040
    2e1c:	c63e                	sw	a5,12(sp)
    2e1e:	020007b7          	lui	a5,0x2000
    2e22:	ca3e                	sw	a5,20(sp)
    2e24:	03800793          	li	a5,56
    2e28:	cc3e                	sw	a5,24(sp)
    2e2a:	006c                	addi	a1,sp,12
    2e2c:	479d                	li	a5,7
    2e2e:	40013537          	lui	a0,0x40013
    2e32:	86fc                	sh	a5,28(sp)
    2e34:	c802                	sw	zero,16(sp)
    2e36:	80bfe0ef          	jal	ra,1640 <SPI_Init>
    2e3a:	4585                	li	a1,1
    2e3c:	40013537          	lui	a0,0x40013
    2e40:	833fe0ef          	jal	ra,1672 <SPI_Cmd>
    2e44:	4605                	li	a2,1
    2e46:	45c1                	li	a1,16
    2e48:	80040513          	addi	a0,s0,-2048
    2e4c:	8b0fe0ef          	jal	ra,efc <GPIO_WriteBit>
    2e50:	6105                	addi	sp,sp,32
    2e52:	b42fd06f          	j	194 <__riscv_restore_0>

00002e56 <MySPI_Start>:
    2e56:	b1afd2ef          	jal	t0,170 <__riscv_save_0>
    2e5a:	40011537          	lui	a0,0x40011
    2e5e:	4601                	li	a2,0
    2e60:	45c1                	li	a1,16
    2e62:	80050513          	addi	a0,a0,-2048 # 40010800 <_eusrstack+0x2000b800>
    2e66:	896fe0ef          	jal	ra,efc <GPIO_WriteBit>
    2e6a:	b2afd06f          	j	194 <__riscv_restore_0>

00002e6e <MySPI_Stop>:
    2e6e:	b02fd2ef          	jal	t0,170 <__riscv_save_0>
    2e72:	40011537          	lui	a0,0x40011
    2e76:	4605                	li	a2,1
    2e78:	45c1                	li	a1,16
    2e7a:	80050513          	addi	a0,a0,-2048 # 40010800 <_eusrstack+0x2000b800>
    2e7e:	87efe0ef          	jal	ra,efc <GPIO_WriteBit>
    2e82:	b12fd06f          	j	194 <__riscv_restore_0>

00002e86 <MySPI_WriteReadByte>:
    2e86:	aeafd2ef          	jal	t0,170 <__riscv_save_0>
    2e8a:	842a                	mv	s0,a0
    2e8c:	4485                	li	s1,1
    2e8e:	4589                	li	a1,2
    2e90:	40013537          	lui	a0,0x40013
    2e94:	801fe0ef          	jal	ra,1694 <SPI_I2S_GetFlagStatus>
    2e98:	fe951be3          	bne	a0,s1,2e8e <MySPI_WriteReadByte+0x8>
    2e9c:	85a2                	mv	a1,s0
    2e9e:	40013537          	lui	a0,0x40013
    2ea2:	feafe0ef          	jal	ra,168c <SPI_I2S_SendData>
    2ea6:	4585                	li	a1,1
    2ea8:	40013537          	lui	a0,0x40013
    2eac:	fe8fe0ef          	jal	ra,1694 <SPI_I2S_GetFlagStatus>
    2eb0:	4785                	li	a5,1
    2eb2:	fef51ae3          	bne	a0,a5,2ea6 <MySPI_WriteReadByte+0x20>
    2eb6:	40013537          	lui	a0,0x40013
    2eba:	fd6fe0ef          	jal	ra,1690 <SPI_I2S_ReceiveData>
    2ebe:	0ff57513          	andi	a0,a0,255
    2ec2:	ad2fd06f          	j	194 <__riscv_restore_0>

00002ec6 <BEEP_Init>:
    2ec6:	aaafd2ef          	jal	t0,170 <__riscv_save_0>
    2eca:	1141                	addi	sp,sp,-16
    2ecc:	4585                	li	a1,1
    2ece:	4521                	li	a0,8
    2ed0:	d82fe0ef          	jal	ra,1452 <RCC_PB2PeriphClockCmd>
    2ed4:	47c1                	li	a5,16
    2ed6:	c63e                	sw	a5,12(sp)
    2ed8:	40011537          	lui	a0,0x40011
    2edc:	6785                	lui	a5,0x1
    2ede:	827c                	sh	a5,4(sp)
    2ee0:	004c                	addi	a1,sp,4
    2ee2:	478d                	li	a5,3
    2ee4:	c0050513          	addi	a0,a0,-1024 # 40010c00 <_eusrstack+0x2000bc00>
    2ee8:	c43e                	sw	a5,8(sp)
    2eea:	f41fd0ef          	jal	ra,e2a <GPIO_Init>
    2eee:	0141                	addi	sp,sp,16
    2ef0:	aa4fd06f          	j	194 <__riscv_restore_0>

00002ef4 <BEEP_Up>:
    2ef4:	a7cfd2ef          	jal	t0,170 <__riscv_save_0>
    2ef8:	40011537          	lui	a0,0x40011
    2efc:	6585                	lui	a1,0x1
    2efe:	c0050513          	addi	a0,a0,-1024 # 40010c00 <_eusrstack+0x2000bc00>
    2f02:	ff3fd0ef          	jal	ra,ef4 <GPIO_SetBits>
    2f06:	a8efd06f          	j	194 <__riscv_restore_0>

00002f0a <BEEP_Down>:
    2f0a:	a66fd2ef          	jal	t0,170 <__riscv_save_0>
    2f0e:	40011537          	lui	a0,0x40011
    2f12:	6585                	lui	a1,0x1
    2f14:	c0050513          	addi	a0,a0,-1024 # 40010c00 <_eusrstack+0x2000bc00>
    2f18:	fe1fd0ef          	jal	ra,ef8 <GPIO_ResetBits>
    2f1c:	a78fd06f          	j	194 <__riscv_restore_0>

00002f20 <Update_Display>:
    2f20:	a50fd2ef          	jal	t0,170 <__riscv_save_0>
    2f24:	8d41a483          	lw	s1,-1836(gp) # 200002c4 <Qingxiejiao>
    2f28:	1101                	addi	sp,sp,-32
    2f2a:	0000d437          	lui	s0,0xd
    2f2e:	8526                	mv	a0,s1
    2f30:	06f050ef          	jal	ra,879e <__extendsfdf2>
    2f34:	ce2e                	sw	a1,28(sp)
    2f36:	b7042583          	lw	a1,-1168(s0) # cb70 <__trunctfdf2+0x350>
    2f3a:	cc2a                	sw	a0,24(sp)
    2f3c:	8526                	mv	a0,s1
    2f3e:	76d040ef          	jal	ra,7eaa <__lesf2>
    2f42:	47e1                	li	a5,24
    2f44:	c03e                	sw	a5,0(sp)
    2f46:	4662                	lw	a2,24(sp)
    2f48:	46f2                	lw	a3,28(sp)
    2f4a:	12055e63          	bgez	a0,3086 <Update_Display+0x166>
    2f4e:	64c1                	lui	s1,0x10
    2f50:	1cf00813          	li	a6,463
    2f54:	4789                	li	a5,2
    2f56:	4705                	li	a4,1
    2f58:	03000593          	li	a1,48
    2f5c:	09000513          	li	a0,144
    2f60:	fff48893          	addi	a7,s1,-1 # ffff <_data_lma+0xd83>
    2f64:	666000ef          	jal	ra,35ca <LCD_ShowFloatNum>
    2f68:	4801                	li	a6,0
    2f6a:	47e1                	li	a5,24
    2f6c:	fff48713          	addi	a4,s1,-1
    2f70:	1cf00693          	li	a3,463
    2f74:	02000613          	li	a2,32
    2f78:	03000593          	li	a1,48
    2f7c:	0c000513          	li	a0,192
    2f80:	29fd                	jal	347e <LCD_ShowChar>
    2f82:	8501a483          	lw	s1,-1968(gp) # 20000240 <MQ4>
    2f86:	8526                	mv	a0,s1
    2f88:	017050ef          	jal	ra,879e <__extendsfdf2>
    2f8c:	ce2e                	sw	a1,28(sp)
    2f8e:	b7042583          	lw	a1,-1168(s0)
    2f92:	cc2a                	sw	a0,24(sp)
    2f94:	8526                	mv	a0,s1
    2f96:	715040ef          	jal	ra,7eaa <__lesf2>
    2f9a:	47e1                	li	a5,24
    2f9c:	c03e                	sw	a5,0(sp)
    2f9e:	6441                	lui	s0,0x10
    2fa0:	4662                	lw	a2,24(sp)
    2fa2:	46f2                	lw	a3,28(sp)
    2fa4:	fff40893          	addi	a7,s0,-1 # ffff <_data_lma+0xd83>
    2fa8:	1cf00813          	li	a6,463
    2fac:	4789                	li	a5,2
    2fae:	0e055863          	bgez	a0,309e <Update_Display+0x17e>
    2fb2:	4705                	li	a4,1
    2fb4:	04800593          	li	a1,72
    2fb8:	0a800513          	li	a0,168
    2fbc:	2539                	jal	35ca <LCD_ShowFloatNum>
    2fbe:	4801                	li	a6,0
    2fc0:	47e1                	li	a5,24
    2fc2:	fff40713          	addi	a4,s0,-1
    2fc6:	1cf00693          	li	a3,463
    2fca:	02500613          	li	a2,37
    2fce:	04800593          	li	a1,72
    2fd2:	0d800513          	li	a0,216
    2fd6:	2165                	jal	347e <LCD_ShowChar>
    2fd8:	4801                	li	a6,0
    2fda:	47e1                	li	a5,24
    2fdc:	fff40713          	addi	a4,s0,-1
    2fe0:	1cf00693          	li	a3,463
    2fe4:	02000613          	li	a2,32
    2fe8:	04800593          	li	a1,72
    2fec:	0e400513          	li	a0,228
    2ff0:	2179                	jal	347e <LCD_ShowChar>
    2ff2:	8881d503          	lhu	a0,-1912(gp) # 20000278 <Water_Value>
    2ff6:	47a9                	li	a5,10
    2ff8:	02f50533          	mul	a0,a0,a5
    2ffc:	6d6040ef          	jal	ra,76d2 <__floatsidf>
    3000:	0000d7b7          	lui	a5,0xd
    3004:	a487a603          	lw	a2,-1464(a5) # ca48 <__trunctfdf2+0x228>
    3008:	a4c7a683          	lw	a3,-1460(a5)
    300c:	1d1030ef          	jal	ra,69dc <__muldf3>
    3010:	0000d7b7          	lui	a5,0xd
    3014:	a547a683          	lw	a3,-1452(a5) # ca54 <__trunctfdf2+0x234>
    3018:	a507a603          	lw	a2,-1456(a5)
    301c:	10b030ef          	jal	ra,6926 <__ledf2>
    3020:	6741                	lui	a4,0x10
    3022:	47e1                	li	a5,24
    3024:	177d                	addi	a4,a4,-1
    3026:	1cf00693          	li	a3,463
    302a:	08055963          	bgez	a0,30bc <Update_Display+0x19c>
    302e:	0000d637          	lui	a2,0xd
    3032:	ea460613          	addi	a2,a2,-348 # cea4 <__trunctfdf2+0x684>
    3036:	07800593          	li	a1,120
    303a:	0b300513          	li	a0,179
    303e:	6fc000ef          	jal	ra,373a <LCD_ShowString>
    3042:	8c51c783          	lbu	a5,-1851(gp) # 200002b5 <HALL_State>
    3046:	c3c1                	beqz	a5,30c6 <Update_Display+0x1a6>
    3048:	6741                	lui	a4,0x10
    304a:	0000d637          	lui	a2,0xd
    304e:	47e1                	li	a5,24
    3050:	177d                	addi	a4,a4,-1
    3052:	1cf00693          	li	a3,463
    3056:	ea460613          	addi	a2,a2,-348 # cea4 <__trunctfdf2+0x684>
    305a:	09000593          	li	a1,144
    305e:	0a700513          	li	a0,167
    3062:	6d8000ef          	jal	ra,373a <LCD_ShowString>
    3066:	87a1c603          	lbu	a2,-1926(gp) # 2000026a <Battery_level>
    306a:	67c1                	lui	a5,0x10
    306c:	4861                	li	a6,24
    306e:	17fd                	addi	a5,a5,-1
    3070:	1cf00713          	li	a4,463
    3074:	468d                	li	a3,3
    3076:	06000593          	li	a1,96
    307a:	0cb00513          	li	a0,203
    307e:	21dd                	jal	3564 <LCD_ShowNum>
    3080:	6105                	addi	sp,sp,32
    3082:	912fd06f          	j	194 <__riscv_restore_0>
    3086:	68c1                	lui	a7,0x10
    3088:	18fd                	addi	a7,a7,-1
    308a:	1cf00813          	li	a6,463
    308e:	4789                	li	a5,2
    3090:	4709                	li	a4,2
    3092:	03000593          	li	a1,48
    3096:	09000513          	li	a0,144
    309a:	2b05                	jal	35ca <LCD_ShowFloatNum>
    309c:	b5dd                	j	2f82 <Update_Display+0x62>
    309e:	4709                	li	a4,2
    30a0:	04800593          	li	a1,72
    30a4:	0a800513          	li	a0,168
    30a8:	230d                	jal	35ca <LCD_ShowFloatNum>
    30aa:	4801                	li	a6,0
    30ac:	47e1                	li	a5,24
    30ae:	fff40713          	addi	a4,s0,-1
    30b2:	1cf00693          	li	a3,463
    30b6:	02500613          	li	a2,37
    30ba:	b73d                	j	2fe8 <Update_Display+0xc8>
    30bc:	0000d637          	lui	a2,0xd
    30c0:	b6060613          	addi	a2,a2,-1184 # cb60 <__trunctfdf2+0x340>
    30c4:	bf8d                	j	3036 <Update_Display+0x116>
    30c6:	6741                	lui	a4,0x10
    30c8:	0000d637          	lui	a2,0xd
    30cc:	47e1                	li	a5,24
    30ce:	177d                	addi	a4,a4,-1
    30d0:	1cf00693          	li	a3,463
    30d4:	b6060613          	addi	a2,a2,-1184 # cb60 <__trunctfdf2+0x340>
    30d8:	b749                	j	305a <Update_Display+0x13a>

000030da <Buzzer_ON_Twice>:
    30da:	896fd2ef          	jal	t0,170 <__riscv_save_0>
    30de:	40011437          	lui	s0,0x40011
    30e2:	4605                	li	a2,1
    30e4:	6585                	lui	a1,0x1
    30e6:	c0040513          	addi	a0,s0,-1024 # 40010c00 <_eusrstack+0x2000bc00>
    30ea:	e13fd0ef          	jal	ra,efc <GPIO_WriteBit>
    30ee:	09600513          	li	a0,150
    30f2:	41f000ef          	jal	ra,3d10 <Delay_Ms>
    30f6:	4601                	li	a2,0
    30f8:	6585                	lui	a1,0x1
    30fa:	c0040513          	addi	a0,s0,-1024
    30fe:	dfffd0ef          	jal	ra,efc <GPIO_WriteBit>
    3102:	03200513          	li	a0,50
    3106:	40b000ef          	jal	ra,3d10 <Delay_Ms>
    310a:	4605                	li	a2,1
    310c:	6585                	lui	a1,0x1
    310e:	c0040513          	addi	a0,s0,-1024
    3112:	debfd0ef          	jal	ra,efc <GPIO_WriteBit>
    3116:	06400513          	li	a0,100
    311a:	3f7000ef          	jal	ra,3d10 <Delay_Ms>
    311e:	4601                	li	a2,0
    3120:	6585                	lui	a1,0x1
    3122:	c0040513          	addi	a0,s0,-1024
    3126:	dd7fd0ef          	jal	ra,efc <GPIO_WriteBit>
    312a:	86afd06f          	j	194 <__riscv_restore_0>

0000312e <DMA_Usart1_GPIO_Init>:
    312e:	842fd2ef          	jal	t0,170 <__riscv_save_0>
    3132:	1141                	addi	sp,sp,-16
    3134:	4585                	li	a1,1
    3136:	4511                	li	a0,4
    3138:	b1afe0ef          	jal	ra,1452 <RCC_PB2PeriphClockCmd>
    313c:	40011437          	lui	s0,0x40011
    3140:	04800793          	li	a5,72
    3144:	c63e                	sw	a5,12(sp)
    3146:	448d                	li	s1,3
    3148:	40000793          	li	a5,1024
    314c:	004c                	addi	a1,sp,4
    314e:	80040513          	addi	a0,s0,-2048 # 40010800 <_eusrstack+0x2000b800>
    3152:	827c                	sh	a5,4(sp)
    3154:	c426                	sw	s1,8(sp)
    3156:	cd5fd0ef          	jal	ra,e2a <GPIO_Init>
    315a:	47e1                	li	a5,24
    315c:	c63e                	sw	a5,12(sp)
    315e:	004c                	addi	a1,sp,4
    3160:	20000793          	li	a5,512
    3164:	80040513          	addi	a0,s0,-2048
    3168:	827c                	sh	a5,4(sp)
    316a:	c426                	sw	s1,8(sp)
    316c:	cbffd0ef          	jal	ra,e2a <GPIO_Init>
    3170:	4791                	li	a5,4
    3172:	c63e                	sw	a5,12(sp)
    3174:	77e1                	lui	a5,0xffff8
    3176:	827c                	sh	a5,4(sp)
    3178:	004c                	addi	a1,sp,4
    317a:	4789                	li	a5,2
    317c:	80040513          	addi	a0,s0,-2048
    3180:	c43e                	sw	a5,8(sp)
    3182:	ca9fd0ef          	jal	ra,e2a <GPIO_Init>
    3186:	0141                	addi	sp,sp,16
    3188:	80cfd06f          	j	194 <__riscv_restore_0>

0000318c <DMA_Usart1_Init>:
    318c:	fe5fc2ef          	jal	t0,170 <__riscv_save_0>
    3190:	715d                	addi	sp,sp,-80
    3192:	842a                	mv	s0,a0
    3194:	f9bff0ef          	jal	ra,312e <DMA_Usart1_GPIO_Init>
    3198:	4585                	li	a1,1
    319a:	6511                	lui	a0,0x4
    319c:	ab6fe0ef          	jal	ra,1452 <RCC_PB2PeriphClockCmd>
    31a0:	4585                	li	a1,1
    31a2:	4505                	li	a0,1
    31a4:	a90fe0ef          	jal	ra,1434 <RCC_HBPeriphClockCmd>
    31a8:	ca22                	sw	s0,20(sp)
    31aa:	40014437          	lui	s0,0x40014
    31ae:	000c07b7          	lui	a5,0xc0
    31b2:	084c                	addi	a1,sp,20
    31b4:	80040513          	addi	a0,s0,-2048 # 40013800 <_eusrstack+0x2000e800>
    31b8:	ce3e                	sw	a5,28(sp)
    31ba:	cc02                	sw	zero,24(sp)
    31bc:	02011023          	sh	zero,32(sp)
    31c0:	dbefe0ef          	jal	ra,177e <USART_Init>
    31c4:	80440793          	addi	a5,s0,-2044
    31c8:	d23e                	sw	a5,36(sp)
    31ca:	93818793          	addi	a5,gp,-1736 # 20000328 <Usart1_Rx_Data>
    31ce:	d43e                	sw	a5,40(sp)
    31d0:	08000793          	li	a5,128
    31d4:	dc3e                	sw	a5,56(sp)
    31d6:	400204b7          	lui	s1,0x40020
    31da:	19000793          	li	a5,400
    31de:	d83e                	sw	a5,48(sp)
    31e0:	104c                	addi	a1,sp,36
    31e2:	678d                	lui	a5,0x3
    31e4:	05848513          	addi	a0,s1,88 # 40020058 <_eusrstack+0x2001b058>
    31e8:	c4be                	sw	a5,72(sp)
    31ea:	de02                	sw	zero,60(sp)
    31ec:	c082                	sw	zero,64(sp)
    31ee:	da02                	sw	zero,52(sp)
    31f0:	d602                	sw	zero,44(sp)
    31f2:	c682                	sw	zero,76(sp)
    31f4:	c282                	sw	zero,68(sp)
    31f6:	b5bfd0ef          	jal	ra,d50 <DMA_Init>
    31fa:	4605                	li	a2,1
    31fc:	42400593          	li	a1,1060
    3200:	80040513          	addi	a0,s0,-2048
    3204:	e4afe0ef          	jal	ra,184e <USART_ITConfig>
    3208:	4785                	li	a5,1
    320a:	03500713          	li	a4,53
    320e:	0068                	addi	a0,sp,12
    3210:	c83e                	sw	a5,16(sp)
    3212:	8678                	sh	a4,12(sp)
    3214:	875c                	sb	a5,14(sp)
    3216:	fe7fd0ef          	jal	ra,11fc <NVIC_Init>
    321a:	4605                	li	a2,1
    321c:	80040513          	addi	a0,s0,-2048
    3220:	04000593          	li	a1,64
    3224:	e60fe0ef          	jal	ra,1884 <USART_DMACmd>
    3228:	80040513          	addi	a0,s0,-2048
    322c:	4585                	li	a1,1
    322e:	e0afe0ef          	jal	ra,1838 <USART_Cmd>
    3232:	4585                	li	a1,1
    3234:	05848513          	addi	a0,s1,88
    3238:	b51fd0ef          	jal	ra,d88 <DMA_Cmd>
    323c:	6161                	addi	sp,sp,80
    323e:	f57fc06f          	j	194 <__riscv_restore_0>

00003242 <DMA_Usart2_GPIO_Init>:
    3242:	f2ffc2ef          	jal	t0,170 <__riscv_save_0>
    3246:	1141                	addi	sp,sp,-16
    3248:	4585                	li	a1,1
    324a:	4511                	li	a0,4
    324c:	a06fe0ef          	jal	ra,1452 <RCC_PB2PeriphClockCmd>
    3250:	40011437          	lui	s0,0x40011
    3254:	04800793          	li	a5,72
    3258:	c63e                	sw	a5,12(sp)
    325a:	448d                	li	s1,3
    325c:	47a1                	li	a5,8
    325e:	004c                	addi	a1,sp,4
    3260:	80040513          	addi	a0,s0,-2048 # 40010800 <_eusrstack+0x2000b800>
    3264:	827c                	sh	a5,4(sp)
    3266:	c426                	sw	s1,8(sp)
    3268:	bc3fd0ef          	jal	ra,e2a <GPIO_Init>
    326c:	47e1                	li	a5,24
    326e:	c63e                	sw	a5,12(sp)
    3270:	004c                	addi	a1,sp,4
    3272:	4791                	li	a5,4
    3274:	80040513          	addi	a0,s0,-2048
    3278:	827c                	sh	a5,4(sp)
    327a:	c426                	sw	s1,8(sp)
    327c:	baffd0ef          	jal	ra,e2a <GPIO_Init>
    3280:	0141                	addi	sp,sp,16
    3282:	f13fc06f          	j	194 <__riscv_restore_0>

00003286 <DMA_Usart2_Init>:
    3286:	eebfc2ef          	jal	t0,170 <__riscv_save_0>
    328a:	715d                	addi	sp,sp,-80
    328c:	842a                	mv	s0,a0
    328e:	fb5ff0ef          	jal	ra,3242 <DMA_Usart2_GPIO_Init>
    3292:	4585                	li	a1,1
    3294:	00020537          	lui	a0,0x20
    3298:	9d8fe0ef          	jal	ra,1470 <RCC_PB1PeriphClockCmd>
    329c:	4585                	li	a1,1
    329e:	4505                	li	a0,1
    32a0:	994fe0ef          	jal	ra,1434 <RCC_HBPeriphClockCmd>
    32a4:	ca22                	sw	s0,20(sp)
    32a6:	40004437          	lui	s0,0x40004
    32aa:	000c07b7          	lui	a5,0xc0
    32ae:	084c                	addi	a1,sp,20
    32b0:	40040513          	addi	a0,s0,1024 # 40004400 <_eusrstack+0x1ffff400>
    32b4:	ce3e                	sw	a5,28(sp)
    32b6:	cc02                	sw	zero,24(sp)
    32b8:	02011023          	sh	zero,32(sp)
    32bc:	cc2fe0ef          	jal	ra,177e <USART_Init>
    32c0:	40440793          	addi	a5,s0,1028
    32c4:	d23e                	sw	a5,36(sp)
    32c6:	ac818793          	addi	a5,gp,-1336 # 200004b8 <Usart2_Rx_Data>
    32ca:	d43e                	sw	a5,40(sp)
    32cc:	08000793          	li	a5,128
    32d0:	dc3e                	sw	a5,56(sp)
    32d2:	400204b7          	lui	s1,0x40020
    32d6:	19000793          	li	a5,400
    32da:	d83e                	sw	a5,48(sp)
    32dc:	104c                	addi	a1,sp,36
    32de:	678d                	lui	a5,0x3
    32e0:	06c48513          	addi	a0,s1,108 # 4002006c <_eusrstack+0x2001b06c>
    32e4:	c4be                	sw	a5,72(sp)
    32e6:	de02                	sw	zero,60(sp)
    32e8:	c082                	sw	zero,64(sp)
    32ea:	da02                	sw	zero,52(sp)
    32ec:	d602                	sw	zero,44(sp)
    32ee:	c682                	sw	zero,76(sp)
    32f0:	c282                	sw	zero,68(sp)
    32f2:	a5ffd0ef          	jal	ra,d50 <DMA_Init>
    32f6:	4605                	li	a2,1
    32f8:	42400593          	li	a1,1060
    32fc:	40040513          	addi	a0,s0,1024
    3300:	d4efe0ef          	jal	ra,184e <USART_ITConfig>
    3304:	4785                	li	a5,1
    3306:	c83e                	sw	a5,16(sp)
    3308:	0068                	addi	a0,sp,12
    330a:	03600793          	li	a5,54
    330e:	867c                	sh	a5,12(sp)
    3310:	00010723          	sb	zero,14(sp)
    3314:	ee9fd0ef          	jal	ra,11fc <NVIC_Init>
    3318:	4605                	li	a2,1
    331a:	40040513          	addi	a0,s0,1024
    331e:	04000593          	li	a1,64
    3322:	d62fe0ef          	jal	ra,1884 <USART_DMACmd>
    3326:	40040513          	addi	a0,s0,1024
    332a:	4585                	li	a1,1
    332c:	d0cfe0ef          	jal	ra,1838 <USART_Cmd>
    3330:	4585                	li	a1,1
    3332:	06c48513          	addi	a0,s1,108
    3336:	a53fd0ef          	jal	ra,d88 <DMA_Cmd>
    333a:	6161                	addi	sp,sp,80
    333c:	e59fc06f          	j	194 <__riscv_restore_0>

00003340 <DMA_Usart2_Start>:
    3340:	e31fc2ef          	jal	t0,170 <__riscv_save_0>
    3344:	40020437          	lui	s0,0x40020
    3348:	06c40513          	addi	a0,s0,108 # 4002006c <_eusrstack+0x2001b06c>
    334c:	4581                	li	a1,0
    334e:	a3bfd0ef          	jal	ra,d88 <DMA_Cmd>
    3352:	06c40513          	addi	a0,s0,108
    3356:	19000593          	li	a1,400
    335a:	a43fd0ef          	jal	ra,d9c <DMA_SetCurrDataCounter>
    335e:	4585                	li	a1,1
    3360:	06c40513          	addi	a0,s0,108
    3364:	a25fd0ef          	jal	ra,d88 <DMA_Cmd>
    3368:	e2dfc06f          	j	194 <__riscv_restore_0>

0000336c <Usart1_Send_Char>:
    336c:	e05fc2ef          	jal	t0,170 <__riscv_save_0>
    3370:	01051593          	slli	a1,a0,0x10
    3374:	40014437          	lui	s0,0x40014
    3378:	80040513          	addi	a0,s0,-2048 # 40013800 <_eusrstack+0x2000e800>
    337c:	81c1                	srli	a1,a1,0x10
    337e:	d18fe0ef          	jal	ra,1896 <USART_SendData>
    3382:	80040413          	addi	s0,s0,-2048
    3386:	08000593          	li	a1,128
    338a:	8522                	mv	a0,s0
    338c:	d1afe0ef          	jal	ra,18a6 <USART_GetFlagStatus>
    3390:	d97d                	beqz	a0,3386 <Usart1_Send_Char+0x1a>
    3392:	e03fc06f          	j	194 <__riscv_restore_0>

00003396 <Usart1_Send_String>:
    3396:	ddbfc2ef          	jal	t0,170 <__riscv_save_0>
    339a:	842a                	mv	s0,a0
    339c:	00040503          	lb	a0,0(s0)
    33a0:	e119                	bnez	a0,33a6 <Usart1_Send_String+0x10>
    33a2:	df3fc06f          	j	194 <__riscv_restore_0>
    33a6:	fc7ff0ef          	jal	ra,336c <Usart1_Send_Char>
    33aa:	0405                	addi	s0,s0,1
    33ac:	bfc5                	j	339c <Usart1_Send_String+0x6>

000033ae <Usart2_Send_Char>:
    33ae:	dc3fc2ef          	jal	t0,170 <__riscv_save_0>
    33b2:	01051593          	slli	a1,a0,0x10
    33b6:	40004437          	lui	s0,0x40004
    33ba:	40040513          	addi	a0,s0,1024 # 40004400 <_eusrstack+0x1ffff400>
    33be:	81c1                	srli	a1,a1,0x10
    33c0:	cd6fe0ef          	jal	ra,1896 <USART_SendData>
    33c4:	40040413          	addi	s0,s0,1024
    33c8:	08000593          	li	a1,128
    33cc:	8522                	mv	a0,s0
    33ce:	cd8fe0ef          	jal	ra,18a6 <USART_GetFlagStatus>
    33d2:	d97d                	beqz	a0,33c8 <Usart2_Send_Char+0x1a>
    33d4:	dc1fc06f          	j	194 <__riscv_restore_0>

000033d8 <Usart2_Send_String>:
    33d8:	d99fc2ef          	jal	t0,170 <__riscv_save_0>
    33dc:	842a                	mv	s0,a0
    33de:	00040503          	lb	a0,0(s0)
    33e2:	e119                	bnez	a0,33e8 <Usart2_Send_String+0x10>
    33e4:	db1fc06f          	j	194 <__riscv_restore_0>
    33e8:	fc7ff0ef          	jal	ra,33ae <Usart2_Send_Char>
    33ec:	0405                	addi	s0,s0,1
    33ee:	bfc5                	j	33de <Usart2_Send_String+0x6>

000033f0 <EC01G_Printf>:
    33f0:	7145                	addi	sp,sp,-464
    33f2:	1ab12a23          	sw	a1,436(sp)
    33f6:	1ac12c23          	sw	a2,440(sp)
    33fa:	85aa                	mv	a1,a0
    33fc:	1b50                	addi	a2,sp,436
    33fe:	0808                	addi	a0,sp,16
    3400:	1a112623          	sw	ra,428(sp)
    3404:	1ad12e23          	sw	a3,444(sp)
    3408:	1ce12023          	sw	a4,448(sp)
    340c:	1cf12223          	sw	a5,452(sp)
    3410:	1d012423          	sw	a6,456(sp)
    3414:	1d112623          	sw	a7,460(sp)
    3418:	c632                	sw	a2,12(sp)
    341a:	058070ef          	jal	ra,a472 <vsiprintf>
    341e:	0808                	addi	a0,sp,16
    3420:	fb9ff0ef          	jal	ra,33d8 <Usart2_Send_String>
    3424:	1ac12083          	lw	ra,428(sp)
    3428:	6179                	addi	sp,sp,464
    342a:	8082                	ret

0000342c <LCD_Fill>:
    342c:	d2bfc2ef          	jal	t0,156 <__riscv_save_4>
    3430:	89b2                	mv	s3,a2
    3432:	8936                	mv	s2,a3
    3434:	167d                	addi	a2,a2,-1
    3436:	16fd                	addi	a3,a3,-1
    3438:	06c2                	slli	a3,a3,0x10
    343a:	0642                	slli	a2,a2,0x10
    343c:	82c1                	srli	a3,a3,0x10
    343e:	8241                	srli	a2,a2,0x10
    3440:	8a2a                	mv	s4,a0
    3442:	842e                	mv	s0,a1
    3444:	8aba                	mv	s5,a4
    3446:	2bed                	jal	3a40 <LCD_Address_Set>
    3448:	01246f63          	bltu	s0,s2,3466 <LCD_Fill+0x3a>
    344c:	d3ffc06f          	j	18a <__riscv_restore_4>
    3450:	0485                	addi	s1,s1,1
    3452:	8556                	mv	a0,s5
    3454:	04c2                	slli	s1,s1,0x10
    3456:	235d                	jal	39fc <LCD_WR_DATA>
    3458:	80c1                	srli	s1,s1,0x10
    345a:	ff34ebe3          	bltu	s1,s3,3450 <LCD_Fill+0x24>
    345e:	0405                	addi	s0,s0,1
    3460:	0442                	slli	s0,s0,0x10
    3462:	8041                	srli	s0,s0,0x10
    3464:	b7d5                	j	3448 <LCD_Fill+0x1c>
    3466:	84d2                	mv	s1,s4
    3468:	bfcd                	j	345a <LCD_Fill+0x2e>

0000346a <LCD_DrawPoint>:
    346a:	d07fc2ef          	jal	t0,170 <__riscv_save_0>
    346e:	8432                	mv	s0,a2
    3470:	86ae                	mv	a3,a1
    3472:	862a                	mv	a2,a0
    3474:	23f1                	jal	3a40 <LCD_Address_Set>
    3476:	8522                	mv	a0,s0
    3478:	2351                	jal	39fc <LCD_WR_DATA>
    347a:	d1bfc06f          	j	194 <__riscv_restore_0>

0000347e <LCD_ShowChar>:
    347e:	cc3fc2ef          	jal	t0,140 <__riscv_save_12>
    3482:	1141                	addi	sp,sp,-16
    3484:	c43a                	sw	a4,8(sp)
    3486:	0017d713          	srli	a4,a5,0x1
    348a:	8a3e                	mv	s4,a5
    348c:	8bb6                	mv	s7,a3
    348e:	01079693          	slli	a3,a5,0x10
    3492:	00777793          	andi	a5,a4,7
    3496:	c642                	sw	a6,12(sp)
    3498:	00f037b3          	snez	a5,a5
    349c:	004a5813          	srli	a6,s4,0x4
    34a0:	82c1                	srli	a3,a3,0x10
    34a2:	97c2                	add	a5,a5,a6
    34a4:	02f687b3          	mul	a5,a3,a5
    34a8:	1601                	addi	a2,a2,-32
    34aa:	0ff67413          	andi	s0,a2,255
    34ae:	fff50613          	addi	a2,a0,-1 # 1ffff <_data_lma+0x10d83>
    34b2:	963a                	add	a2,a2,a4
    34b4:	0642                	slli	a2,a2,0x10
    34b6:	8241                	srli	a2,a2,0x10
    34b8:	89aa                	mv	s3,a0
    34ba:	84ae                	mv	s1,a1
    34bc:	0462                	slli	s0,s0,0x18
    34be:	c03e                	sw	a5,0(sp)
    34c0:	fff58793          	addi	a5,a1,-1 # fff <GPIO_PinRemapConfig+0xf9>
    34c4:	96be                	add	a3,a3,a5
    34c6:	06c2                	slli	a3,a3,0x10
    34c8:	82c1                	srli	a3,a3,0x10
    34ca:	2b9d                	jal	3a40 <LCD_Address_Set>
    34cc:	8461                	srai	s0,s0,0x18
    34ce:	03000613          	li	a2,48
    34d2:	02c407b3          	mul	a5,s0,a2
    34d6:	6b35                	lui	s6,0xd
    34d8:	8cce                	mv	s9,s3
    34da:	4901                	li	s2,0
    34dc:	4401                	li	s0,0
    34de:	eacb0b13          	addi	s6,s6,-340 # ceac <ascii_2412>
    34e2:	4c31                	li	s8,12
    34e4:	4d21                	li	s10,8
    34e6:	c23e                	sw	a5,4(sp)
    34e8:	4782                	lw	a5,0(sp)
    34ea:	01091713          	slli	a4,s2,0x10
    34ee:	8341                	srli	a4,a4,0x10
    34f0:	00f76563          	bltu	a4,a5,34fa <LCD_ShowChar+0x7c>
    34f4:	0141                	addi	sp,sp,16
    34f6:	c87fc06f          	j	17c <__riscv_restore_12>
    34fa:	47e1                	li	a5,24
    34fc:	fefa1ce3          	bne	s4,a5,34f4 <LCD_ShowChar+0x76>
    3500:	4792                	lw	a5,4(sp)
    3502:	4a81                	li	s5,0
    3504:	00f90733          	add	a4,s2,a5
    3508:	975a                	add	a4,a4,s6
    350a:	00074d83          	lbu	s11,0(a4) # 10000 <_data_lma+0xd84>
    350e:	47b2                	lw	a5,12(sp)
    3510:	415dd733          	sra	a4,s11,s5
    3514:	8b05                	andi	a4,a4,1
    3516:	ef89                	bnez	a5,3530 <LCD_ShowChar+0xb2>
    3518:	855e                	mv	a0,s7
    351a:	e311                	bnez	a4,351e <LCD_ShowChar+0xa0>
    351c:	4522                	lw	a0,8(sp)
    351e:	0405                	addi	s0,s0,1
    3520:	29f1                	jal	39fc <LCD_WR_DATA>
    3522:	0ff47413          	andi	s0,s0,255
    3526:	03847733          	remu	a4,s0,s8
    352a:	eb0d                	bnez	a4,355c <LCD_ShowChar+0xde>
    352c:	4401                	li	s0,0
    352e:	a02d                	j	3558 <LCD_ShowChar+0xda>
    3530:	c711                	beqz	a4,353c <LCD_ShowChar+0xbe>
    3532:	865e                	mv	a2,s7
    3534:	85a6                	mv	a1,s1
    3536:	8566                	mv	a0,s9
    3538:	f33ff0ef          	jal	ra,346a <LCD_DrawPoint>
    353c:	001c8793          	addi	a5,s9,1
    3540:	01079c93          	slli	s9,a5,0x10
    3544:	010cdc93          	srli	s9,s9,0x10
    3548:	413c8733          	sub	a4,s9,s3
    354c:	01871863          	bne	a4,s8,355c <LCD_ShowChar+0xde>
    3550:	0485                	addi	s1,s1,1
    3552:	04c2                	slli	s1,s1,0x10
    3554:	80c1                	srli	s1,s1,0x10
    3556:	8cce                	mv	s9,s3
    3558:	0905                	addi	s2,s2,1
    355a:	b779                	j	34e8 <LCD_ShowChar+0x6a>
    355c:	0a85                	addi	s5,s5,1
    355e:	fbaa98e3          	bne	s5,s10,350e <LCD_ShowChar+0x90>
    3562:	bfdd                	j	3558 <LCD_ShowChar+0xda>

00003564 <LCD_ShowNum>:
    3564:	be5fc2ef          	jal	t0,148 <__riscv_save_10>
    3568:	16fd                	addi	a3,a3,-1
    356a:	84aa                	mv	s1,a0
    356c:	8b2e                	mv	s6,a1
    356e:	8bb2                	mv	s7,a2
    3570:	8c3a                	mv	s8,a4
    3572:	8cbe                	mv	s9,a5
    3574:	89c2                	mv	s3,a6
    3576:	00185a93          	srli	s5,a6,0x1
    357a:	0ff6f413          	andi	s0,a3,255
    357e:	0ff00913          	li	s2,255
    3582:	4a29                	li	s4,10
    3584:	01241463          	bne	s0,s2,358c <LCD_ShowNum+0x28>
    3588:	bf9fc06f          	j	180 <__riscv_restore_10>
    358c:	87a2                	mv	a5,s0
    358e:	4605                	li	a2,1
    3590:	17fd                	addi	a5,a5,-1
    3592:	0ff7f793          	andi	a5,a5,255
    3596:	03279763          	bne	a5,s2,35c4 <LCD_ShowNum+0x60>
    359a:	02cbd633          	divu	a2,s7,a2
    359e:	8526                	mv	a0,s1
    35a0:	94d6                	add	s1,s1,s5
    35a2:	4801                	li	a6,0
    35a4:	87ce                	mv	a5,s3
    35a6:	8766                	mv	a4,s9
    35a8:	86e2                	mv	a3,s8
    35aa:	85da                	mv	a1,s6
    35ac:	04c2                	slli	s1,s1,0x10
    35ae:	147d                	addi	s0,s0,-1
    35b0:	80c1                	srli	s1,s1,0x10
    35b2:	0ff47413          	andi	s0,s0,255
    35b6:	03467633          	remu	a2,a2,s4
    35ba:	03060613          	addi	a2,a2,48
    35be:	ec1ff0ef          	jal	ra,347e <LCD_ShowChar>
    35c2:	b7c9                	j	3584 <LCD_ShowNum+0x20>
    35c4:	03460633          	mul	a2,a2,s4
    35c8:	b7e1                	j	3590 <LCD_ShowNum+0x2c>

000035ca <LCD_ShowFloatNum>:
    35ca:	b77fc2ef          	jal	t0,140 <__riscv_save_12>
    35ce:	04014983          	lbu	s3,64(sp)
    35d2:	84aa                	mv	s1,a0
    35d4:	8b2e                	mv	s6,a1
    35d6:	8532                	mv	a0,a2
    35d8:	85b6                	mv	a1,a3
    35da:	8ab6                	mv	s5,a3
    35dc:	893a                	mv	s2,a4
    35de:	8c3e                	mv	s8,a5
    35e0:	8a32                	mv	s4,a2
    35e2:	8bc2                	mv	s7,a6
    35e4:	8cc6                	mv	s9,a7
    35e6:	090040ef          	jal	ra,7676 <__fixunsdfsi>
    35ea:	0019d413          	srli	s0,s3,0x1
    35ee:	8daa                	mv	s11,a0
    35f0:	87e2                	mv	a5,s8
    35f2:	4d05                	li	s10,1
    35f4:	0ff00713          	li	a4,255
    35f8:	46a9                	li	a3,10
    35fa:	17fd                	addi	a5,a5,-1
    35fc:	0ff7f793          	andi	a5,a5,255
    3600:	08e79663          	bne	a5,a4,368c <LCD_ShowFloatNum+0xc2>
    3604:	010d9613          	slli	a2,s11,0x10
    3608:	884e                	mv	a6,s3
    360a:	87e6                	mv	a5,s9
    360c:	875e                	mv	a4,s7
    360e:	86ca                	mv	a3,s2
    3610:	85da                	mv	a1,s6
    3612:	8526                	mv	a0,s1
    3614:	8241                	srli	a2,a2,0x10
    3616:	0442                	slli	s0,s0,0x10
    3618:	f4dff0ef          	jal	ra,3564 <LCD_ShowNum>
    361c:	8041                	srli	s0,s0,0x10
    361e:	03240533          	mul	a0,s0,s2
    3622:	0905                	addi	s2,s2,1
    3624:	87ce                	mv	a5,s3
    3626:	8766                	mv	a4,s9
    3628:	4801                	li	a6,0
    362a:	86de                	mv	a3,s7
    362c:	02e00613          	li	a2,46
    3630:	85da                	mv	a1,s6
    3632:	9526                	add	a0,a0,s1
    3634:	0542                	slli	a0,a0,0x10
    3636:	8141                	srli	a0,a0,0x10
    3638:	03240433          	mul	s0,s0,s2
    363c:	e43ff0ef          	jal	ra,347e <LCD_ShowChar>
    3640:	856e                	mv	a0,s11
    3642:	102040ef          	jal	ra,7744 <__floatunsidf>
    3646:	862a                	mv	a2,a0
    3648:	86ae                	mv	a3,a1
    364a:	8552                	mv	a0,s4
    364c:	85d6                	mv	a1,s5
    364e:	047030ef          	jal	ra,6e94 <__subdf3>
    3652:	8a2a                	mv	s4,a0
    3654:	856a                	mv	a0,s10
    3656:	8aae                	mv	s5,a1
    3658:	0ec040ef          	jal	ra,7744 <__floatunsidf>
    365c:	862a                	mv	a2,a0
    365e:	86ae                	mv	a3,a1
    3660:	8552                	mv	a0,s4
    3662:	85d6                	mv	a1,s5
    3664:	378030ef          	jal	ra,69dc <__muldf3>
    3668:	00e040ef          	jal	ra,7676 <__fixunsdfsi>
    366c:	9426                	add	s0,s0,s1
    366e:	01051613          	slli	a2,a0,0x10
    3672:	01041513          	slli	a0,s0,0x10
    3676:	884e                	mv	a6,s3
    3678:	87e6                	mv	a5,s9
    367a:	875e                	mv	a4,s7
    367c:	86e2                	mv	a3,s8
    367e:	8241                	srli	a2,a2,0x10
    3680:	85da                	mv	a1,s6
    3682:	8141                	srli	a0,a0,0x10
    3684:	ee1ff0ef          	jal	ra,3564 <LCD_ShowNum>
    3688:	af5fc06f          	j	17c <__riscv_restore_12>
    368c:	02dd0d33          	mul	s10,s10,a3
    3690:	b7ad                	j	35fa <LCD_ShowFloatNum+0x30>

00003692 <LCD_ShowImage>:
    3692:	aaffc2ef          	jal	t0,140 <__riscv_save_12>
    3696:	00365413          	srli	s0,a2,0x3
    369a:	00767a13          	andi	s4,a2,7
    369e:	1141                	addi	sp,sp,-16
    36a0:	8c2a                	mv	s8,a0
    36a2:	84ae                	mv	s1,a1
    36a4:	8cba                	mv	s9,a4
    36a6:	8dbe                	mv	s11,a5
    36a8:	0ff47413          	andi	s0,s0,255
    36ac:	4b81                	li	s7,0
    36ae:	000a0663          	beqz	s4,36ba <LCD_ShowImage+0x28>
    36b2:	0405                	addi	s0,s0,1
    36b4:	0ff47413          	andi	s0,s0,255
    36b8:	4b85                	li	s7,1
    36ba:	96a6                	add	a3,a3,s1
    36bc:	01069793          	slli	a5,a3,0x10
    36c0:	83c1                	srli	a5,a5,0x10
    36c2:	c43e                	sw	a5,8(sp)
    36c4:	fff40d13          	addi	s10,s0,-1
    36c8:	47a2                	lw	a5,8(sp)
    36ca:	06979063          	bne	a5,s1,372a <LCD_ShowImage+0x98>
    36ce:	0141                	addi	sp,sp,16
    36d0:	aadfc06f          	j	17c <__riscv_restore_12>
    36d4:	0009c783          	lbu	a5,0(s3)
    36d8:	012a8533          	add	a0,s5,s2
    36dc:	0542                	slli	a0,a0,0x10
    36de:	4127d7b3          	sra	a5,a5,s2
    36e2:	8b85                	andi	a5,a5,1
    36e4:	c642                	sw	a6,12(sp)
    36e6:	8141                	srli	a0,a0,0x10
    36e8:	8666                	mv	a2,s9
    36ea:	e391                	bnez	a5,36ee <LCD_ShowImage+0x5c>
    36ec:	866e                	mv	a2,s11
    36ee:	85a6                	mv	a1,s1
    36f0:	d7bff0ef          	jal	ra,346a <LCD_DrawPoint>
    36f4:	4832                	lw	a6,12(sp)
    36f6:	0905                	addi	s2,s2,1
    36f8:	0ff97913          	andi	s2,s2,255
    36fc:	000b8663          	beqz	s7,3708 <LCD_ShowImage+0x76>
    3700:	014937b3          	sltu	a5,s2,s4
    3704:	01ab0463          	beq	s6,s10,370c <LCD_ShowImage+0x7a>
    3708:	00893793          	sltiu	a5,s2,8
    370c:	f7e1                	bnez	a5,36d4 <LCD_ShowImage+0x42>
    370e:	0985                	addi	s3,s3,1
    3710:	0b05                	addi	s6,s6,1
    3712:	0ffb7793          	andi	a5,s6,255
    3716:	0087fd63          	bgeu	a5,s0,3730 <LCD_ShowImage+0x9e>
    371a:	003b1a93          	slli	s5,s6,0x3
    371e:	9ae2                	add	s5,s5,s8
    3720:	0ac2                	slli	s5,s5,0x10
    3722:	010ada93          	srli	s5,s5,0x10
    3726:	4901                	li	s2,0
    3728:	bfd1                	j	36fc <LCD_ShowImage+0x6a>
    372a:	89c2                	mv	s3,a6
    372c:	4b01                	li	s6,0
    372e:	b7d5                	j	3712 <LCD_ShowImage+0x80>
    3730:	0485                	addi	s1,s1,1
    3732:	04c2                	slli	s1,s1,0x10
    3734:	9822                	add	a6,a6,s0
    3736:	80c1                	srli	s1,s1,0x10
    3738:	bf41                	j	36c8 <LCD_ShowImage+0x36>

0000373a <LCD_ShowString>:
    373a:	a07fc2ef          	jal	t0,140 <__riscv_save_12>
    373e:	6a39                	lui	s4,0xe
    3740:	6ab9                	lui	s5,0xe
    3742:	89be                	mv	s3,a5
    3744:	0017dd13          	srli	s10,a5,0x1
    3748:	1101                	addi	sp,sp,-32
    374a:	8b2a                	mv	s6,a0
    374c:	8bae                	mv	s7,a1
    374e:	8932                	mv	s2,a2
    3750:	8c36                	mv	s8,a3
    3752:	8cba                	mv	s9,a4
    3754:	4401                	li	s0,0
    3756:	4781                	li	a5,0
    3758:	07ca0a13          	addi	s4,s4,124 # e07c <tfont24>
    375c:	634a8a93          	addi	s5,s5,1588 # e634 <tfont32>
    3760:	00f90733          	add	a4,s2,a5
    3764:	00070603          	lb	a2,0(a4)
    3768:	e601                	bnez	a2,3770 <LCD_ShowString+0x36>
    376a:	6105                	addi	sp,sp,32
    376c:	a11fc06f          	j	17c <__riscv_restore_12>
    3770:	00178493          	addi	s1,a5,1 # 3001 <Update_Display+0xe1>
    3774:	04c2                	slli	s1,s1,0x10
    3776:	80c1                	srli	s1,s1,0x10
    3778:	02064563          	bltz	a2,37a2 <LCD_ShowString+0x68>
    377c:	01640533          	add	a0,s0,s6
    3780:	0542                	slli	a0,a0,0x10
    3782:	4801                	li	a6,0
    3784:	87ce                	mv	a5,s3
    3786:	8766                	mv	a4,s9
    3788:	86e2                	mv	a3,s8
    378a:	85de                	mv	a1,s7
    378c:	8141                	srli	a0,a0,0x10
    378e:	00c10c23          	sb	a2,24(sp)
    3792:	00010ca3          	sb	zero,25(sp)
    3796:	946a                	add	s0,s0,s10
    3798:	ce7ff0ef          	jal	ra,347e <LCD_ShowChar>
    379c:	0442                	slli	s0,s0,0x10
    379e:	8041                	srli	s0,s0,0x10
    37a0:	a82d                	j	37da <LCD_ShowString+0xa0>
    37a2:	00990733          	add	a4,s2,s1
    37a6:	0e067693          	andi	a3,a2,224
    37aa:	0c000593          	li	a1,192
    37ae:	00070703          	lb	a4,0(a4)
    37b2:	02b69663          	bne	a3,a1,37de <LCD_ShowString+0xa4>
    37b6:	00c10c23          	sb	a2,24(sp)
    37ba:	db45                	beqz	a4,376a <LCD_ShowString+0x30>
    37bc:	0789                	addi	a5,a5,2
    37be:	01079493          	slli	s1,a5,0x10
    37c2:	80c1                	srli	s1,s1,0x10
    37c4:	00e10ca3          	sb	a4,25(sp)
    37c8:	00010d23          	sb	zero,26(sp)
    37cc:	47e1                	li	a5,24
    37ce:	0cf98b63          	beq	s3,a5,38a4 <LCD_ShowString+0x16a>
    37d2:	02000793          	li	a5,32
    37d6:	10f98d63          	beq	s3,a5,38f0 <LCD_ShowString+0x1b6>
    37da:	87a6                	mv	a5,s1
    37dc:	b751                	j	3760 <LCD_ShowString+0x26>
    37de:	0f067693          	andi	a3,a2,240
    37e2:	0e000593          	li	a1,224
    37e6:	02b69863          	bne	a3,a1,3816 <LCD_ShowString+0xdc>
    37ea:	00c10c23          	sb	a2,24(sp)
    37ee:	df35                	beqz	a4,376a <LCD_ShowString+0x30>
    37f0:	00e10ca3          	sb	a4,25(sp)
    37f4:	00278713          	addi	a4,a5,2
    37f8:	0742                	slli	a4,a4,0x10
    37fa:	8341                	srli	a4,a4,0x10
    37fc:	974a                	add	a4,a4,s2
    37fe:	00070703          	lb	a4,0(a4)
    3802:	d725                	beqz	a4,376a <LCD_ShowString+0x30>
    3804:	078d                	addi	a5,a5,3
    3806:	01079493          	slli	s1,a5,0x10
    380a:	80c1                	srli	s1,s1,0x10
    380c:	00e10d23          	sb	a4,26(sp)
    3810:	00010da3          	sb	zero,27(sp)
    3814:	bf65                	j	37cc <LCD_ShowString+0x92>
    3816:	0f867693          	andi	a3,a2,248
    381a:	0f000593          	li	a1,240
    381e:	fab69ee3          	bne	a3,a1,37da <LCD_ShowString+0xa0>
    3822:	00c10c23          	sb	a2,24(sp)
    3826:	d331                	beqz	a4,376a <LCD_ShowString+0x30>
    3828:	00e10ca3          	sb	a4,25(sp)
    382c:	00278713          	addi	a4,a5,2
    3830:	0742                	slli	a4,a4,0x10
    3832:	8341                	srli	a4,a4,0x10
    3834:	974a                	add	a4,a4,s2
    3836:	00070703          	lb	a4,0(a4)
    383a:	db05                	beqz	a4,376a <LCD_ShowString+0x30>
    383c:	00e10d23          	sb	a4,26(sp)
    3840:	00378713          	addi	a4,a5,3
    3844:	0742                	slli	a4,a4,0x10
    3846:	8341                	srli	a4,a4,0x10
    3848:	974a                	add	a4,a4,s2
    384a:	00070703          	lb	a4,0(a4)
    384e:	df11                	beqz	a4,376a <LCD_ShowString+0x30>
    3850:	0791                	addi	a5,a5,4
    3852:	01079493          	slli	s1,a5,0x10
    3856:	80c1                	srli	s1,s1,0x10
    3858:	00e10da3          	sb	a4,27(sp)
    385c:	00010e23          	sb	zero,28(sp)
    3860:	b7b5                	j	37cc <LCD_ShowString+0x92>
    3862:	082c                	addi	a1,sp,24
    3864:	c642                	sw	a6,12(sp)
    3866:	93bfc0ef          	jal	ra,1a0 <strcmp>
    386a:	4832                	lw	a6,12(sp)
    386c:	cd09                	beqz	a0,3886 <LCD_ShowString+0x14c>
    386e:	0d85                	addi	s11,s11,1
    3870:	0dc2                	slli	s11,s11,0x10
    3872:	010ddd93          	srli	s11,s11,0x10
    3876:	04d00713          	li	a4,77
    387a:	02ed8833          	mul	a6,s11,a4
    387e:	010a0533          	add	a0,s4,a6
    3882:	211c                	lbu	a5,0(a0)
    3884:	fff9                	bnez	a5,3862 <LCD_ShowString+0x128>
    3886:	01640533          	add	a0,s0,s6
    388a:	0815                	addi	a6,a6,5
    388c:	0542                	slli	a0,a0,0x10
    388e:	9852                	add	a6,a6,s4
    3890:	87e6                	mv	a5,s9
    3892:	8762                	mv	a4,s8
    3894:	46e1                	li	a3,24
    3896:	4661                	li	a2,24
    3898:	85de                	mv	a1,s7
    389a:	8141                	srli	a0,a0,0x10
    389c:	df7ff0ef          	jal	ra,3692 <LCD_ShowImage>
    38a0:	0461                	addi	s0,s0,24
    38a2:	bded                	j	379c <LCD_ShowString+0x62>
    38a4:	4d81                	li	s11,0
    38a6:	bfc1                	j	3876 <LCD_ShowString+0x13c>
    38a8:	082c                	addi	a1,sp,24
    38aa:	c642                	sw	a6,12(sp)
    38ac:	8f5fc0ef          	jal	ra,1a0 <strcmp>
    38b0:	4832                	lw	a6,12(sp)
    38b2:	cd09                	beqz	a0,38cc <LCD_ShowString+0x192>
    38b4:	0d85                	addi	s11,s11,1
    38b6:	0dc2                	slli	s11,s11,0x10
    38b8:	010ddd93          	srli	s11,s11,0x10
    38bc:	08500713          	li	a4,133
    38c0:	02ed8833          	mul	a6,s11,a4
    38c4:	010a8533          	add	a0,s5,a6
    38c8:	211c                	lbu	a5,0(a0)
    38ca:	fff9                	bnez	a5,38a8 <LCD_ShowString+0x16e>
    38cc:	01640533          	add	a0,s0,s6
    38d0:	0815                	addi	a6,a6,5
    38d2:	0542                	slli	a0,a0,0x10
    38d4:	9856                	add	a6,a6,s5
    38d6:	87e6                	mv	a5,s9
    38d8:	8762                	mv	a4,s8
    38da:	02000693          	li	a3,32
    38de:	02000613          	li	a2,32
    38e2:	85de                	mv	a1,s7
    38e4:	8141                	srli	a0,a0,0x10
    38e6:	dadff0ef          	jal	ra,3692 <LCD_ShowImage>
    38ea:	02040413          	addi	s0,s0,32
    38ee:	b57d                	j	379c <LCD_ShowString+0x62>
    38f0:	4d81                	li	s11,0
    38f2:	b7e9                	j	38bc <LCD_ShowString+0x182>

000038f4 <LCD_Printf>:
    38f4:	7129                	addi	sp,sp,-320
    38f6:	12812423          	sw	s0,296(sp)
    38fa:	12912223          	sw	s1,292(sp)
    38fe:	13212023          	sw	s2,288(sp)
    3902:	842a                	mv	s0,a0
    3904:	84ae                	mv	s1,a1
    3906:	8932                	mv	s2,a2
    3908:	85be                	mv	a1,a5
    390a:	1a30                	addi	a2,sp,312
    390c:	1008                	addi	a0,sp,32
    390e:	12112623          	sw	ra,300(sp)
    3912:	c636                	sw	a3,12(sp)
    3914:	c43a                	sw	a4,8(sp)
    3916:	13012c23          	sw	a6,312(sp)
    391a:	13112e23          	sw	a7,316(sp)
    391e:	ce32                	sw	a2,28(sp)
    3920:	353060ef          	jal	ra,a472 <vsiprintf>
    3924:	4722                	lw	a4,8(sp)
    3926:	46b2                	lw	a3,12(sp)
    3928:	01049593          	slli	a1,s1,0x10
    392c:	01041513          	slli	a0,s0,0x10
    3930:	87ba                	mv	a5,a4
    3932:	1010                	addi	a2,sp,32
    3934:	8736                	mv	a4,a3
    3936:	81c1                	srli	a1,a1,0x10
    3938:	86ca                	mv	a3,s2
    393a:	8141                	srli	a0,a0,0x10
    393c:	dffff0ef          	jal	ra,373a <LCD_ShowString>
    3940:	12c12083          	lw	ra,300(sp)
    3944:	12812403          	lw	s0,296(sp)
    3948:	12412483          	lw	s1,292(sp)
    394c:	12012903          	lw	s2,288(sp)
    3950:	6131                	addi	sp,sp,320
    3952:	8082                	ret

00003954 <LCD_GPIO_Init>:
    3954:	81dfc2ef          	jal	t0,170 <__riscv_save_0>
    3958:	1141                	addi	sp,sp,-16
    395a:	4585                	li	a1,1
    395c:	4521                	li	a0,8
    395e:	af5fd0ef          	jal	ra,1452 <RCC_PB2PeriphClockCmd>
    3962:	3f000793          	li	a5,1008
    3966:	40011437          	lui	s0,0x40011
    396a:	827c                	sh	a5,4(sp)
    396c:	47c1                	li	a5,16
    396e:	c63e                	sw	a5,12(sp)
    3970:	004c                	addi	a1,sp,4
    3972:	478d                	li	a5,3
    3974:	c0040513          	addi	a0,s0,-1024 # 40010c00 <_eusrstack+0x2000bc00>
    3978:	c43e                	sw	a5,8(sp)
    397a:	cb0fd0ef          	jal	ra,e2a <GPIO_Init>
    397e:	3f000593          	li	a1,1008
    3982:	c0040513          	addi	a0,s0,-1024
    3986:	d6efd0ef          	jal	ra,ef4 <GPIO_SetBits>
    398a:	0141                	addi	sp,sp,16
    398c:	809fc06f          	j	194 <__riscv_restore_0>

00003990 <LCD_Writ_Bus>:
    3990:	fc6fc2ef          	jal	t0,156 <__riscv_save_4>
    3994:	84aa                	mv	s1,a0
    3996:	40011537          	lui	a0,0x40011
    399a:	20000593          	li	a1,512
    399e:	c0050513          	addi	a0,a0,-1024 # 40010c00 <_eusrstack+0x2000bc00>
    39a2:	400119b7          	lui	s3,0x40011
    39a6:	d52fd0ef          	jal	ra,ef8 <GPIO_ResetBits>
    39aa:	4421                	li	s0,8
    39ac:	c0098913          	addi	s2,s3,-1024 # 40010c00 <_eusrstack+0x2000bc00>
    39b0:	10000593          	li	a1,256
    39b4:	854a                	mv	a0,s2
    39b6:	d42fd0ef          	jal	ra,ef8 <GPIO_ResetBits>
    39ba:	01849793          	slli	a5,s1,0x18
    39be:	87e1                	srai	a5,a5,0x18
    39c0:	08000593          	li	a1,128
    39c4:	854a                	mv	a0,s2
    39c6:	0207d863          	bgez	a5,39f6 <LCD_Writ_Bus+0x66>
    39ca:	d2afd0ef          	jal	ra,ef4 <GPIO_SetBits>
    39ce:	147d                	addi	s0,s0,-1
    39d0:	10000593          	li	a1,256
    39d4:	854a                	mv	a0,s2
    39d6:	0486                	slli	s1,s1,0x1
    39d8:	0ff47413          	andi	s0,s0,255
    39dc:	d18fd0ef          	jal	ra,ef4 <GPIO_SetBits>
    39e0:	0ff4f493          	andi	s1,s1,255
    39e4:	f471                	bnez	s0,39b0 <LCD_Writ_Bus+0x20>
    39e6:	20000593          	li	a1,512
    39ea:	c0098513          	addi	a0,s3,-1024
    39ee:	d06fd0ef          	jal	ra,ef4 <GPIO_SetBits>
    39f2:	f98fc06f          	j	18a <__riscv_restore_4>
    39f6:	d02fd0ef          	jal	ra,ef8 <GPIO_ResetBits>
    39fa:	bfd1                	j	39ce <LCD_Writ_Bus+0x3e>

000039fc <LCD_WR_DATA>:
    39fc:	f74fc2ef          	jal	t0,170 <__riscv_save_0>
    3a00:	842a                	mv	s0,a0
    3a02:	8121                	srli	a0,a0,0x8
    3a04:	f8dff0ef          	jal	ra,3990 <LCD_Writ_Bus>
    3a08:	0ff47513          	andi	a0,s0,255
    3a0c:	f85ff0ef          	jal	ra,3990 <LCD_Writ_Bus>
    3a10:	f84fc06f          	j	194 <__riscv_restore_0>

00003a14 <LCD_WR_REG>:
    3a14:	f5cfc2ef          	jal	t0,170 <__riscv_save_0>
    3a18:	40011437          	lui	s0,0x40011
    3a1c:	84aa                	mv	s1,a0
    3a1e:	04000593          	li	a1,64
    3a22:	c0040513          	addi	a0,s0,-1024 # 40010c00 <_eusrstack+0x2000bc00>
    3a26:	cd2fd0ef          	jal	ra,ef8 <GPIO_ResetBits>
    3a2a:	8526                	mv	a0,s1
    3a2c:	f65ff0ef          	jal	ra,3990 <LCD_Writ_Bus>
    3a30:	04000593          	li	a1,64
    3a34:	c0040513          	addi	a0,s0,-1024
    3a38:	cbcfd0ef          	jal	ra,ef4 <GPIO_SetBits>
    3a3c:	f58fc06f          	j	194 <__riscv_restore_0>

00003a40 <LCD_Address_Set>:
    3a40:	f30fc2ef          	jal	t0,170 <__riscv_save_0>
    3a44:	1141                	addi	sp,sp,-16
    3a46:	842a                	mv	s0,a0
    3a48:	02a00513          	li	a0,42
    3a4c:	c236                	sw	a3,4(sp)
    3a4e:	c62e                	sw	a1,12(sp)
    3a50:	c432                	sw	a2,8(sp)
    3a52:	fc3ff0ef          	jal	ra,3a14 <LCD_WR_REG>
    3a56:	00c40513          	addi	a0,s0,12
    3a5a:	0542                	slli	a0,a0,0x10
    3a5c:	8141                	srli	a0,a0,0x10
    3a5e:	f9fff0ef          	jal	ra,39fc <LCD_WR_DATA>
    3a62:	4622                	lw	a2,8(sp)
    3a64:	0631                	addi	a2,a2,12
    3a66:	01061513          	slli	a0,a2,0x10
    3a6a:	8141                	srli	a0,a0,0x10
    3a6c:	f91ff0ef          	jal	ra,39fc <LCD_WR_DATA>
    3a70:	02b00513          	li	a0,43
    3a74:	fa1ff0ef          	jal	ra,3a14 <LCD_WR_REG>
    3a78:	45b2                	lw	a1,12(sp)
    3a7a:	852e                	mv	a0,a1
    3a7c:	f81ff0ef          	jal	ra,39fc <LCD_WR_DATA>
    3a80:	4692                	lw	a3,4(sp)
    3a82:	8536                	mv	a0,a3
    3a84:	f79ff0ef          	jal	ra,39fc <LCD_WR_DATA>
    3a88:	02c00513          	li	a0,44
    3a8c:	f89ff0ef          	jal	ra,3a14 <LCD_WR_REG>
    3a90:	0141                	addi	sp,sp,16
    3a92:	f02fc06f          	j	194 <__riscv_restore_0>

00003a96 <LCD_Init>:
    3a96:	edafc2ef          	jal	t0,170 <__riscv_save_0>
    3a9a:	ebbff0ef          	jal	ra,3954 <LCD_GPIO_Init>
    3a9e:	40011437          	lui	s0,0x40011
    3aa2:	02000593          	li	a1,32
    3aa6:	c0040513          	addi	a0,s0,-1024 # 40010c00 <_eusrstack+0x2000bc00>
    3aaa:	c4efd0ef          	jal	ra,ef8 <GPIO_ResetBits>
    3aae:	06400513          	li	a0,100
    3ab2:	2cb9                	jal	3d10 <Delay_Ms>
    3ab4:	02000593          	li	a1,32
    3ab8:	c0040513          	addi	a0,s0,-1024
    3abc:	c38fd0ef          	jal	ra,ef4 <GPIO_SetBits>
    3ac0:	06400513          	li	a0,100
    3ac4:	24b1                	jal	3d10 <Delay_Ms>
    3ac6:	45c1                	li	a1,16
    3ac8:	c0040513          	addi	a0,s0,-1024
    3acc:	c2cfd0ef          	jal	ra,ef8 <GPIO_ResetBits>
    3ad0:	06400513          	li	a0,100
    3ad4:	2c35                	jal	3d10 <Delay_Ms>
    3ad6:	4545                	li	a0,17
    3ad8:	f3dff0ef          	jal	ra,3a14 <LCD_WR_REG>
    3adc:	07800513          	li	a0,120
    3ae0:	2c05                	jal	3d10 <Delay_Ms>
    3ae2:	03600513          	li	a0,54
    3ae6:	f2fff0ef          	jal	ra,3a14 <LCD_WR_REG>
    3aea:	0a000513          	li	a0,160
    3aee:	ea3ff0ef          	jal	ra,3990 <LCD_Writ_Bus>
    3af2:	03a00513          	li	a0,58
    3af6:	f1fff0ef          	jal	ra,3a14 <LCD_WR_REG>
    3afa:	4515                	li	a0,5
    3afc:	e95ff0ef          	jal	ra,3990 <LCD_Writ_Bus>
    3b00:	0b200513          	li	a0,178
    3b04:	f11ff0ef          	jal	ra,3a14 <LCD_WR_REG>
    3b08:	4531                	li	a0,12
    3b0a:	e87ff0ef          	jal	ra,3990 <LCD_Writ_Bus>
    3b0e:	4531                	li	a0,12
    3b10:	e81ff0ef          	jal	ra,3990 <LCD_Writ_Bus>
    3b14:	4501                	li	a0,0
    3b16:	e7bff0ef          	jal	ra,3990 <LCD_Writ_Bus>
    3b1a:	03300513          	li	a0,51
    3b1e:	e73ff0ef          	jal	ra,3990 <LCD_Writ_Bus>
    3b22:	03300513          	li	a0,51
    3b26:	e6bff0ef          	jal	ra,3990 <LCD_Writ_Bus>
    3b2a:	0b700513          	li	a0,183
    3b2e:	ee7ff0ef          	jal	ra,3a14 <LCD_WR_REG>
    3b32:	03500513          	li	a0,53
    3b36:	e5bff0ef          	jal	ra,3990 <LCD_Writ_Bus>
    3b3a:	0bb00513          	li	a0,187
    3b3e:	ed7ff0ef          	jal	ra,3a14 <LCD_WR_REG>
    3b42:	03200513          	li	a0,50
    3b46:	e4bff0ef          	jal	ra,3990 <LCD_Writ_Bus>
    3b4a:	0c200513          	li	a0,194
    3b4e:	ec7ff0ef          	jal	ra,3a14 <LCD_WR_REG>
    3b52:	4505                	li	a0,1
    3b54:	e3dff0ef          	jal	ra,3990 <LCD_Writ_Bus>
    3b58:	0c300513          	li	a0,195
    3b5c:	eb9ff0ef          	jal	ra,3a14 <LCD_WR_REG>
    3b60:	4555                	li	a0,21
    3b62:	e2fff0ef          	jal	ra,3990 <LCD_Writ_Bus>
    3b66:	0c400513          	li	a0,196
    3b6a:	eabff0ef          	jal	ra,3a14 <LCD_WR_REG>
    3b6e:	02000513          	li	a0,32
    3b72:	e1fff0ef          	jal	ra,3990 <LCD_Writ_Bus>
    3b76:	0c600513          	li	a0,198
    3b7a:	e9bff0ef          	jal	ra,3a14 <LCD_WR_REG>
    3b7e:	453d                	li	a0,15
    3b80:	e11ff0ef          	jal	ra,3990 <LCD_Writ_Bus>
    3b84:	0d000513          	li	a0,208
    3b88:	e8dff0ef          	jal	ra,3a14 <LCD_WR_REG>
    3b8c:	0a400513          	li	a0,164
    3b90:	e01ff0ef          	jal	ra,3990 <LCD_Writ_Bus>
    3b94:	0a100513          	li	a0,161
    3b98:	df9ff0ef          	jal	ra,3990 <LCD_Writ_Bus>
    3b9c:	0e000513          	li	a0,224
    3ba0:	e75ff0ef          	jal	ra,3a14 <LCD_WR_REG>
    3ba4:	0d000513          	li	a0,208
    3ba8:	de9ff0ef          	jal	ra,3990 <LCD_Writ_Bus>
    3bac:	4521                	li	a0,8
    3bae:	de3ff0ef          	jal	ra,3990 <LCD_Writ_Bus>
    3bb2:	4539                	li	a0,14
    3bb4:	dddff0ef          	jal	ra,3990 <LCD_Writ_Bus>
    3bb8:	4525                	li	a0,9
    3bba:	dd7ff0ef          	jal	ra,3990 <LCD_Writ_Bus>
    3bbe:	4525                	li	a0,9
    3bc0:	dd1ff0ef          	jal	ra,3990 <LCD_Writ_Bus>
    3bc4:	4515                	li	a0,5
    3bc6:	dcbff0ef          	jal	ra,3990 <LCD_Writ_Bus>
    3bca:	03100513          	li	a0,49
    3bce:	dc3ff0ef          	jal	ra,3990 <LCD_Writ_Bus>
    3bd2:	03300513          	li	a0,51
    3bd6:	dbbff0ef          	jal	ra,3990 <LCD_Writ_Bus>
    3bda:	04800513          	li	a0,72
    3bde:	db3ff0ef          	jal	ra,3990 <LCD_Writ_Bus>
    3be2:	455d                	li	a0,23
    3be4:	dadff0ef          	jal	ra,3990 <LCD_Writ_Bus>
    3be8:	4551                	li	a0,20
    3bea:	da7ff0ef          	jal	ra,3990 <LCD_Writ_Bus>
    3bee:	4555                	li	a0,21
    3bf0:	da1ff0ef          	jal	ra,3990 <LCD_Writ_Bus>
    3bf4:	03100513          	li	a0,49
    3bf8:	d99ff0ef          	jal	ra,3990 <LCD_Writ_Bus>
    3bfc:	03400513          	li	a0,52
    3c00:	d91ff0ef          	jal	ra,3990 <LCD_Writ_Bus>
    3c04:	0e100513          	li	a0,225
    3c08:	e0dff0ef          	jal	ra,3a14 <LCD_WR_REG>
    3c0c:	0d000513          	li	a0,208
    3c10:	d81ff0ef          	jal	ra,3990 <LCD_Writ_Bus>
    3c14:	4521                	li	a0,8
    3c16:	d7bff0ef          	jal	ra,3990 <LCD_Writ_Bus>
    3c1a:	4539                	li	a0,14
    3c1c:	d75ff0ef          	jal	ra,3990 <LCD_Writ_Bus>
    3c20:	4525                	li	a0,9
    3c22:	d6fff0ef          	jal	ra,3990 <LCD_Writ_Bus>
    3c26:	4525                	li	a0,9
    3c28:	d69ff0ef          	jal	ra,3990 <LCD_Writ_Bus>
    3c2c:	4555                	li	a0,21
    3c2e:	d63ff0ef          	jal	ra,3990 <LCD_Writ_Bus>
    3c32:	03100513          	li	a0,49
    3c36:	d5bff0ef          	jal	ra,3990 <LCD_Writ_Bus>
    3c3a:	03300513          	li	a0,51
    3c3e:	d53ff0ef          	jal	ra,3990 <LCD_Writ_Bus>
    3c42:	04800513          	li	a0,72
    3c46:	d4bff0ef          	jal	ra,3990 <LCD_Writ_Bus>
    3c4a:	455d                	li	a0,23
    3c4c:	d45ff0ef          	jal	ra,3990 <LCD_Writ_Bus>
    3c50:	4551                	li	a0,20
    3c52:	d3fff0ef          	jal	ra,3990 <LCD_Writ_Bus>
    3c56:	4555                	li	a0,21
    3c58:	d39ff0ef          	jal	ra,3990 <LCD_Writ_Bus>
    3c5c:	03100513          	li	a0,49
    3c60:	d31ff0ef          	jal	ra,3990 <LCD_Writ_Bus>
    3c64:	03400513          	li	a0,52
    3c68:	d29ff0ef          	jal	ra,3990 <LCD_Writ_Bus>
    3c6c:	02100513          	li	a0,33
    3c70:	da5ff0ef          	jal	ra,3a14 <LCD_WR_REG>
    3c74:	02900513          	li	a0,41
    3c78:	d9dff0ef          	jal	ra,3a14 <LCD_WR_REG>
    3c7c:	d18fc06f          	j	194 <__riscv_restore_0>

00003c80 <Timer_Init>:
    3c80:	cf0fc2ef          	jal	t0,170 <__riscv_save_0>
    3c84:	1101                	addi	sp,sp,-32
    3c86:	4585                	li	a1,1
    3c88:	4505                	li	a0,1
    3c8a:	fe6fd0ef          	jal	ra,1470 <RCC_PB1PeriphClockCmd>
    3c8e:	40000537          	lui	a0,0x40000
    3c92:	aadfd0ef          	jal	ra,173e <TIM_InternalClockConfig>
    3c96:	06300793          	li	a5,99
    3c9a:	ca3e                	sw	a5,20(sp)
    3c9c:	6789                	lui	a5,0x2
    3c9e:	57f78793          	addi	a5,a5,1407 # 257f <EC_01G_GPS_Get+0x95>
    3ca2:	084c                	addi	a1,sp,20
    3ca4:	40000537          	lui	a0,0x40000
    3ca8:	cc3e                	sw	a5,24(sp)
    3caa:	00011e23          	sh	zero,28(sp)
    3cae:	00010f23          	sb	zero,30(sp)
    3cb2:	9edfd0ef          	jal	ra,169e <TIM_TimeBaseInit>
    3cb6:	4585                	li	a1,1
    3cb8:	40000537          	lui	a0,0x40000
    3cbc:	a93fd0ef          	jal	ra,174e <TIM_ClearFlag>
    3cc0:	4605                	li	a2,1
    3cc2:	4585                	li	a1,1
    3cc4:	40000537          	lui	a0,0x40000
    3cc8:	a65fd0ef          	jal	ra,172c <TIM_ITConfig>
    3ccc:	4785                	li	a5,1
    3cce:	c83e                	sw	a5,16(sp)
    3cd0:	0068                	addi	a0,sp,12
    3cd2:	12c00793          	li	a5,300
    3cd6:	867c                	sh	a5,12(sp)
    3cd8:	00010723          	sb	zero,14(sp)
    3cdc:	d20fd0ef          	jal	ra,11fc <NVIC_Init>
    3ce0:	4585                	li	a1,1
    3ce2:	40000537          	lui	a0,0x40000
    3ce6:	a2ffd0ef          	jal	ra,1714 <TIM_Cmd>
    3cea:	6105                	addi	sp,sp,32
    3cec:	ca8fc06f          	j	194 <__riscv_restore_0>

00003cf0 <Delay_Init>:
    3cf0:	200007b7          	lui	a5,0x20000
    3cf4:	1f47a783          	lw	a5,500(a5) # 200001f4 <SystemCoreClock>
    3cf8:	6709                	lui	a4,0x2
    3cfa:	f4070713          	addi	a4,a4,-192 # 1f40 <IMUupdate+0x1cc>
    3cfe:	02e7d7b3          	divu	a5,a5,a4
    3d02:	07c2                	slli	a5,a5,0x10
    3d04:	83c1                	srli	a5,a5,0x10
    3d06:	8ef19123          	sh	a5,-1822(gp) # 200002d2 <p_us>
    3d0a:	8ef19023          	sh	a5,-1824(gp) # 200002d0 <p_ms>
    3d0e:	8082                	ret

00003d10 <Delay_Ms>:
    3d10:	e000f7b7          	lui	a5,0xe000f
    3d14:	43d8                	lw	a4,4(a5)
    3d16:	4681                	li	a3,0
    3d18:	9b79                	andi	a4,a4,-2
    3d1a:	c3d8                	sw	a4,4(a5)
    3d1c:	8e01d703          	lhu	a4,-1824(gp) # 200002d0 <p_ms>
    3d20:	02a70633          	mul	a2,a4,a0
    3d24:	cb90                	sw	a2,16(a5)
    3d26:	cbd4                	sw	a3,20(a5)
    3d28:	4398                	lw	a4,0(a5)
    3d2a:	01076713          	ori	a4,a4,16
    3d2e:	c398                	sw	a4,0(a5)
    3d30:	4398                	lw	a4,0(a5)
    3d32:	02176713          	ori	a4,a4,33
    3d36:	c398                	sw	a4,0(a5)
    3d38:	43d8                	lw	a4,4(a5)
    3d3a:	8b05                	andi	a4,a4,1
    3d3c:	df75                	beqz	a4,3d38 <Delay_Ms+0x28>
    3d3e:	4398                	lw	a4,0(a5)
    3d40:	9b79                	andi	a4,a4,-2
    3d42:	c398                	sw	a4,0(a5)
    3d44:	8082                	ret

00003d46 <_sbrk>:
    3d46:	83c18713          	addi	a4,gp,-1988 # 2000022c <curbrk.4999>
    3d4a:	431c                	lw	a5,0(a4)
    3d4c:	c5c18693          	addi	a3,gp,-932 # 2000064c <_ebss>
    3d50:	953e                	add	a0,a0,a5
    3d52:	00d56b63          	bltu	a0,a3,3d68 <_sbrk+0x22>
    3d56:	200056b7          	lui	a3,0x20005
    3d5a:	80068693          	addi	a3,a3,-2048 # 20004800 <_heap_end>
    3d5e:	00a6e563          	bltu	a3,a0,3d68 <_sbrk+0x22>
    3d62:	c308                	sw	a0,0(a4)
    3d64:	853e                	mv	a0,a5
    3d66:	8082                	ret
    3d68:	57fd                	li	a5,-1
    3d6a:	bfed                	j	3d64 <_sbrk+0x1e>

00003d6c <asin>:
    3d6c:	715d                	addi	sp,sp,-80
    3d6e:	c4a2                	sw	s0,72(sp)
    3d70:	c2a6                	sw	s1,68(sp)
    3d72:	c0ca                	sw	s2,64(sp)
    3d74:	de4e                	sw	s3,60(sp)
    3d76:	dc52                	sw	s4,56(sp)
    3d78:	c686                	sw	ra,76(sp)
    3d7a:	84018a13          	addi	s4,gp,-1984 # 20000230 <__fdlib_version>
    3d7e:	842a                	mv	s0,a0
    3d80:	84ae                	mv	s1,a1
    3d82:	2171                	jal	420e <__ieee754_asin>
    3d84:	000a2703          	lw	a4,0(s4)
    3d88:	57fd                	li	a5,-1
    3d8a:	892a                	mv	s2,a0
    3d8c:	89ae                	mv	s3,a1
    3d8e:	02f70763          	beq	a4,a5,3dbc <asin+0x50>
    3d92:	8622                	mv	a2,s0
    3d94:	86a6                	mv	a3,s1
    3d96:	8522                	mv	a0,s0
    3d98:	85a6                	mv	a1,s1
    3d9a:	039030ef          	jal	ra,75d2 <__unorddf2>
    3d9e:	ed19                	bnez	a0,3dbc <asin+0x50>
    3da0:	8522                	mv	a0,s0
    3da2:	85a6                	mv	a1,s1
    3da4:	287010ef          	jal	ra,582a <fabs>
    3da8:	00009797          	auipc	a5,0x9
    3dac:	ca878793          	addi	a5,a5,-856 # ca50 <__trunctfdf2+0x230>
    3db0:	4390                	lw	a2,0(a5)
    3db2:	43d4                	lw	a3,4(a5)
    3db4:	2c5020ef          	jal	ra,6878 <__gedf2>
    3db8:	00a04c63          	bgtz	a0,3dd0 <asin+0x64>
    3dbc:	40b6                	lw	ra,76(sp)
    3dbe:	4426                	lw	s0,72(sp)
    3dc0:	854a                	mv	a0,s2
    3dc2:	85ce                	mv	a1,s3
    3dc4:	4496                	lw	s1,68(sp)
    3dc6:	4906                	lw	s2,64(sp)
    3dc8:	59f2                	lw	s3,60(sp)
    3dca:	5a62                	lw	s4,56(sp)
    3dcc:	6161                	addi	sp,sp,80
    3dce:	8082                	ret
    3dd0:	4785                	li	a5,1
    3dd2:	c43e                	sw	a5,8(sp)
    3dd4:	00009517          	auipc	a0,0x9
    3dd8:	02850513          	addi	a0,a0,40 # cdfc <__trunctfdf2+0x5dc>
    3ddc:	0000b797          	auipc	a5,0xb
    3de0:	c8078793          	addi	a5,a5,-896 # ea5c <tfont32+0x428>
    3de4:	c63e                	sw	a5,12(sp)
    3de6:	d402                	sw	zero,40(sp)
    3de8:	cc22                	sw	s0,24(sp)
    3dea:	ce26                	sw	s1,28(sp)
    3dec:	c822                	sw	s0,16(sp)
    3dee:	ca26                	sw	s1,20(sp)
    3df0:	253010ef          	jal	ra,5842 <nan>
    3df4:	000a2703          	lw	a4,0(s4)
    3df8:	d02a                	sw	a0,32(sp)
    3dfa:	d22e                	sw	a1,36(sp)
    3dfc:	4789                	li	a5,2
    3dfe:	00f70b63          	beq	a4,a5,3e14 <asin+0xa8>
    3e02:	0028                	addi	a0,sp,8
    3e04:	23b010ef          	jal	ra,583e <matherr>
    3e08:	c511                	beqz	a0,3e14 <asin+0xa8>
    3e0a:	57a2                	lw	a5,40(sp)
    3e0c:	eb91                	bnez	a5,3e20 <asin+0xb4>
    3e0e:	5902                	lw	s2,32(sp)
    3e10:	5992                	lw	s3,36(sp)
    3e12:	b76d                	j	3dbc <asin+0x50>
    3e14:	41d040ef          	jal	ra,8a30 <__errno>
    3e18:	02100793          	li	a5,33
    3e1c:	c11c                	sw	a5,0(a0)
    3e1e:	b7f5                	j	3e0a <asin+0x9e>
    3e20:	411040ef          	jal	ra,8a30 <__errno>
    3e24:	57a2                	lw	a5,40(sp)
    3e26:	c11c                	sw	a5,0(a0)
    3e28:	b7dd                	j	3e0e <asin+0xa2>

00003e2a <atan2>:
    3e2a:	04d0006f          	j	4676 <__ieee754_atan2>

00003e2e <pow>:
    3e2e:	711d                	addi	sp,sp,-96
    3e30:	de5e                	sw	s7,60(sp)
    3e32:	84018b93          	addi	s7,gp,-1984 # 20000230 <__fdlib_version>
    3e36:	cca2                	sw	s0,88(sp)
    3e38:	caa6                	sw	s1,84(sp)
    3e3a:	c8ca                	sw	s2,80(sp)
    3e3c:	c6ce                	sw	s3,76(sp)
    3e3e:	c4d2                	sw	s4,72(sp)
    3e40:	c2d6                	sw	s5,68(sp)
    3e42:	c0da                	sw	s6,64(sp)
    3e44:	ce86                	sw	ra,92(sp)
    3e46:	892a                	mv	s2,a0
    3e48:	89ae                	mv	s3,a1
    3e4a:	8432                	mv	s0,a2
    3e4c:	84b6                	mv	s1,a3
    3e4e:	20d000ef          	jal	ra,485a <__ieee754_pow>
    3e52:	000bab03          	lw	s6,0(s7)
    3e56:	57fd                	li	a5,-1
    3e58:	8aaa                	mv	s5,a0
    3e5a:	8a2e                	mv	s4,a1
    3e5c:	06fb0763          	beq	s6,a5,3eca <pow+0x9c>
    3e60:	8622                	mv	a2,s0
    3e62:	86a6                	mv	a3,s1
    3e64:	8522                	mv	a0,s0
    3e66:	85a6                	mv	a1,s1
    3e68:	76a030ef          	jal	ra,75d2 <__unorddf2>
    3e6c:	ed39                	bnez	a0,3eca <pow+0x9c>
    3e6e:	864a                	mv	a2,s2
    3e70:	86ce                	mv	a3,s3
    3e72:	854a                	mv	a0,s2
    3e74:	85ce                	mv	a1,s3
    3e76:	75c030ef          	jal	ra,75d2 <__unorddf2>
    3e7a:	4601                	li	a2,0
    3e7c:	4681                	li	a3,0
    3e7e:	10051b63          	bnez	a0,3f94 <pow+0x166>
    3e82:	854a                	mv	a0,s2
    3e84:	85ce                	mv	a1,s3
    3e86:	189020ef          	jal	ra,680e <__eqdf2>
    3e8a:	ed29                	bnez	a0,3ee4 <pow+0xb6>
    3e8c:	4601                	li	a2,0
    3e8e:	4681                	li	a3,0
    3e90:	8522                	mv	a0,s0
    3e92:	85a6                	mv	a1,s1
    3e94:	17b020ef          	jal	ra,680e <__eqdf2>
    3e98:	e14d                	bnez	a0,3f3a <pow+0x10c>
    3e9a:	4785                	li	a5,1
    3e9c:	c43e                	sw	a5,8(sp)
    3e9e:	0000b797          	auipc	a5,0xb
    3ea2:	bea78793          	addi	a5,a5,-1046 # ea88 <tfont32+0x454>
    3ea6:	c63e                	sw	a5,12(sp)
    3ea8:	d402                	sw	zero,40(sp)
    3eaa:	c84a                	sw	s2,16(sp)
    3eac:	ca4e                	sw	s3,20(sp)
    3eae:	cc22                	sw	s0,24(sp)
    3eb0:	ce26                	sw	s1,28(sp)
    3eb2:	d002                	sw	zero,32(sp)
    3eb4:	d202                	sw	zero,36(sp)
    3eb6:	100b0d63          	beqz	s6,3fd0 <pow+0x1a2>
    3eba:	00009797          	auipc	a5,0x9
    3ebe:	b9678793          	addi	a5,a5,-1130 # ca50 <__trunctfdf2+0x230>
    3ec2:	0007aa83          	lw	s5,0(a5)
    3ec6:	0047aa03          	lw	s4,4(a5)
    3eca:	40f6                	lw	ra,92(sp)
    3ecc:	4466                	lw	s0,88(sp)
    3ece:	8556                	mv	a0,s5
    3ed0:	85d2                	mv	a1,s4
    3ed2:	44d6                	lw	s1,84(sp)
    3ed4:	4946                	lw	s2,80(sp)
    3ed6:	49b6                	lw	s3,76(sp)
    3ed8:	4a26                	lw	s4,72(sp)
    3eda:	4a96                	lw	s5,68(sp)
    3edc:	4b06                	lw	s6,64(sp)
    3ede:	5bf2                	lw	s7,60(sp)
    3ee0:	6125                	addi	sp,sp,96
    3ee2:	8082                	ret
    3ee4:	8556                	mv	a0,s5
    3ee6:	85d2                	mv	a1,s4
    3ee8:	149010ef          	jal	ra,5830 <finite>
    3eec:	0e050f63          	beqz	a0,3fea <pow+0x1bc>
    3ef0:	8556                	mv	a0,s5
    3ef2:	85d2                	mv	a1,s4
    3ef4:	4601                	li	a2,0
    3ef6:	4681                	li	a3,0
    3ef8:	117020ef          	jal	ra,680e <__eqdf2>
    3efc:	f579                	bnez	a0,3eca <pow+0x9c>
    3efe:	854a                	mv	a0,s2
    3f00:	85ce                	mv	a1,s3
    3f02:	12f010ef          	jal	ra,5830 <finite>
    3f06:	d171                	beqz	a0,3eca <pow+0x9c>
    3f08:	8522                	mv	a0,s0
    3f0a:	85a6                	mv	a1,s1
    3f0c:	125010ef          	jal	ra,5830 <finite>
    3f10:	dd4d                	beqz	a0,3eca <pow+0x9c>
    3f12:	4791                	li	a5,4
    3f14:	000ba703          	lw	a4,0(s7)
    3f18:	c43e                	sw	a5,8(sp)
    3f1a:	0000b797          	auipc	a5,0xb
    3f1e:	b6e78793          	addi	a5,a5,-1170 # ea88 <tfont32+0x454>
    3f22:	c63e                	sw	a5,12(sp)
    3f24:	d402                	sw	zero,40(sp)
    3f26:	c84a                	sw	s2,16(sp)
    3f28:	ca4e                	sw	s3,20(sp)
    3f2a:	cc22                	sw	s0,24(sp)
    3f2c:	ce26                	sw	s1,28(sp)
    3f2e:	d002                	sw	zero,32(sp)
    3f30:	d202                	sw	zero,36(sp)
    3f32:	4789                	li	a5,2
    3f34:	12f71b63          	bne	a4,a5,406a <pow+0x23c>
    3f38:	aa35                	j	4074 <pow+0x246>
    3f3a:	8522                	mv	a0,s0
    3f3c:	85a6                	mv	a1,s1
    3f3e:	0f3010ef          	jal	ra,5830 <finite>
    3f42:	d541                	beqz	a0,3eca <pow+0x9c>
    3f44:	4601                	li	a2,0
    3f46:	4681                	li	a3,0
    3f48:	8522                	mv	a0,s0
    3f4a:	85a6                	mv	a1,s1
    3f4c:	1db020ef          	jal	ra,6926 <__ledf2>
    3f50:	f6055de3          	bgez	a0,3eca <pow+0x9c>
    3f54:	4705                	li	a4,1
    3f56:	000ba783          	lw	a5,0(s7)
    3f5a:	c43a                	sw	a4,8(sp)
    3f5c:	0000b717          	auipc	a4,0xb
    3f60:	b2c70713          	addi	a4,a4,-1236 # ea88 <tfont32+0x454>
    3f64:	c63a                	sw	a4,12(sp)
    3f66:	d402                	sw	zero,40(sp)
    3f68:	c84a                	sw	s2,16(sp)
    3f6a:	ca4e                	sw	s3,20(sp)
    3f6c:	cc22                	sw	s0,24(sp)
    3f6e:	ce26                	sw	s1,28(sp)
    3f70:	10079863          	bnez	a5,4080 <pow+0x252>
    3f74:	d002                	sw	zero,32(sp)
    3f76:	d202                	sw	zero,36(sp)
    3f78:	0028                	addi	a0,sp,8
    3f7a:	0c5010ef          	jal	ra,583e <matherr>
    3f7e:	10050c63          	beqz	a0,4096 <pow+0x268>
    3f82:	57a2                	lw	a5,40(sp)
    3f84:	c789                	beqz	a5,3f8e <pow+0x160>
    3f86:	2ab040ef          	jal	ra,8a30 <__errno>
    3f8a:	57a2                	lw	a5,40(sp)
    3f8c:	c11c                	sw	a5,0(a0)
    3f8e:	5a82                	lw	s5,32(sp)
    3f90:	5a12                	lw	s4,36(sp)
    3f92:	bf25                	j	3eca <pow+0x9c>
    3f94:	8522                	mv	a0,s0
    3f96:	85a6                	mv	a1,s1
    3f98:	077020ef          	jal	ra,680e <__eqdf2>
    3f9c:	f51d                	bnez	a0,3eca <pow+0x9c>
    3f9e:	00009797          	auipc	a5,0x9
    3fa2:	ab278793          	addi	a5,a5,-1358 # ca50 <__trunctfdf2+0x230>
    3fa6:	0047aa03          	lw	s4,4(a5)
    3faa:	0007aa83          	lw	s5,0(a5)
    3fae:	4685                	li	a3,1
    3fb0:	c436                	sw	a3,8(sp)
    3fb2:	0000b697          	auipc	a3,0xb
    3fb6:	ad668693          	addi	a3,a3,-1322 # ea88 <tfont32+0x454>
    3fba:	c636                	sw	a3,12(sp)
    3fbc:	d402                	sw	zero,40(sp)
    3fbe:	c84a                	sw	s2,16(sp)
    3fc0:	ca4e                	sw	s3,20(sp)
    3fc2:	cc22                	sw	s0,24(sp)
    3fc4:	ce26                	sw	s1,28(sp)
    3fc6:	d056                	sw	s5,32(sp)
    3fc8:	d252                	sw	s4,36(sp)
    3fca:	4789                	li	a5,2
    3fcc:	eefb0fe3          	beq	s6,a5,3eca <pow+0x9c>
    3fd0:	0028                	addi	a0,sp,8
    3fd2:	06d010ef          	jal	ra,583e <matherr>
    3fd6:	c571                	beqz	a0,40a2 <pow+0x274>
    3fd8:	57a2                	lw	a5,40(sp)
    3fda:	dbd5                	beqz	a5,3f8e <pow+0x160>
    3fdc:	255040ef          	jal	ra,8a30 <__errno>
    3fe0:	57a2                	lw	a5,40(sp)
    3fe2:	5a82                	lw	s5,32(sp)
    3fe4:	5a12                	lw	s4,36(sp)
    3fe6:	c11c                	sw	a5,0(a0)
    3fe8:	b5cd                	j	3eca <pow+0x9c>
    3fea:	854a                	mv	a0,s2
    3fec:	85ce                	mv	a1,s3
    3fee:	043010ef          	jal	ra,5830 <finite>
    3ff2:	ee050fe3          	beqz	a0,3ef0 <pow+0xc2>
    3ff6:	8522                	mv	a0,s0
    3ff8:	85a6                	mv	a1,s1
    3ffa:	037010ef          	jal	ra,5830 <finite>
    3ffe:	ee0509e3          	beqz	a0,3ef0 <pow+0xc2>
    4002:	86d2                	mv	a3,s4
    4004:	85d2                	mv	a1,s4
    4006:	8656                	mv	a2,s5
    4008:	8556                	mv	a0,s5
    400a:	000baa03          	lw	s4,0(s7)
    400e:	5c4030ef          	jal	ra,75d2 <__unorddf2>
    4012:	10051763          	bnez	a0,4120 <pow+0x2f2>
    4016:	00009797          	auipc	a5,0x9
    401a:	b2a78793          	addi	a5,a5,-1238 # cb40 <__trunctfdf2+0x320>
    401e:	4390                	lw	a2,0(a5)
    4020:	43d4                	lw	a3,4(a5)
    4022:	478d                	li	a5,3
    4024:	8522                	mv	a0,s0
    4026:	85a6                	mv	a1,s1
    4028:	c43e                	sw	a5,8(sp)
    402a:	0000b797          	auipc	a5,0xb
    402e:	a5e78793          	addi	a5,a5,-1442 # ea88 <tfont32+0x454>
    4032:	cc22                	sw	s0,24(sp)
    4034:	ce26                	sw	s1,28(sp)
    4036:	c63e                	sw	a5,12(sp)
    4038:	d402                	sw	zero,40(sp)
    403a:	c84a                	sw	s2,16(sp)
    403c:	ca4e                	sw	s3,20(sp)
    403e:	19f020ef          	jal	ra,69dc <__muldf3>
    4042:	842a                	mv	s0,a0
    4044:	84ae                	mv	s1,a1
    4046:	060a1463          	bnez	s4,40ae <pow+0x280>
    404a:	0000b797          	auipc	a5,0xb
    404e:	a2678793          	addi	a5,a5,-1498 # ea70 <tfont32+0x43c>
    4052:	4398                	lw	a4,0(a5)
    4054:	43dc                	lw	a5,4(a5)
    4056:	4601                	li	a2,0
    4058:	4681                	li	a3,0
    405a:	854a                	mv	a0,s2
    405c:	85ce                	mv	a1,s3
    405e:	d03a                	sw	a4,32(sp)
    4060:	d23e                	sw	a5,36(sp)
    4062:	0c5020ef          	jal	ra,6926 <__ledf2>
    4066:	06054863          	bltz	a0,40d6 <pow+0x2a8>
    406a:	0028                	addi	a0,sp,8
    406c:	7d2010ef          	jal	ra,583e <matherr>
    4070:	f00519e3          	bnez	a0,3f82 <pow+0x154>
    4074:	1bd040ef          	jal	ra,8a30 <__errno>
    4078:	02200793          	li	a5,34
    407c:	c11c                	sw	a5,0(a0)
    407e:	b711                	j	3f82 <pow+0x154>
    4080:	0000b697          	auipc	a3,0xb
    4084:	9e868693          	addi	a3,a3,-1560 # ea68 <tfont32+0x434>
    4088:	4290                	lw	a2,0(a3)
    408a:	42d4                	lw	a3,4(a3)
    408c:	4709                	li	a4,2
    408e:	d032                	sw	a2,32(sp)
    4090:	d236                	sw	a3,36(sp)
    4092:	eee793e3          	bne	a5,a4,3f78 <pow+0x14a>
    4096:	19b040ef          	jal	ra,8a30 <__errno>
    409a:	02100793          	li	a5,33
    409e:	c11c                	sw	a5,0(a0)
    40a0:	b5cd                	j	3f82 <pow+0x154>
    40a2:	18f040ef          	jal	ra,8a30 <__errno>
    40a6:	02100793          	li	a5,33
    40aa:	c11c                	sw	a5,0(a0)
    40ac:	b735                	j	3fd8 <pow+0x1aa>
    40ae:	0000b797          	auipc	a5,0xb
    40b2:	9d278793          	addi	a5,a5,-1582 # ea80 <tfont32+0x44c>
    40b6:	4398                	lw	a4,0(a5)
    40b8:	43dc                	lw	a5,4(a5)
    40ba:	4601                	li	a2,0
    40bc:	4681                	li	a3,0
    40be:	854a                	mv	a0,s2
    40c0:	85ce                	mv	a1,s3
    40c2:	d03a                	sw	a4,32(sp)
    40c4:	d23e                	sw	a5,36(sp)
    40c6:	061020ef          	jal	ra,6926 <__ledf2>
    40ca:	02054a63          	bltz	a0,40fe <pow+0x2d0>
    40ce:	4789                	li	a5,2
    40d0:	fafa02e3          	beq	s4,a5,4074 <pow+0x246>
    40d4:	bf59                	j	406a <pow+0x23c>
    40d6:	8522                	mv	a0,s0
    40d8:	85a6                	mv	a1,s1
    40da:	776010ef          	jal	ra,5850 <rint>
    40de:	8622                	mv	a2,s0
    40e0:	86a6                	mv	a3,s1
    40e2:	72c020ef          	jal	ra,680e <__eqdf2>
    40e6:	c915                	beqz	a0,411a <pow+0x2ec>
    40e8:	0000b797          	auipc	a5,0xb
    40ec:	99078793          	addi	a5,a5,-1648 # ea78 <tfont32+0x444>
    40f0:	4398                	lw	a4,0(a5)
    40f2:	43dc                	lw	a5,4(a5)
    40f4:	000baa03          	lw	s4,0(s7)
    40f8:	d03a                	sw	a4,32(sp)
    40fa:	d23e                	sw	a5,36(sp)
    40fc:	bfc9                	j	40ce <pow+0x2a0>
    40fe:	8522                	mv	a0,s0
    4100:	85a6                	mv	a1,s1
    4102:	74e010ef          	jal	ra,5850 <rint>
    4106:	8622                	mv	a2,s0
    4108:	86a6                	mv	a3,s1
    410a:	704020ef          	jal	ra,680e <__eqdf2>
    410e:	c511                	beqz	a0,411a <pow+0x2ec>
    4110:	0000b797          	auipc	a5,0xb
    4114:	95878793          	addi	a5,a5,-1704 # ea68 <tfont32+0x434>
    4118:	bfe1                	j	40f0 <pow+0x2c2>
    411a:	000baa03          	lw	s4,0(s7)
    411e:	bf45                	j	40ce <pow+0x2a0>
    4120:	4785                	li	a5,1
    4122:	c43e                	sw	a5,8(sp)
    4124:	0000b797          	auipc	a5,0xb
    4128:	96478793          	addi	a5,a5,-1692 # ea88 <tfont32+0x454>
    412c:	c63e                	sw	a5,12(sp)
    412e:	d402                	sw	zero,40(sp)
    4130:	c84a                	sw	s2,16(sp)
    4132:	ca4e                	sw	s3,20(sp)
    4134:	cc22                	sw	s0,24(sp)
    4136:	ce26                	sw	s1,28(sp)
    4138:	e20a0ee3          	beqz	s4,3f74 <pow+0x146>
    413c:	4601                	li	a2,0
    413e:	4681                	li	a3,0
    4140:	8532                	mv	a0,a2
    4142:	85b6                	mv	a1,a3
    4144:	116020ef          	jal	ra,625a <__divdf3>
    4148:	d02a                	sw	a0,32(sp)
    414a:	d22e                	sw	a1,36(sp)
    414c:	4789                	li	a5,2
    414e:	f4fa04e3          	beq	s4,a5,4096 <pow+0x268>
    4152:	b51d                	j	3f78 <pow+0x14a>

00004154 <sqrt>:
    4154:	715d                	addi	sp,sp,-80
    4156:	c4a2                	sw	s0,72(sp)
    4158:	c2a6                	sw	s1,68(sp)
    415a:	c0ca                	sw	s2,64(sp)
    415c:	de52                	sw	s4,60(sp)
    415e:	dc56                	sw	s5,56(sp)
    4160:	c686                	sw	ra,76(sp)
    4162:	842a                	mv	s0,a0
    4164:	84ae                	mv	s1,a1
    4166:	1cc010ef          	jal	ra,5332 <__ieee754_sqrt>
    416a:	84018793          	addi	a5,gp,-1984 # 20000230 <__fdlib_version>
    416e:	0007a903          	lw	s2,0(a5)
    4172:	57fd                	li	a5,-1
    4174:	8a2a                	mv	s4,a0
    4176:	8aae                	mv	s5,a1
    4178:	02f90163          	beq	s2,a5,419a <sqrt+0x46>
    417c:	8622                	mv	a2,s0
    417e:	86a6                	mv	a3,s1
    4180:	8522                	mv	a0,s0
    4182:	85a6                	mv	a1,s1
    4184:	44e030ef          	jal	ra,75d2 <__unorddf2>
    4188:	e909                	bnez	a0,419a <sqrt+0x46>
    418a:	4601                	li	a2,0
    418c:	4681                	li	a3,0
    418e:	8522                	mv	a0,s0
    4190:	85a6                	mv	a1,s1
    4192:	794020ef          	jal	ra,6926 <__ledf2>
    4196:	00054c63          	bltz	a0,41ae <sqrt+0x5a>
    419a:	40b6                	lw	ra,76(sp)
    419c:	4426                	lw	s0,72(sp)
    419e:	8552                	mv	a0,s4
    41a0:	85d6                	mv	a1,s5
    41a2:	4496                	lw	s1,68(sp)
    41a4:	4906                	lw	s2,64(sp)
    41a6:	5a72                	lw	s4,60(sp)
    41a8:	5ae2                	lw	s5,56(sp)
    41aa:	6161                	addi	sp,sp,80
    41ac:	8082                	ret
    41ae:	4785                	li	a5,1
    41b0:	c43e                	sw	a5,8(sp)
    41b2:	0000b797          	auipc	a5,0xb
    41b6:	8da78793          	addi	a5,a5,-1830 # ea8c <tfont32+0x458>
    41ba:	c63e                	sw	a5,12(sp)
    41bc:	d402                	sw	zero,40(sp)
    41be:	cc22                	sw	s0,24(sp)
    41c0:	ce26                	sw	s1,28(sp)
    41c2:	c822                	sw	s0,16(sp)
    41c4:	ca26                	sw	s1,20(sp)
    41c6:	02090763          	beqz	s2,41f4 <sqrt+0xa0>
    41ca:	4601                	li	a2,0
    41cc:	4681                	li	a3,0
    41ce:	8532                	mv	a0,a2
    41d0:	85b6                	mv	a1,a3
    41d2:	088020ef          	jal	ra,625a <__divdf3>
    41d6:	d02a                	sw	a0,32(sp)
    41d8:	d22e                	sw	a1,36(sp)
    41da:	4789                	li	a5,2
    41dc:	00f91e63          	bne	s2,a5,41f8 <sqrt+0xa4>
    41e0:	051040ef          	jal	ra,8a30 <__errno>
    41e4:	02100793          	li	a5,33
    41e8:	c11c                	sw	a5,0(a0)
    41ea:	57a2                	lw	a5,40(sp)
    41ec:	ef81                	bnez	a5,4204 <sqrt+0xb0>
    41ee:	5a02                	lw	s4,32(sp)
    41f0:	5a92                	lw	s5,36(sp)
    41f2:	b765                	j	419a <sqrt+0x46>
    41f4:	d002                	sw	zero,32(sp)
    41f6:	d202                	sw	zero,36(sp)
    41f8:	0028                	addi	a0,sp,8
    41fa:	644010ef          	jal	ra,583e <matherr>
    41fe:	d16d                	beqz	a0,41e0 <sqrt+0x8c>
    4200:	57a2                	lw	a5,40(sp)
    4202:	d7f5                	beqz	a5,41ee <sqrt+0x9a>
    4204:	02d040ef          	jal	ra,8a30 <__errno>
    4208:	57a2                	lw	a5,40(sp)
    420a:	c11c                	sw	a5,0(a0)
    420c:	b7cd                	j	41ee <sqrt+0x9a>

0000420e <__ieee754_asin>:
    420e:	7139                	addi	sp,sp,-64
    4210:	d84a                	sw	s2,48(sp)
    4212:	00159913          	slli	s2,a1,0x1
    4216:	dc22                	sw	s0,56(sp)
    4218:	da26                	sw	s1,52(sp)
    421a:	de06                	sw	ra,60(sp)
    421c:	d64e                	sw	s3,44(sp)
    421e:	d452                	sw	s4,40(sp)
    4220:	d256                	sw	s5,36(sp)
    4222:	d05a                	sw	s6,32(sp)
    4224:	ce5e                	sw	s7,28(sp)
    4226:	cc62                	sw	s8,24(sp)
    4228:	ca66                	sw	s9,20(sp)
    422a:	c86a                	sw	s10,16(sp)
    422c:	c66e                	sw	s11,12(sp)
    422e:	00195913          	srli	s2,s2,0x1
    4232:	3ff007b7          	lui	a5,0x3ff00
    4236:	842e                	mv	s0,a1
    4238:	84aa                	mv	s1,a0
    423a:	06f94d63          	blt	s2,a5,42b4 <__ieee754_asin+0xa6>
    423e:	40f90933          	sub	s2,s2,a5
    4242:	00a96933          	or	s2,s2,a0
    4246:	02090b63          	beqz	s2,427c <__ieee754_asin+0x6e>
    424a:	862a                	mv	a2,a0
    424c:	86ae                	mv	a3,a1
    424e:	447020ef          	jal	ra,6e94 <__subdf3>
    4252:	862a                	mv	a2,a0
    4254:	86ae                	mv	a3,a1
    4256:	004020ef          	jal	ra,625a <__divdf3>
    425a:	84aa                	mv	s1,a0
    425c:	50f2                	lw	ra,60(sp)
    425e:	5462                	lw	s0,56(sp)
    4260:	8526                	mv	a0,s1
    4262:	5942                	lw	s2,48(sp)
    4264:	54d2                	lw	s1,52(sp)
    4266:	59b2                	lw	s3,44(sp)
    4268:	5a22                	lw	s4,40(sp)
    426a:	5a92                	lw	s5,36(sp)
    426c:	5b02                	lw	s6,32(sp)
    426e:	4bf2                	lw	s7,28(sp)
    4270:	4c62                	lw	s8,24(sp)
    4272:	4cd2                	lw	s9,20(sp)
    4274:	4d42                	lw	s10,16(sp)
    4276:	4db2                	lw	s11,12(sp)
    4278:	6121                	addi	sp,sp,64
    427a:	8082                	ret
    427c:	0000b797          	auipc	a5,0xb
    4280:	81c78793          	addi	a5,a5,-2020 # ea98 <tfont32+0x464>
    4284:	4390                	lw	a2,0(a5)
    4286:	43d4                	lw	a3,4(a5)
    4288:	754020ef          	jal	ra,69dc <__muldf3>
    428c:	0000b797          	auipc	a5,0xb
    4290:	81478793          	addi	a5,a5,-2028 # eaa0 <tfont32+0x46c>
    4294:	4390                	lw	a2,0(a5)
    4296:	43d4                	lw	a3,4(a5)
    4298:	892a                	mv	s2,a0
    429a:	89ae                	mv	s3,a1
    429c:	8526                	mv	a0,s1
    429e:	85a2                	mv	a1,s0
    42a0:	73c020ef          	jal	ra,69dc <__muldf3>
    42a4:	862a                	mv	a2,a0
    42a6:	86ae                	mv	a3,a1
    42a8:	854a                	mv	a0,s2
    42aa:	85ce                	mv	a1,s3
    42ac:	07f010ef          	jal	ra,5b2a <__adddf3>
    42b0:	84aa                	mv	s1,a0
    42b2:	b76d                	j	425c <__ieee754_asin+0x4e>
    42b4:	3fe007b7          	lui	a5,0x3fe00
    42b8:	89ae                	mv	s3,a1
    42ba:	00008b17          	auipc	s6,0x8
    42be:	796b0b13          	addi	s6,s6,1942 # ca50 <__trunctfdf2+0x230>
    42c2:	02f95a63          	bge	s2,a5,42f6 <__ieee754_asin+0xe8>
    42c6:	3e4007b7          	lui	a5,0x3e400
    42ca:	28f95463          	bge	s2,a5,4552 <__ieee754_asin+0x344>
    42ce:	0000a797          	auipc	a5,0xa
    42d2:	7da78793          	addi	a5,a5,2010 # eaa8 <tfont32+0x474>
    42d6:	4390                	lw	a2,0(a5)
    42d8:	43d4                	lw	a3,4(a5)
    42da:	00008b17          	auipc	s6,0x8
    42de:	776b0b13          	addi	s6,s6,1910 # ca50 <__trunctfdf2+0x230>
    42e2:	049010ef          	jal	ra,5b2a <__adddf3>
    42e6:	000b2603          	lw	a2,0(s6)
    42ea:	004b2683          	lw	a3,4(s6)
    42ee:	58a020ef          	jal	ra,6878 <__gedf2>
    42f2:	24a04e63          	bgtz	a0,454e <__ieee754_asin+0x340>
    42f6:	8526                	mv	a0,s1
    42f8:	85a2                	mv	a1,s0
    42fa:	530010ef          	jal	ra,582a <fabs>
    42fe:	862a                	mv	a2,a0
    4300:	86ae                	mv	a3,a1
    4302:	000b2503          	lw	a0,0(s6)
    4306:	004b2583          	lw	a1,4(s6)
    430a:	38b020ef          	jal	ra,6e94 <__subdf3>
    430e:	00009797          	auipc	a5,0x9
    4312:	83278793          	addi	a5,a5,-1998 # cb40 <__trunctfdf2+0x320>
    4316:	4390                	lw	a2,0(a5)
    4318:	43d4                	lw	a3,4(a5)
    431a:	6c2020ef          	jal	ra,69dc <__muldf3>
    431e:	0000a797          	auipc	a5,0xa
    4322:	79278793          	addi	a5,a5,1938 # eab0 <tfont32+0x47c>
    4326:	4390                	lw	a2,0(a5)
    4328:	43d4                	lw	a3,4(a5)
    432a:	842a                	mv	s0,a0
    432c:	84ae                	mv	s1,a1
    432e:	6ae020ef          	jal	ra,69dc <__muldf3>
    4332:	0000a797          	auipc	a5,0xa
    4336:	78678793          	addi	a5,a5,1926 # eab8 <tfont32+0x484>
    433a:	4390                	lw	a2,0(a5)
    433c:	43d4                	lw	a3,4(a5)
    433e:	7ec010ef          	jal	ra,5b2a <__adddf3>
    4342:	8622                	mv	a2,s0
    4344:	86a6                	mv	a3,s1
    4346:	696020ef          	jal	ra,69dc <__muldf3>
    434a:	0000a797          	auipc	a5,0xa
    434e:	77678793          	addi	a5,a5,1910 # eac0 <tfont32+0x48c>
    4352:	4390                	lw	a2,0(a5)
    4354:	43d4                	lw	a3,4(a5)
    4356:	33f020ef          	jal	ra,6e94 <__subdf3>
    435a:	8622                	mv	a2,s0
    435c:	86a6                	mv	a3,s1
    435e:	67e020ef          	jal	ra,69dc <__muldf3>
    4362:	0000a797          	auipc	a5,0xa
    4366:	76678793          	addi	a5,a5,1894 # eac8 <tfont32+0x494>
    436a:	4390                	lw	a2,0(a5)
    436c:	43d4                	lw	a3,4(a5)
    436e:	7bc010ef          	jal	ra,5b2a <__adddf3>
    4372:	8622                	mv	a2,s0
    4374:	86a6                	mv	a3,s1
    4376:	666020ef          	jal	ra,69dc <__muldf3>
    437a:	0000a797          	auipc	a5,0xa
    437e:	75678793          	addi	a5,a5,1878 # ead0 <tfont32+0x49c>
    4382:	4390                	lw	a2,0(a5)
    4384:	43d4                	lw	a3,4(a5)
    4386:	30f020ef          	jal	ra,6e94 <__subdf3>
    438a:	8622                	mv	a2,s0
    438c:	86a6                	mv	a3,s1
    438e:	64e020ef          	jal	ra,69dc <__muldf3>
    4392:	0000a797          	auipc	a5,0xa
    4396:	74678793          	addi	a5,a5,1862 # ead8 <tfont32+0x4a4>
    439a:	4390                	lw	a2,0(a5)
    439c:	43d4                	lw	a3,4(a5)
    439e:	78c010ef          	jal	ra,5b2a <__adddf3>
    43a2:	8622                	mv	a2,s0
    43a4:	86a6                	mv	a3,s1
    43a6:	636020ef          	jal	ra,69dc <__muldf3>
    43aa:	0000a797          	auipc	a5,0xa
    43ae:	73678793          	addi	a5,a5,1846 # eae0 <tfont32+0x4ac>
    43b2:	43d4                	lw	a3,4(a5)
    43b4:	4390                	lw	a2,0(a5)
    43b6:	8a2a                	mv	s4,a0
    43b8:	8aae                	mv	s5,a1
    43ba:	8522                	mv	a0,s0
    43bc:	85a6                	mv	a1,s1
    43be:	61e020ef          	jal	ra,69dc <__muldf3>
    43c2:	0000a797          	auipc	a5,0xa
    43c6:	72678793          	addi	a5,a5,1830 # eae8 <tfont32+0x4b4>
    43ca:	4390                	lw	a2,0(a5)
    43cc:	43d4                	lw	a3,4(a5)
    43ce:	2c7020ef          	jal	ra,6e94 <__subdf3>
    43d2:	8622                	mv	a2,s0
    43d4:	86a6                	mv	a3,s1
    43d6:	606020ef          	jal	ra,69dc <__muldf3>
    43da:	0000a797          	auipc	a5,0xa
    43de:	71678793          	addi	a5,a5,1814 # eaf0 <tfont32+0x4bc>
    43e2:	4390                	lw	a2,0(a5)
    43e4:	43d4                	lw	a3,4(a5)
    43e6:	744010ef          	jal	ra,5b2a <__adddf3>
    43ea:	8622                	mv	a2,s0
    43ec:	86a6                	mv	a3,s1
    43ee:	5ee020ef          	jal	ra,69dc <__muldf3>
    43f2:	0000a797          	auipc	a5,0xa
    43f6:	70678793          	addi	a5,a5,1798 # eaf8 <tfont32+0x4c4>
    43fa:	4390                	lw	a2,0(a5)
    43fc:	43d4                	lw	a3,4(a5)
    43fe:	297020ef          	jal	ra,6e94 <__subdf3>
    4402:	8622                	mv	a2,s0
    4404:	86a6                	mv	a3,s1
    4406:	5d6020ef          	jal	ra,69dc <__muldf3>
    440a:	000b2603          	lw	a2,0(s6)
    440e:	004b2683          	lw	a3,4(s6)
    4412:	718010ef          	jal	ra,5b2a <__adddf3>
    4416:	8b2a                	mv	s6,a0
    4418:	8bae                	mv	s7,a1
    441a:	8522                	mv	a0,s0
    441c:	85a6                	mv	a1,s1
    441e:	715000ef          	jal	ra,5332 <__ieee754_sqrt>
    4422:	3fef37b7          	lui	a5,0x3fef3
    4426:	33278793          	addi	a5,a5,818 # 3fef3332 <_eusrstack+0x1feee332>
    442a:	8caa                	mv	s9,a0
    442c:	8c2e                	mv	s8,a1
    442e:	0527dd63          	bge	a5,s2,4488 <__ieee754_asin+0x27a>
    4432:	865a                	mv	a2,s6
    4434:	86de                	mv	a3,s7
    4436:	8552                	mv	a0,s4
    4438:	85d6                	mv	a1,s5
    443a:	621010ef          	jal	ra,625a <__divdf3>
    443e:	8666                	mv	a2,s9
    4440:	86e2                	mv	a3,s8
    4442:	59a020ef          	jal	ra,69dc <__muldf3>
    4446:	8666                	mv	a2,s9
    4448:	86e2                	mv	a3,s8
    444a:	6e0010ef          	jal	ra,5b2a <__adddf3>
    444e:	862a                	mv	a2,a0
    4450:	86ae                	mv	a3,a1
    4452:	6d8010ef          	jal	ra,5b2a <__adddf3>
    4456:	0000a797          	auipc	a5,0xa
    445a:	64a78793          	addi	a5,a5,1610 # eaa0 <tfont32+0x46c>
    445e:	4390                	lw	a2,0(a5)
    4460:	43d4                	lw	a3,4(a5)
    4462:	233020ef          	jal	ra,6e94 <__subdf3>
    4466:	0000a797          	auipc	a5,0xa
    446a:	63278793          	addi	a5,a5,1586 # ea98 <tfont32+0x464>
    446e:	862a                	mv	a2,a0
    4470:	86ae                	mv	a3,a1
    4472:	4388                	lw	a0,0(a5)
    4474:	43cc                	lw	a1,4(a5)
    4476:	21f020ef          	jal	ra,6e94 <__subdf3>
    447a:	84aa                	mv	s1,a0
    447c:	df3040e3          	bgtz	s3,425c <__ieee754_asin+0x4e>
    4480:	800007b7          	lui	a5,0x80000
    4484:	8dbd                	xor	a1,a1,a5
    4486:	bbd9                	j	425c <__ieee754_asin+0x4e>
    4488:	862a                	mv	a2,a0
    448a:	86ae                	mv	a3,a1
    448c:	69e010ef          	jal	ra,5b2a <__adddf3>
    4490:	865a                	mv	a2,s6
    4492:	86de                	mv	a3,s7
    4494:	8d2a                	mv	s10,a0
    4496:	8dae                	mv	s11,a1
    4498:	8552                	mv	a0,s4
    449a:	85d6                	mv	a1,s5
    449c:	5bf010ef          	jal	ra,625a <__divdf3>
    44a0:	862a                	mv	a2,a0
    44a2:	86ae                	mv	a3,a1
    44a4:	856a                	mv	a0,s10
    44a6:	85ee                	mv	a1,s11
    44a8:	534020ef          	jal	ra,69dc <__muldf3>
    44ac:	4a01                	li	s4,0
    44ae:	8b2a                	mv	s6,a0
    44b0:	8bae                	mv	s7,a1
    44b2:	8652                	mv	a2,s4
    44b4:	86e2                	mv	a3,s8
    44b6:	8552                	mv	a0,s4
    44b8:	85e2                	mv	a1,s8
    44ba:	522020ef          	jal	ra,69dc <__muldf3>
    44be:	862a                	mv	a2,a0
    44c0:	86ae                	mv	a3,a1
    44c2:	8522                	mv	a0,s0
    44c4:	85a6                	mv	a1,s1
    44c6:	1cf020ef          	jal	ra,6e94 <__subdf3>
    44ca:	842a                	mv	s0,a0
    44cc:	84ae                	mv	s1,a1
    44ce:	8652                	mv	a2,s4
    44d0:	86e2                	mv	a3,s8
    44d2:	8566                	mv	a0,s9
    44d4:	85e2                	mv	a1,s8
    44d6:	654010ef          	jal	ra,5b2a <__adddf3>
    44da:	862a                	mv	a2,a0
    44dc:	86ae                	mv	a3,a1
    44de:	8522                	mv	a0,s0
    44e0:	85a6                	mv	a1,s1
    44e2:	579010ef          	jal	ra,625a <__divdf3>
    44e6:	862a                	mv	a2,a0
    44e8:	86ae                	mv	a3,a1
    44ea:	640010ef          	jal	ra,5b2a <__adddf3>
    44ee:	0000a797          	auipc	a5,0xa
    44f2:	5b278793          	addi	a5,a5,1458 # eaa0 <tfont32+0x46c>
    44f6:	862a                	mv	a2,a0
    44f8:	86ae                	mv	a3,a1
    44fa:	4388                	lw	a0,0(a5)
    44fc:	43cc                	lw	a1,4(a5)
    44fe:	0000a417          	auipc	s0,0xa
    4502:	60240413          	addi	s0,s0,1538 # eb00 <tfont32+0x4cc>
    4506:	18f020ef          	jal	ra,6e94 <__subdf3>
    450a:	862a                	mv	a2,a0
    450c:	86ae                	mv	a3,a1
    450e:	855a                	mv	a0,s6
    4510:	85de                	mv	a1,s7
    4512:	183020ef          	jal	ra,6e94 <__subdf3>
    4516:	8b2a                	mv	s6,a0
    4518:	8bae                	mv	s7,a1
    451a:	8652                	mv	a2,s4
    451c:	86e2                	mv	a3,s8
    451e:	8552                	mv	a0,s4
    4520:	85e2                	mv	a1,s8
    4522:	608010ef          	jal	ra,5b2a <__adddf3>
    4526:	862a                	mv	a2,a0
    4528:	86ae                	mv	a3,a1
    452a:	4008                	lw	a0,0(s0)
    452c:	404c                	lw	a1,4(s0)
    452e:	167020ef          	jal	ra,6e94 <__subdf3>
    4532:	862a                	mv	a2,a0
    4534:	86ae                	mv	a3,a1
    4536:	855a                	mv	a0,s6
    4538:	85de                	mv	a1,s7
    453a:	15b020ef          	jal	ra,6e94 <__subdf3>
    453e:	862a                	mv	a2,a0
    4540:	86ae                	mv	a3,a1
    4542:	4008                	lw	a0,0(s0)
    4544:	404c                	lw	a1,4(s0)
    4546:	14f020ef          	jal	ra,6e94 <__subdf3>
    454a:	84aa                	mv	s1,a0
    454c:	bf05                	j	447c <__ieee754_asin+0x26e>
    454e:	85a2                	mv	a1,s0
    4550:	b331                	j	425c <__ieee754_asin+0x4e>
    4552:	862a                	mv	a2,a0
    4554:	86ae                	mv	a3,a1
    4556:	486020ef          	jal	ra,69dc <__muldf3>
    455a:	0000a797          	auipc	a5,0xa
    455e:	55678793          	addi	a5,a5,1366 # eab0 <tfont32+0x47c>
    4562:	4390                	lw	a2,0(a5)
    4564:	43d4                	lw	a3,4(a5)
    4566:	892a                	mv	s2,a0
    4568:	89ae                	mv	s3,a1
    456a:	472020ef          	jal	ra,69dc <__muldf3>
    456e:	0000a797          	auipc	a5,0xa
    4572:	54a78793          	addi	a5,a5,1354 # eab8 <tfont32+0x484>
    4576:	4390                	lw	a2,0(a5)
    4578:	43d4                	lw	a3,4(a5)
    457a:	5b0010ef          	jal	ra,5b2a <__adddf3>
    457e:	864a                	mv	a2,s2
    4580:	86ce                	mv	a3,s3
    4582:	45a020ef          	jal	ra,69dc <__muldf3>
    4586:	0000a797          	auipc	a5,0xa
    458a:	53a78793          	addi	a5,a5,1338 # eac0 <tfont32+0x48c>
    458e:	4390                	lw	a2,0(a5)
    4590:	43d4                	lw	a3,4(a5)
    4592:	103020ef          	jal	ra,6e94 <__subdf3>
    4596:	864a                	mv	a2,s2
    4598:	86ce                	mv	a3,s3
    459a:	442020ef          	jal	ra,69dc <__muldf3>
    459e:	0000a797          	auipc	a5,0xa
    45a2:	52a78793          	addi	a5,a5,1322 # eac8 <tfont32+0x494>
    45a6:	4390                	lw	a2,0(a5)
    45a8:	43d4                	lw	a3,4(a5)
    45aa:	580010ef          	jal	ra,5b2a <__adddf3>
    45ae:	864a                	mv	a2,s2
    45b0:	86ce                	mv	a3,s3
    45b2:	42a020ef          	jal	ra,69dc <__muldf3>
    45b6:	0000a797          	auipc	a5,0xa
    45ba:	51a78793          	addi	a5,a5,1306 # ead0 <tfont32+0x49c>
    45be:	4390                	lw	a2,0(a5)
    45c0:	43d4                	lw	a3,4(a5)
    45c2:	0d3020ef          	jal	ra,6e94 <__subdf3>
    45c6:	864a                	mv	a2,s2
    45c8:	86ce                	mv	a3,s3
    45ca:	412020ef          	jal	ra,69dc <__muldf3>
    45ce:	0000a797          	auipc	a5,0xa
    45d2:	50a78793          	addi	a5,a5,1290 # ead8 <tfont32+0x4a4>
    45d6:	4390                	lw	a2,0(a5)
    45d8:	43d4                	lw	a3,4(a5)
    45da:	550010ef          	jal	ra,5b2a <__adddf3>
    45de:	864a                	mv	a2,s2
    45e0:	86ce                	mv	a3,s3
    45e2:	3fa020ef          	jal	ra,69dc <__muldf3>
    45e6:	0000a797          	auipc	a5,0xa
    45ea:	4fa78793          	addi	a5,a5,1274 # eae0 <tfont32+0x4ac>
    45ee:	4390                	lw	a2,0(a5)
    45f0:	43d4                	lw	a3,4(a5)
    45f2:	8a2a                	mv	s4,a0
    45f4:	8aae                	mv	s5,a1
    45f6:	854a                	mv	a0,s2
    45f8:	85ce                	mv	a1,s3
    45fa:	3e2020ef          	jal	ra,69dc <__muldf3>
    45fe:	0000a797          	auipc	a5,0xa
    4602:	4ea78793          	addi	a5,a5,1258 # eae8 <tfont32+0x4b4>
    4606:	4390                	lw	a2,0(a5)
    4608:	43d4                	lw	a3,4(a5)
    460a:	08b020ef          	jal	ra,6e94 <__subdf3>
    460e:	864a                	mv	a2,s2
    4610:	86ce                	mv	a3,s3
    4612:	3ca020ef          	jal	ra,69dc <__muldf3>
    4616:	0000a797          	auipc	a5,0xa
    461a:	4da78793          	addi	a5,a5,1242 # eaf0 <tfont32+0x4bc>
    461e:	4390                	lw	a2,0(a5)
    4620:	43d4                	lw	a3,4(a5)
    4622:	508010ef          	jal	ra,5b2a <__adddf3>
    4626:	864a                	mv	a2,s2
    4628:	86ce                	mv	a3,s3
    462a:	3b2020ef          	jal	ra,69dc <__muldf3>
    462e:	0000a797          	auipc	a5,0xa
    4632:	4ca78793          	addi	a5,a5,1226 # eaf8 <tfont32+0x4c4>
    4636:	4390                	lw	a2,0(a5)
    4638:	43d4                	lw	a3,4(a5)
    463a:	05b020ef          	jal	ra,6e94 <__subdf3>
    463e:	864a                	mv	a2,s2
    4640:	86ce                	mv	a3,s3
    4642:	39a020ef          	jal	ra,69dc <__muldf3>
    4646:	00008797          	auipc	a5,0x8
    464a:	40a78793          	addi	a5,a5,1034 # ca50 <__trunctfdf2+0x230>
    464e:	4390                	lw	a2,0(a5)
    4650:	43d4                	lw	a3,4(a5)
    4652:	4d8010ef          	jal	ra,5b2a <__adddf3>
    4656:	862a                	mv	a2,a0
    4658:	86ae                	mv	a3,a1
    465a:	8552                	mv	a0,s4
    465c:	85d6                	mv	a1,s5
    465e:	3fd010ef          	jal	ra,625a <__divdf3>
    4662:	8626                	mv	a2,s1
    4664:	86a2                	mv	a3,s0
    4666:	376020ef          	jal	ra,69dc <__muldf3>
    466a:	8626                	mv	a2,s1
    466c:	86a2                	mv	a3,s0
    466e:	4bc010ef          	jal	ra,5b2a <__adddf3>
    4672:	84aa                	mv	s1,a0
    4674:	b6e5                	j	425c <__ieee754_asin+0x4e>

00004676 <__ieee754_atan2>:
    4676:	40c007b3          	neg	a5,a2
    467a:	80000737          	lui	a4,0x80000
    467e:	fff74713          	not	a4,a4
    4682:	8fd1                	or	a5,a5,a2
    4684:	1141                	addi	sp,sp,-16
    4686:	00d77e33          	and	t3,a4,a3
    468a:	83fd                	srli	a5,a5,0x1f
    468c:	c606                	sw	ra,12(sp)
    468e:	c422                	sw	s0,8(sp)
    4690:	01c7e7b3          	or	a5,a5,t3
    4694:	7ff00337          	lui	t1,0x7ff00
    4698:	88aa                	mv	a7,a0
    469a:	882e                	mv	a6,a1
    469c:	04f36763          	bltu	t1,a5,46ea <__ieee754_atan2+0x74>
    46a0:	40a007b3          	neg	a5,a0
    46a4:	8fc9                	or	a5,a5,a0
    46a6:	8f6d                	and	a4,a4,a1
    46a8:	83fd                	srli	a5,a5,0x1f
    46aa:	8fd9                	or	a5,a5,a4
    46ac:	8f2e                	mv	t5,a1
    46ae:	02f36e63          	bltu	t1,a5,46ea <__ieee754_atan2+0x74>
    46b2:	c01007b7          	lui	a5,0xc0100
    46b6:	97b6                	add	a5,a5,a3
    46b8:	8fd1                	or	a5,a5,a2
    46ba:	c7f1                	beqz	a5,4786 <__ieee754_atan2+0x110>
    46bc:	41e6d413          	srai	s0,a3,0x1e
    46c0:	00247593          	andi	a1,s0,2
    46c4:	00a767b3          	or	a5,a4,a0
    46c8:	01f85413          	srli	s0,a6,0x1f
    46cc:	8c4d                	or	s0,s0,a1
    46ce:	eb85                	bnez	a5,46fe <__ieee754_atan2+0x88>
    46d0:	4789                	li	a5,2
    46d2:	0af40f63          	beq	s0,a5,4790 <__ieee754_atan2+0x11a>
    46d6:	478d                	li	a5,3
    46d8:	0af41263          	bne	s0,a5,477c <__ieee754_atan2+0x106>
    46dc:	0000a797          	auipc	a5,0xa
    46e0:	43478793          	addi	a5,a5,1076 # eb10 <tfont32+0x4dc>
    46e4:	4388                	lw	a0,0(a5)
    46e6:	43cc                	lw	a1,4(a5)
    46e8:	a039                	j	46f6 <__ieee754_atan2+0x80>
    46ea:	8532                	mv	a0,a2
    46ec:	85b6                	mv	a1,a3
    46ee:	8646                	mv	a2,a7
    46f0:	86c2                	mv	a3,a6
    46f2:	438010ef          	jal	ra,5b2a <__adddf3>
    46f6:	40b2                	lw	ra,12(sp)
    46f8:	4422                	lw	s0,8(sp)
    46fa:	0141                	addi	sp,sp,16
    46fc:	8082                	ret
    46fe:	00ce67b3          	or	a5,t3,a2
    4702:	c7a5                	beqz	a5,476a <__ieee754_atan2+0xf4>
    4704:	0a6e0463          	beq	t3,t1,47ac <__ieee754_atan2+0x136>
    4708:	06670163          	beq	a4,t1,476a <__ieee754_atan2+0xf4>
    470c:	41c70733          	sub	a4,a4,t3
    4710:	8751                	srai	a4,a4,0x14
    4712:	03c00793          	li	a5,60
    4716:	08e7c463          	blt	a5,a4,479e <__ieee754_atan2+0x128>
    471a:	0006d863          	bgez	a3,472a <__ieee754_atan2+0xb4>
    471e:	fc400793          	li	a5,-60
    4722:	4501                	li	a0,0
    4724:	4581                	li	a1,0
    4726:	00f74a63          	blt	a4,a5,473a <__ieee754_atan2+0xc4>
    472a:	8546                	mv	a0,a7
    472c:	85c2                	mv	a1,a6
    472e:	32d010ef          	jal	ra,625a <__divdf3>
    4732:	0f8010ef          	jal	ra,582a <fabs>
    4736:	5d1000ef          	jal	ra,5506 <atan>
    473a:	4785                	li	a5,1
    473c:	0cf40063          	beq	s0,a5,47fc <__ieee754_atan2+0x186>
    4740:	4789                	li	a5,2
    4742:	08f40a63          	beq	s0,a5,47d6 <__ieee754_atan2+0x160>
    4746:	d845                	beqz	s0,46f6 <__ieee754_atan2+0x80>
    4748:	0000a797          	auipc	a5,0xa
    474c:	3f878793          	addi	a5,a5,1016 # eb40 <tfont32+0x50c>
    4750:	4390                	lw	a2,0(a5)
    4752:	43d4                	lw	a3,4(a5)
    4754:	740020ef          	jal	ra,6e94 <__subdf3>
    4758:	0000a797          	auipc	a5,0xa
    475c:	3b078793          	addi	a5,a5,944 # eb08 <tfont32+0x4d4>
    4760:	4390                	lw	a2,0(a5)
    4762:	43d4                	lw	a3,4(a5)
    4764:	730020ef          	jal	ra,6e94 <__subdf3>
    4768:	b779                	j	46f6 <__ieee754_atan2+0x80>
    476a:	040f4f63          	bltz	t5,47c8 <__ieee754_atan2+0x152>
    476e:	0000a797          	auipc	a5,0xa
    4772:	32a78793          	addi	a5,a5,810 # ea98 <tfont32+0x464>
    4776:	4388                	lw	a0,0(a5)
    4778:	43cc                	lw	a1,4(a5)
    477a:	bfb5                	j	46f6 <__ieee754_atan2+0x80>
    477c:	40b2                	lw	ra,12(sp)
    477e:	4422                	lw	s0,8(sp)
    4780:	85c2                	mv	a1,a6
    4782:	0141                	addi	sp,sp,16
    4784:	8082                	ret
    4786:	4422                	lw	s0,8(sp)
    4788:	40b2                	lw	ra,12(sp)
    478a:	0141                	addi	sp,sp,16
    478c:	57b0006f          	j	5506 <atan>
    4790:	0000a797          	auipc	a5,0xa
    4794:	37878793          	addi	a5,a5,888 # eb08 <tfont32+0x4d4>
    4798:	4388                	lw	a0,0(a5)
    479a:	43cc                	lw	a1,4(a5)
    479c:	bfa9                	j	46f6 <__ieee754_atan2+0x80>
    479e:	0000a797          	auipc	a5,0xa
    47a2:	2fa78793          	addi	a5,a5,762 # ea98 <tfont32+0x464>
    47a6:	4388                	lw	a0,0(a5)
    47a8:	43cc                	lw	a1,4(a5)
    47aa:	bf41                	j	473a <__ieee754_atan2+0xc4>
    47ac:	4789                	li	a5,2
    47ae:	05c70b63          	beq	a4,t3,4804 <__ieee754_atan2+0x18e>
    47b2:	fcf40fe3          	beq	s0,a5,4790 <__ieee754_atan2+0x11a>
    47b6:	478d                	li	a5,3
    47b8:	f2f402e3          	beq	s0,a5,46dc <__ieee754_atan2+0x66>
    47bc:	4785                	li	a5,1
    47be:	06f40263          	beq	s0,a5,4822 <__ieee754_atan2+0x1ac>
    47c2:	4501                	li	a0,0
    47c4:	4581                	li	a1,0
    47c6:	bf05                	j	46f6 <__ieee754_atan2+0x80>
    47c8:	0000a797          	auipc	a5,0xa
    47cc:	35878793          	addi	a5,a5,856 # eb20 <tfont32+0x4ec>
    47d0:	4388                	lw	a0,0(a5)
    47d2:	43cc                	lw	a1,4(a5)
    47d4:	b70d                	j	46f6 <__ieee754_atan2+0x80>
    47d6:	0000a797          	auipc	a5,0xa
    47da:	36a78793          	addi	a5,a5,874 # eb40 <tfont32+0x50c>
    47de:	4390                	lw	a2,0(a5)
    47e0:	43d4                	lw	a3,4(a5)
    47e2:	6b2020ef          	jal	ra,6e94 <__subdf3>
    47e6:	0000a797          	auipc	a5,0xa
    47ea:	32278793          	addi	a5,a5,802 # eb08 <tfont32+0x4d4>
    47ee:	862a                	mv	a2,a0
    47f0:	86ae                	mv	a3,a1
    47f2:	4388                	lw	a0,0(a5)
    47f4:	43cc                	lw	a1,4(a5)
    47f6:	69e020ef          	jal	ra,6e94 <__subdf3>
    47fa:	bdf5                	j	46f6 <__ieee754_atan2+0x80>
    47fc:	800007b7          	lui	a5,0x80000
    4800:	8dbd                	xor	a1,a1,a5
    4802:	bdd5                	j	46f6 <__ieee754_atan2+0x80>
    4804:	04f40463          	beq	s0,a5,484c <__ieee754_atan2+0x1d6>
    4808:	478d                	li	a5,3
    480a:	02f40a63          	beq	s0,a5,483e <__ieee754_atan2+0x1c8>
    480e:	4785                	li	a5,1
    4810:	02f40063          	beq	s0,a5,4830 <__ieee754_atan2+0x1ba>
    4814:	0000a797          	auipc	a5,0xa
    4818:	2ec78793          	addi	a5,a5,748 # eb00 <tfont32+0x4cc>
    481c:	4388                	lw	a0,0(a5)
    481e:	43cc                	lw	a1,4(a5)
    4820:	bdd9                	j	46f6 <__ieee754_atan2+0x80>
    4822:	0000a797          	auipc	a5,0xa
    4826:	2f678793          	addi	a5,a5,758 # eb18 <tfont32+0x4e4>
    482a:	4388                	lw	a0,0(a5)
    482c:	43cc                	lw	a1,4(a5)
    482e:	b5e1                	j	46f6 <__ieee754_atan2+0x80>
    4830:	0000a797          	auipc	a5,0xa
    4834:	30878793          	addi	a5,a5,776 # eb38 <tfont32+0x504>
    4838:	4388                	lw	a0,0(a5)
    483a:	43cc                	lw	a1,4(a5)
    483c:	bd6d                	j	46f6 <__ieee754_atan2+0x80>
    483e:	0000a797          	auipc	a5,0xa
    4842:	2f278793          	addi	a5,a5,754 # eb30 <tfont32+0x4fc>
    4846:	4388                	lw	a0,0(a5)
    4848:	43cc                	lw	a1,4(a5)
    484a:	b575                	j	46f6 <__ieee754_atan2+0x80>
    484c:	0000a797          	auipc	a5,0xa
    4850:	2dc78793          	addi	a5,a5,732 # eb28 <tfont32+0x4f4>
    4854:	4388                	lw	a0,0(a5)
    4856:	43cc                	lw	a1,4(a5)
    4858:	bd79                	j	46f6 <__ieee754_atan2+0x80>

0000485a <__ieee754_pow>:
    485a:	80000837          	lui	a6,0x80000
    485e:	7119                	addi	sp,sp,-128
    4860:	fff84813          	not	a6,a6
    4864:	d8ca                	sw	s2,112(sp)
    4866:	0106f933          	and	s2,a3,a6
    486a:	de86                	sw	ra,124(sp)
    486c:	dca2                	sw	s0,120(sp)
    486e:	daa6                	sw	s1,116(sp)
    4870:	d6ce                	sw	s3,108(sp)
    4872:	d4d2                	sw	s4,104(sp)
    4874:	d2d6                	sw	s5,100(sp)
    4876:	d0da                	sw	s6,96(sp)
    4878:	cede                	sw	s7,92(sp)
    487a:	cce2                	sw	s8,88(sp)
    487c:	cae6                	sw	s9,84(sp)
    487e:	c8ea                	sw	s10,80(sp)
    4880:	c6ee                	sw	s11,76(sp)
    4882:	00c967b3          	or	a5,s2,a2
    4886:	c7dd                	beqz	a5,4934 <__ieee754_pow+0xda>
    4888:	00b87433          	and	s0,a6,a1
    488c:	7ff007b7          	lui	a5,0x7ff00
    4890:	8aae                	mv	s5,a1
    4892:	8a2a                	mv	s4,a0
    4894:	0287db63          	bge	a5,s0,48ca <__ieee754_pow+0x70>
    4898:	c0100837          	lui	a6,0xc0100
    489c:	9822                	add	a6,a6,s0
    489e:	00a86833          	or	a6,a6,a0
    48a2:	3ff005b7          	lui	a1,0x3ff00
    48a6:	4501                	li	a0,0
    48a8:	08081d63          	bnez	a6,4942 <__ieee754_pow+0xe8>
    48ac:	50f6                	lw	ra,124(sp)
    48ae:	5466                	lw	s0,120(sp)
    48b0:	54d6                	lw	s1,116(sp)
    48b2:	5946                	lw	s2,112(sp)
    48b4:	59b6                	lw	s3,108(sp)
    48b6:	5a26                	lw	s4,104(sp)
    48b8:	5a96                	lw	s5,100(sp)
    48ba:	5b06                	lw	s6,96(sp)
    48bc:	4bf6                	lw	s7,92(sp)
    48be:	4c66                	lw	s8,88(sp)
    48c0:	4cd6                	lw	s9,84(sp)
    48c2:	4d46                	lw	s10,80(sp)
    48c4:	4db6                	lw	s11,76(sp)
    48c6:	6109                	addi	sp,sp,128
    48c8:	8082                	ret
    48ca:	06f40963          	beq	s0,a5,493c <__ieee754_pow+0xe2>
    48ce:	fd27c5e3          	blt	a5,s2,4898 <__ieee754_pow+0x3e>
    48d2:	7ff007b7          	lui	a5,0x7ff00
    48d6:	1af90f63          	beq	s2,a5,4a94 <__ieee754_pow+0x23a>
    48da:	84ae                	mv	s1,a1
    48dc:	89aa                	mv	s3,a0
    48de:	8cb2                	mv	s9,a2
    48e0:	8db6                	mv	s11,a3
    48e2:	4d01                	li	s10,0
    48e4:	080ac363          	bltz	s5,496a <__ieee754_pow+0x110>
    48e8:	0c0c9063          	bnez	s9,49a8 <__ieee754_pow+0x14e>
    48ec:	7ff006b7          	lui	a3,0x7ff00
    48f0:	14d90163          	beq	s2,a3,4a32 <__ieee754_pow+0x1d8>
    48f4:	3ff006b7          	lui	a3,0x3ff00
    48f8:	14d90f63          	beq	s2,a3,4a56 <__ieee754_pow+0x1fc>
    48fc:	400006b7          	lui	a3,0x40000
    4900:	18dd84e3          	beq	s11,a3,5288 <__ieee754_pow+0xa2e>
    4904:	3fe006b7          	lui	a3,0x3fe00
    4908:	0add9063          	bne	s11,a3,49a8 <__ieee754_pow+0x14e>
    490c:	080ace63          	bltz	s5,49a8 <__ieee754_pow+0x14e>
    4910:	5466                	lw	s0,120(sp)
    4912:	50f6                	lw	ra,124(sp)
    4914:	5946                	lw	s2,112(sp)
    4916:	5a26                	lw	s4,104(sp)
    4918:	5a96                	lw	s5,100(sp)
    491a:	5b06                	lw	s6,96(sp)
    491c:	4bf6                	lw	s7,92(sp)
    491e:	4c66                	lw	s8,88(sp)
    4920:	4cd6                	lw	s9,84(sp)
    4922:	4d46                	lw	s10,80(sp)
    4924:	4db6                	lw	s11,76(sp)
    4926:	854e                	mv	a0,s3
    4928:	85a6                	mv	a1,s1
    492a:	59b6                	lw	s3,108(sp)
    492c:	54d6                	lw	s1,116(sp)
    492e:	6109                	addi	sp,sp,128
    4930:	2030006f          	j	5332 <__ieee754_sqrt>
    4934:	4501                	li	a0,0
    4936:	3ff005b7          	lui	a1,0x3ff00
    493a:	bf8d                	j	48ac <__ieee754_pow+0x52>
    493c:	e119                	bnez	a0,4942 <__ieee754_pow+0xe8>
    493e:	f9245ae3          	bge	s0,s2,48d2 <__ieee754_pow+0x78>
    4942:	5466                	lw	s0,120(sp)
    4944:	50f6                	lw	ra,124(sp)
    4946:	54d6                	lw	s1,116(sp)
    4948:	5946                	lw	s2,112(sp)
    494a:	59b6                	lw	s3,108(sp)
    494c:	5a26                	lw	s4,104(sp)
    494e:	5a96                	lw	s5,100(sp)
    4950:	5b06                	lw	s6,96(sp)
    4952:	4bf6                	lw	s7,92(sp)
    4954:	4c66                	lw	s8,88(sp)
    4956:	4cd6                	lw	s9,84(sp)
    4958:	4d46                	lw	s10,80(sp)
    495a:	4db6                	lw	s11,76(sp)
    495c:	00008517          	auipc	a0,0x8
    4960:	4a050513          	addi	a0,a0,1184 # cdfc <__trunctfdf2+0x5dc>
    4964:	6109                	addi	sp,sp,128
    4966:	6dd0006f          	j	5842 <nan>
    496a:	434006b7          	lui	a3,0x43400
    496e:	12d95663          	bge	s2,a3,4a9a <__ieee754_pow+0x240>
    4972:	3ff006b7          	lui	a3,0x3ff00
    4976:	02d94763          	blt	s2,a3,49a4 <__ieee754_pow+0x14a>
    497a:	41495693          	srai	a3,s2,0x14
    497e:	c0168693          	addi	a3,a3,-1023 # 3feffc01 <_eusrstack+0x1fefac01>
    4982:	4651                	li	a2,20
    4984:	10d65ae3          	bge	a2,a3,5298 <__ieee754_pow+0xa3e>
    4988:	03400613          	li	a2,52
    498c:	40d606b3          	sub	a3,a2,a3
    4990:	00dcd633          	srl	a2,s9,a3
    4994:	00d616b3          	sll	a3,a2,a3
    4998:	01969663          	bne	a3,s9,49a4 <__ieee754_pow+0x14a>
    499c:	8a05                	andi	a2,a2,1
    499e:	4309                	li	t1,2
    49a0:	40c30d33          	sub	s10,t1,a2
    49a4:	f40c88e3          	beqz	s9,48f4 <__ieee754_pow+0x9a>
    49a8:	854e                	mv	a0,s3
    49aa:	85a6                	mv	a1,s1
    49ac:	67f000ef          	jal	ra,582a <fabs>
    49b0:	040a0563          	beqz	s4,49fa <__ieee754_pow+0x1a0>
    49b4:	01f4de13          	srli	t3,s1,0x1f
    49b8:	1e7d                	addi	t3,t3,-1
    49ba:	01cd66b3          	or	a3,s10,t3
    49be:	c2e5                	beqz	a3,4a9e <__ieee754_pow+0x244>
    49c0:	41e006b7          	lui	a3,0x41e00
    49c4:	0f26d863          	bge	a3,s2,4ab4 <__ieee754_pow+0x25a>
    49c8:	43f006b7          	lui	a3,0x43f00
    49cc:	7b26d963          	bge	a3,s2,517e <__ieee754_pow+0x924>
    49d0:	3ff00737          	lui	a4,0x3ff00
    49d4:	0ae45063          	bge	s0,a4,4a74 <__ieee754_pow+0x21a>
    49d8:	060ddc63          	bgez	s11,4a50 <__ieee754_pow+0x1f6>
    49dc:	0000a797          	auipc	a5,0xa
    49e0:	0cc78793          	addi	a5,a5,204 # eaa8 <tfont32+0x474>
    49e4:	4390                	lw	a2,0(a5)
    49e6:	43d4                	lw	a3,4(a5)
    49e8:	8532                	mv	a0,a2
    49ea:	85b6                	mv	a1,a3
    49ec:	7f1010ef          	jal	ra,69dc <__muldf3>
    49f0:	bd75                	j	48ac <__ieee754_pow+0x52>
    49f2:	639000ef          	jal	ra,582a <fabs>
    49f6:	0a0a1463          	bnez	s4,4a9e <__ieee754_pow+0x244>
    49fa:	c801                	beqz	s0,4a0a <__ieee754_pow+0x1b0>
    49fc:	00249693          	slli	a3,s1,0x2
    4a00:	8289                	srli	a3,a3,0x2
    4a02:	3ff00637          	lui	a2,0x3ff00
    4a06:	fac697e3          	bne	a3,a2,49b4 <__ieee754_pow+0x15a>
    4a0a:	060dc863          	bltz	s11,4a7a <__ieee754_pow+0x220>
    4a0e:	e80adfe3          	bgez	s5,48ac <__ieee754_pow+0x52>
    4a12:	c01007b7          	lui	a5,0xc0100
    4a16:	97a2                	add	a5,a5,s0
    4a18:	01a7e7b3          	or	a5,a5,s10
    4a1c:	0a079ce3          	bnez	a5,52d4 <__ieee754_pow+0xa7a>
    4a20:	862a                	mv	a2,a0
    4a22:	86ae                	mv	a3,a1
    4a24:	470020ef          	jal	ra,6e94 <__subdf3>
    4a28:	862a                	mv	a2,a0
    4a2a:	86ae                	mv	a3,a1
    4a2c:	02f010ef          	jal	ra,625a <__divdf3>
    4a30:	bdb5                	j	48ac <__ieee754_pow+0x52>
    4a32:	c0100537          	lui	a0,0xc0100
    4a36:	9522                	add	a0,a0,s0
    4a38:	01356533          	or	a0,a0,s3
    4a3c:	ee050ce3          	beqz	a0,4934 <__ieee754_pow+0xda>
    4a40:	3ff00737          	lui	a4,0x3ff00
    4a44:	70e44f63          	blt	s0,a4,5162 <__ieee754_pow+0x908>
    4a48:	85ee                	mv	a1,s11
    4a4a:	4501                	li	a0,0
    4a4c:	e60dd0e3          	bgez	s11,48ac <__ieee754_pow+0x52>
    4a50:	4501                	li	a0,0
    4a52:	4581                	li	a1,0
    4a54:	bda1                	j	48ac <__ieee754_pow+0x52>
    4a56:	854e                	mv	a0,s3
    4a58:	85a6                	mv	a1,s1
    4a5a:	e40dd9e3          	bgez	s11,48ac <__ieee754_pow+0x52>
    4a5e:	00008797          	auipc	a5,0x8
    4a62:	ff278793          	addi	a5,a5,-14 # ca50 <__trunctfdf2+0x230>
    4a66:	4388                	lw	a0,0(a5)
    4a68:	43cc                	lw	a1,4(a5)
    4a6a:	864e                	mv	a2,s3
    4a6c:	86a6                	mv	a3,s1
    4a6e:	7ec010ef          	jal	ra,625a <__divdf3>
    4a72:	bd2d                	j	48ac <__ieee754_pow+0x52>
    4a74:	f7b044e3          	bgtz	s11,49dc <__ieee754_pow+0x182>
    4a78:	bfe1                	j	4a50 <__ieee754_pow+0x1f6>
    4a7a:	00008717          	auipc	a4,0x8
    4a7e:	fd670713          	addi	a4,a4,-42 # ca50 <__trunctfdf2+0x230>
    4a82:	8caa                	mv	s9,a0
    4a84:	87ae                	mv	a5,a1
    4a86:	4308                	lw	a0,0(a4)
    4a88:	434c                	lw	a1,4(a4)
    4a8a:	8666                	mv	a2,s9
    4a8c:	86be                	mv	a3,a5
    4a8e:	7cc010ef          	jal	ra,625a <__divdf3>
    4a92:	bfb5                	j	4a0e <__ieee754_pow+0x1b4>
    4a94:	e40603e3          	beqz	a2,48da <__ieee754_pow+0x80>
    4a98:	b501                	j	4898 <__ieee754_pow+0x3e>
    4a9a:	4d09                	li	s10,2
    4a9c:	b5b1                	j	48e8 <__ieee754_pow+0x8e>
    4a9e:	864e                	mv	a2,s3
    4aa0:	86a6                	mv	a3,s1
    4aa2:	854e                	mv	a0,s3
    4aa4:	85a6                	mv	a1,s1
    4aa6:	3ee020ef          	jal	ra,6e94 <__subdf3>
    4aaa:	862a                	mv	a2,a0
    4aac:	86ae                	mv	a3,a1
    4aae:	7ac010ef          	jal	ra,625a <__divdf3>
    4ab2:	bbed                	j	48ac <__ieee754_pow+0x52>
    4ab4:	7ff006b7          	lui	a3,0x7ff00
    4ab8:	8cf5                	and	s1,s1,a3
    4aba:	4601                	li	a2,0
    4abc:	ec91                	bnez	s1,4ad8 <__ieee754_pow+0x27e>
    4abe:	0000a697          	auipc	a3,0xa
    4ac2:	0d268693          	addi	a3,a3,210 # eb90 <tfont32+0x55c>
    4ac6:	4290                	lw	a2,0(a3)
    4ac8:	42d4                	lw	a3,4(a3)
    4aca:	c472                	sw	t3,8(sp)
    4acc:	711010ef          	jal	ra,69dc <__muldf3>
    4ad0:	4e22                	lw	t3,8(sp)
    4ad2:	842e                	mv	s0,a1
    4ad4:	fcb00613          	li	a2,-53
    4ad8:	001005b7          	lui	a1,0x100
    4adc:	41445e93          	srai	t4,s0,0x14
    4ae0:	fff58813          	addi	a6,a1,-1 # fffff <_data_lma+0xf0d83>
    4ae4:	0003a6b7          	lui	a3,0x3a
    4ae8:	c01e8e93          	addi	t4,t4,-1023
    4aec:	01047833          	and	a6,s0,a6
    4af0:	3ff00c37          	lui	s8,0x3ff00
    4af4:	88e68693          	addi	a3,a3,-1906 # 3988e <_data_lma+0x2a612>
    4af8:	9eb2                	add	t4,t4,a2
    4afa:	01886c33          	or	s8,a6,s8
    4afe:	6706db63          	bge	a3,a6,5174 <__ieee754_pow+0x91a>
    4b02:	000bb6b7          	lui	a3,0xbb
    4b06:	67968693          	addi	a3,a3,1657 # bb679 <_data_lma+0xac3fd>
    4b0a:	7d06dd63          	bge	a3,a6,52e4 <__ieee754_pow+0xa8a>
    4b0e:	00008a97          	auipc	s5,0x8
    4b12:	f42a8a93          	addi	s5,s5,-190 # ca50 <__trunctfdf2+0x230>
    4b16:	0e85                	addi	t4,t4,1
    4b18:	40bc0c33          	sub	s8,s8,a1
    4b1c:	000aa783          	lw	a5,0(s5)
    4b20:	004aa803          	lw	a6,4(s5)
    4b24:	c802                	sw	zero,16(sp)
    4b26:	ca02                	sw	zero,20(sp)
    4b28:	dc02                	sw	zero,56(sp)
    4b2a:	de02                	sw	zero,60(sp)
    4b2c:	4981                	li	s3,0
    4b2e:	c43e                	sw	a5,8(sp)
    4b30:	c642                	sw	a6,12(sp)
    4b32:	4422                	lw	s0,8(sp)
    4b34:	44b2                	lw	s1,12(sp)
    4b36:	85e2                	mv	a1,s8
    4b38:	8622                	mv	a2,s0
    4b3a:	86a6                	mv	a3,s1
    4b3c:	da76                	sw	t4,52(sp)
    4b3e:	d872                	sw	t3,48(sp)
    4b40:	892a                	mv	s2,a0
    4b42:	352020ef          	jal	ra,6e94 <__subdf3>
    4b46:	8b2a                	mv	s6,a0
    4b48:	8bae                	mv	s7,a1
    4b4a:	8622                	mv	a2,s0
    4b4c:	86a6                	mv	a3,s1
    4b4e:	854a                	mv	a0,s2
    4b50:	85e2                	mv	a1,s8
    4b52:	c422                	sw	s0,8(sp)
    4b54:	c626                	sw	s1,12(sp)
    4b56:	7d5000ef          	jal	ra,5b2a <__adddf3>
    4b5a:	862a                	mv	a2,a0
    4b5c:	86ae                	mv	a3,a1
    4b5e:	000aa503          	lw	a0,0(s5)
    4b62:	004aa583          	lw	a1,4(s5)
    4b66:	4481                	li	s1,0
    4b68:	6f2010ef          	jal	ra,625a <__divdf3>
    4b6c:	862a                	mv	a2,a0
    4b6e:	86ae                	mv	a3,a1
    4b70:	cc2a                	sw	a0,24(sp)
    4b72:	ce2e                	sw	a1,28(sp)
    4b74:	855a                	mv	a0,s6
    4b76:	85de                	mv	a1,s7
    4b78:	665010ef          	jal	ra,69dc <__muldf3>
    4b7c:	401c5f13          	srai	t5,s8,0x1
    4b80:	200006b7          	lui	a3,0x20000
    4b84:	00df6f33          	or	t5,t5,a3
    4b88:	000806b7          	lui	a3,0x80
    4b8c:	9f36                	add	t5,t5,a3
    4b8e:	99fa                	add	s3,s3,t5
    4b90:	8a2a                	mv	s4,a0
    4b92:	86ce                	mv	a3,s3
    4b94:	4601                	li	a2,0
    4b96:	8526                	mv	a0,s1
    4b98:	842e                	mv	s0,a1
    4b9a:	643010ef          	jal	ra,69dc <__muldf3>
    4b9e:	862a                	mv	a2,a0
    4ba0:	86ae                	mv	a3,a1
    4ba2:	855a                	mv	a0,s6
    4ba4:	85de                	mv	a1,s7
    4ba6:	2ee020ef          	jal	ra,6e94 <__subdf3>
    4baa:	4622                	lw	a2,8(sp)
    4bac:	46b2                	lw	a3,12(sp)
    4bae:	8b2a                	mv	s6,a0
    4bb0:	8bae                	mv	s7,a1
    4bb2:	4501                	li	a0,0
    4bb4:	85ce                	mv	a1,s3
    4bb6:	2de020ef          	jal	ra,6e94 <__subdf3>
    4bba:	862a                	mv	a2,a0
    4bbc:	86ae                	mv	a3,a1
    4bbe:	854a                	mv	a0,s2
    4bc0:	85e2                	mv	a1,s8
    4bc2:	2d2020ef          	jal	ra,6e94 <__subdf3>
    4bc6:	8626                	mv	a2,s1
    4bc8:	86a2                	mv	a3,s0
    4bca:	613010ef          	jal	ra,69dc <__muldf3>
    4bce:	862a                	mv	a2,a0
    4bd0:	86ae                	mv	a3,a1
    4bd2:	855a                	mv	a0,s6
    4bd4:	85de                	mv	a1,s7
    4bd6:	2be020ef          	jal	ra,6e94 <__subdf3>
    4bda:	4862                	lw	a6,24(sp)
    4bdc:	48f2                	lw	a7,28(sp)
    4bde:	0000ab97          	auipc	s7,0xa
    4be2:	feab8b93          	addi	s7,s7,-22 # ebc8 <tfont32+0x594>
    4be6:	8642                	mv	a2,a6
    4be8:	86c6                	mv	a3,a7
    4bea:	5f3010ef          	jal	ra,69dc <__muldf3>
    4bee:	8652                	mv	a2,s4
    4bf0:	86a2                	mv	a3,s0
    4bf2:	c42a                	sw	a0,8(sp)
    4bf4:	c62e                	sw	a1,12(sp)
    4bf6:	8552                	mv	a0,s4
    4bf8:	85a2                	mv	a1,s0
    4bfa:	5e3010ef          	jal	ra,69dc <__muldf3>
    4bfe:	0000a697          	auipc	a3,0xa
    4c02:	f9a68693          	addi	a3,a3,-102 # eb98 <tfont32+0x564>
    4c06:	4290                	lw	a2,0(a3)
    4c08:	42d4                	lw	a3,4(a3)
    4c0a:	892a                	mv	s2,a0
    4c0c:	89ae                	mv	s3,a1
    4c0e:	5cf010ef          	jal	ra,69dc <__muldf3>
    4c12:	0000a697          	auipc	a3,0xa
    4c16:	f8e68693          	addi	a3,a3,-114 # eba0 <tfont32+0x56c>
    4c1a:	4290                	lw	a2,0(a3)
    4c1c:	42d4                	lw	a3,4(a3)
    4c1e:	4b01                	li	s6,0
    4c20:	4c01                	li	s8,0
    4c22:	709000ef          	jal	ra,5b2a <__adddf3>
    4c26:	864a                	mv	a2,s2
    4c28:	86ce                	mv	a3,s3
    4c2a:	5b3010ef          	jal	ra,69dc <__muldf3>
    4c2e:	0000a697          	auipc	a3,0xa
    4c32:	f7a68693          	addi	a3,a3,-134 # eba8 <tfont32+0x574>
    4c36:	4290                	lw	a2,0(a3)
    4c38:	42d4                	lw	a3,4(a3)
    4c3a:	6f1000ef          	jal	ra,5b2a <__adddf3>
    4c3e:	864a                	mv	a2,s2
    4c40:	86ce                	mv	a3,s3
    4c42:	59b010ef          	jal	ra,69dc <__muldf3>
    4c46:	0000a697          	auipc	a3,0xa
    4c4a:	f6a68693          	addi	a3,a3,-150 # ebb0 <tfont32+0x57c>
    4c4e:	4290                	lw	a2,0(a3)
    4c50:	42d4                	lw	a3,4(a3)
    4c52:	6d9000ef          	jal	ra,5b2a <__adddf3>
    4c56:	864a                	mv	a2,s2
    4c58:	86ce                	mv	a3,s3
    4c5a:	583010ef          	jal	ra,69dc <__muldf3>
    4c5e:	0000a697          	auipc	a3,0xa
    4c62:	f5a68693          	addi	a3,a3,-166 # ebb8 <tfont32+0x584>
    4c66:	4290                	lw	a2,0(a3)
    4c68:	42d4                	lw	a3,4(a3)
    4c6a:	6c1000ef          	jal	ra,5b2a <__adddf3>
    4c6e:	864a                	mv	a2,s2
    4c70:	86ce                	mv	a3,s3
    4c72:	56b010ef          	jal	ra,69dc <__muldf3>
    4c76:	0000a697          	auipc	a3,0xa
    4c7a:	f4a68693          	addi	a3,a3,-182 # ebc0 <tfont32+0x58c>
    4c7e:	4290                	lw	a2,0(a3)
    4c80:	42d4                	lw	a3,4(a3)
    4c82:	6a9000ef          	jal	ra,5b2a <__adddf3>
    4c86:	864a                	mv	a2,s2
    4c88:	86ce                	mv	a3,s3
    4c8a:	cc2a                	sw	a0,24(sp)
    4c8c:	ce2e                	sw	a1,28(sp)
    4c8e:	854a                	mv	a0,s2
    4c90:	85ce                	mv	a1,s3
    4c92:	54b010ef          	jal	ra,69dc <__muldf3>
    4c96:	4762                	lw	a4,24(sp)
    4c98:	47f2                	lw	a5,28(sp)
    4c9a:	862a                	mv	a2,a0
    4c9c:	86ae                	mv	a3,a1
    4c9e:	853a                	mv	a0,a4
    4ca0:	85be                	mv	a1,a5
    4ca2:	53b010ef          	jal	ra,69dc <__muldf3>
    4ca6:	892a                	mv	s2,a0
    4ca8:	89ae                	mv	s3,a1
    4caa:	8626                	mv	a2,s1
    4cac:	86a2                	mv	a3,s0
    4cae:	8552                	mv	a0,s4
    4cb0:	85a2                	mv	a1,s0
    4cb2:	679000ef          	jal	ra,5b2a <__adddf3>
    4cb6:	4622                	lw	a2,8(sp)
    4cb8:	46b2                	lw	a3,12(sp)
    4cba:	523010ef          	jal	ra,69dc <__muldf3>
    4cbe:	864a                	mv	a2,s2
    4cc0:	86ce                	mv	a3,s3
    4cc2:	669000ef          	jal	ra,5b2a <__adddf3>
    4cc6:	892a                	mv	s2,a0
    4cc8:	89ae                	mv	s3,a1
    4cca:	8626                	mv	a2,s1
    4ccc:	86a2                	mv	a3,s0
    4cce:	8526                	mv	a0,s1
    4cd0:	85a2                	mv	a1,s0
    4cd2:	50b010ef          	jal	ra,69dc <__muldf3>
    4cd6:	000ba603          	lw	a2,0(s7)
    4cda:	004ba683          	lw	a3,4(s7)
    4cde:	d42a                	sw	a0,40(sp)
    4ce0:	d62e                	sw	a1,44(sp)
    4ce2:	649000ef          	jal	ra,5b2a <__adddf3>
    4ce6:	864a                	mv	a2,s2
    4ce8:	86ce                	mv	a3,s3
    4cea:	cc4a                	sw	s2,24(sp)
    4cec:	ce4e                	sw	s3,28(sp)
    4cee:	63d000ef          	jal	ra,5b2a <__adddf3>
    4cf2:	892e                	mv	s2,a1
    4cf4:	865a                	mv	a2,s6
    4cf6:	86ae                	mv	a3,a1
    4cf8:	8526                	mv	a0,s1
    4cfa:	85a2                	mv	a1,s0
    4cfc:	4e1010ef          	jal	ra,69dc <__muldf3>
    4d00:	000ba603          	lw	a2,0(s7)
    4d04:	004ba683          	lw	a3,4(s7)
    4d08:	d02a                	sw	a0,32(sp)
    4d0a:	d22e                	sw	a1,36(sp)
    4d0c:	855a                	mv	a0,s6
    4d0e:	85ca                	mv	a1,s2
    4d10:	184020ef          	jal	ra,6e94 <__subdf3>
    4d14:	5f22                	lw	t5,40(sp)
    4d16:	5fb2                	lw	t6,44(sp)
    4d18:	867a                	mv	a2,t5
    4d1a:	86fe                	mv	a3,t6
    4d1c:	178020ef          	jal	ra,6e94 <__subdf3>
    4d20:	862a                	mv	a2,a0
    4d22:	86ae                	mv	a3,a1
    4d24:	4562                	lw	a0,24(sp)
    4d26:	45f2                	lw	a1,28(sp)
    4d28:	16c020ef          	jal	ra,6e94 <__subdf3>
    4d2c:	8652                	mv	a2,s4
    4d2e:	86a2                	mv	a3,s0
    4d30:	4ad010ef          	jal	ra,69dc <__muldf3>
    4d34:	842a                	mv	s0,a0
    4d36:	84ae                	mv	s1,a1
    4d38:	4522                	lw	a0,8(sp)
    4d3a:	45b2                	lw	a1,12(sp)
    4d3c:	865a                	mv	a2,s6
    4d3e:	86ca                	mv	a3,s2
    4d40:	49d010ef          	jal	ra,69dc <__muldf3>
    4d44:	862a                	mv	a2,a0
    4d46:	86ae                	mv	a3,a1
    4d48:	8522                	mv	a0,s0
    4d4a:	85a6                	mv	a1,s1
    4d4c:	5df000ef          	jal	ra,5b2a <__adddf3>
    4d50:	5b02                	lw	s6,32(sp)
    4d52:	5b92                	lw	s7,36(sp)
    4d54:	842a                	mv	s0,a0
    4d56:	84ae                	mv	s1,a1
    4d58:	862a                	mv	a2,a0
    4d5a:	86ae                	mv	a3,a1
    4d5c:	855a                	mv	a0,s6
    4d5e:	85de                	mv	a1,s7
    4d60:	5cb000ef          	jal	ra,5b2a <__adddf3>
    4d64:	0000a697          	auipc	a3,0xa
    4d68:	e6c68693          	addi	a3,a3,-404 # ebd0 <tfont32+0x59c>
    4d6c:	4290                	lw	a2,0(a3)
    4d6e:	42d4                	lw	a3,4(a3)
    4d70:	8562                	mv	a0,s8
    4d72:	8a2e                	mv	s4,a1
    4d74:	469010ef          	jal	ra,69dc <__muldf3>
    4d78:	892a                	mv	s2,a0
    4d7a:	89ae                	mv	s3,a1
    4d7c:	865a                	mv	a2,s6
    4d7e:	86de                	mv	a3,s7
    4d80:	8562                	mv	a0,s8
    4d82:	85d2                	mv	a1,s4
    4d84:	110020ef          	jal	ra,6e94 <__subdf3>
    4d88:	862a                	mv	a2,a0
    4d8a:	86ae                	mv	a3,a1
    4d8c:	8522                	mv	a0,s0
    4d8e:	85a6                	mv	a1,s1
    4d90:	104020ef          	jal	ra,6e94 <__subdf3>
    4d94:	0000a697          	auipc	a3,0xa
    4d98:	e4468693          	addi	a3,a3,-444 # ebd8 <tfont32+0x5a4>
    4d9c:	4290                	lw	a2,0(a3)
    4d9e:	42d4                	lw	a3,4(a3)
    4da0:	43d010ef          	jal	ra,69dc <__muldf3>
    4da4:	0000a697          	auipc	a3,0xa
    4da8:	e3c68693          	addi	a3,a3,-452 # ebe0 <tfont32+0x5ac>
    4dac:	4290                	lw	a2,0(a3)
    4dae:	42d4                	lw	a3,4(a3)
    4db0:	842a                	mv	s0,a0
    4db2:	84ae                	mv	s1,a1
    4db4:	8562                	mv	a0,s8
    4db6:	85d2                	mv	a1,s4
    4db8:	425010ef          	jal	ra,69dc <__muldf3>
    4dbc:	862a                	mv	a2,a0
    4dbe:	86ae                	mv	a3,a1
    4dc0:	8522                	mv	a0,s0
    4dc2:	85a6                	mv	a1,s1
    4dc4:	567000ef          	jal	ra,5b2a <__adddf3>
    4dc8:	5662                	lw	a2,56(sp)
    4dca:	56f2                	lw	a3,60(sp)
    4dcc:	55f000ef          	jal	ra,5b2a <__adddf3>
    4dd0:	5ed2                	lw	t4,52(sp)
    4dd2:	8b2a                	mv	s6,a0
    4dd4:	8bae                	mv	s7,a1
    4dd6:	8576                	mv	a0,t4
    4dd8:	0fb020ef          	jal	ra,76d2 <__floatsidf>
    4ddc:	842a                	mv	s0,a0
    4dde:	84ae                	mv	s1,a1
    4de0:	865a                	mv	a2,s6
    4de2:	86de                	mv	a3,s7
    4de4:	854a                	mv	a0,s2
    4de6:	85ce                	mv	a1,s3
    4de8:	543000ef          	jal	ra,5b2a <__adddf3>
    4dec:	4642                	lw	a2,16(sp)
    4dee:	46d2                	lw	a3,20(sp)
    4df0:	53b000ef          	jal	ra,5b2a <__adddf3>
    4df4:	8622                	mv	a2,s0
    4df6:	86a6                	mv	a3,s1
    4df8:	533000ef          	jal	ra,5b2a <__adddf3>
    4dfc:	4601                	li	a2,0
    4dfe:	8532                	mv	a0,a2
    4e00:	86a6                	mv	a3,s1
    4e02:	8622                	mv	a2,s0
    4e04:	84ae                	mv	s1,a1
    4e06:	842a                	mv	s0,a0
    4e08:	08c020ef          	jal	ra,6e94 <__subdf3>
    4e0c:	4642                	lw	a2,16(sp)
    4e0e:	46d2                	lw	a3,20(sp)
    4e10:	084020ef          	jal	ra,6e94 <__subdf3>
    4e14:	864a                	mv	a2,s2
    4e16:	86ce                	mv	a3,s3
    4e18:	07c020ef          	jal	ra,6e94 <__subdf3>
    4e1c:	862a                	mv	a2,a0
    4e1e:	86ae                	mv	a3,a1
    4e20:	855a                	mv	a0,s6
    4e22:	85de                	mv	a1,s7
    4e24:	070020ef          	jal	ra,6e94 <__subdf3>
    4e28:	5e42                	lw	t3,48(sp)
    4e2a:	892a                	mv	s2,a0
    4e2c:	89ae                	mv	s3,a1
    4e2e:	fffd0313          	addi	t1,s10,-1
    4e32:	01c36e33          	or	t3,t1,t3
    4e36:	300e1f63          	bnez	t3,5154 <__ieee754_pow+0x8fa>
    4e3a:	0000a697          	auipc	a3,0xa
    4e3e:	d2668693          	addi	a3,a3,-730 # eb60 <tfont32+0x52c>
    4e42:	429c                	lw	a5,0(a3)
    4e44:	0046a803          	lw	a6,4(a3)
    4e48:	c43e                	sw	a5,8(sp)
    4e4a:	c642                	sw	a6,12(sp)
    4e4c:	4c01                	li	s8,0
    4e4e:	8662                	mv	a2,s8
    4e50:	86ee                	mv	a3,s11
    4e52:	8566                	mv	a0,s9
    4e54:	85ee                	mv	a1,s11
    4e56:	03e020ef          	jal	ra,6e94 <__subdf3>
    4e5a:	8622                	mv	a2,s0
    4e5c:	86a6                	mv	a3,s1
    4e5e:	37f010ef          	jal	ra,69dc <__muldf3>
    4e62:	8b2a                	mv	s6,a0
    4e64:	8bae                	mv	s7,a1
    4e66:	8666                	mv	a2,s9
    4e68:	86ee                	mv	a3,s11
    4e6a:	854a                	mv	a0,s2
    4e6c:	85ce                	mv	a1,s3
    4e6e:	36f010ef          	jal	ra,69dc <__muldf3>
    4e72:	862a                	mv	a2,a0
    4e74:	86ae                	mv	a3,a1
    4e76:	855a                	mv	a0,s6
    4e78:	85de                	mv	a1,s7
    4e7a:	4b1000ef          	jal	ra,5b2a <__adddf3>
    4e7e:	892a                	mv	s2,a0
    4e80:	89ae                	mv	s3,a1
    4e82:	8662                	mv	a2,s8
    4e84:	86ee                	mv	a3,s11
    4e86:	8522                	mv	a0,s0
    4e88:	85a6                	mv	a1,s1
    4e8a:	353010ef          	jal	ra,69dc <__muldf3>
    4e8e:	862a                	mv	a2,a0
    4e90:	86ae                	mv	a3,a1
    4e92:	842a                	mv	s0,a0
    4e94:	84ae                	mv	s1,a1
    4e96:	854a                	mv	a0,s2
    4e98:	85ce                	mv	a1,s3
    4e9a:	491000ef          	jal	ra,5b2a <__adddf3>
    4e9e:	409007b7          	lui	a5,0x40900
    4ea2:	8a2a                	mv	s4,a0
    4ea4:	8b2e                	mv	s6,a1
    4ea6:	8bae                	mv	s7,a1
    4ea8:	24f5cc63          	blt	a1,a5,5100 <__ieee754_pow+0x8a6>
    4eac:	40f587b3          	sub	a5,a1,a5
    4eb0:	8fc9                	or	a5,a5,a0
    4eb2:	40079c63          	bnez	a5,52ca <__ieee754_pow+0xa70>
    4eb6:	0000a797          	auipc	a5,0xa
    4eba:	d3278793          	addi	a5,a5,-718 # ebe8 <tfont32+0x5b4>
    4ebe:	4390                	lw	a2,0(a5)
    4ec0:	43d4                	lw	a3,4(a5)
    4ec2:	854a                	mv	a0,s2
    4ec4:	85ce                	mv	a1,s3
    4ec6:	465000ef          	jal	ra,5b2a <__adddf3>
    4eca:	8d2a                	mv	s10,a0
    4ecc:	8dae                	mv	s11,a1
    4ece:	8622                	mv	a2,s0
    4ed0:	86a6                	mv	a3,s1
    4ed2:	8552                	mv	a0,s4
    4ed4:	85da                	mv	a1,s6
    4ed6:	7bf010ef          	jal	ra,6e94 <__subdf3>
    4eda:	862a                	mv	a2,a0
    4edc:	86ae                	mv	a3,a1
    4ede:	856a                	mv	a0,s10
    4ee0:	85ee                	mv	a1,s11
    4ee2:	197010ef          	jal	ra,6878 <__gedf2>
    4ee6:	3ea04263          	bgtz	a0,52ca <__ieee754_pow+0xa70>
    4eea:	414bd793          	srai	a5,s7,0x14
    4eee:	7ff7f793          	andi	a5,a5,2047
    4ef2:	00100537          	lui	a0,0x100
    4ef6:	c0278793          	addi	a5,a5,-1022
    4efa:	40f557b3          	sra	a5,a0,a5
    4efe:	97de                	add	a5,a5,s7
    4f00:	4147d713          	srai	a4,a5,0x14
    4f04:	7ff77713          	andi	a4,a4,2047
    4f08:	c0170713          	addi	a4,a4,-1023
    4f0c:	fff50a13          	addi	s4,a0,-1 # fffff <_data_lma+0xf0d83>
    4f10:	40ea55b3          	sra	a1,s4,a4
    4f14:	fff5c593          	not	a1,a1
    4f18:	8dfd                	and	a1,a1,a5
    4f1a:	0147fa33          	and	s4,a5,s4
    4f1e:	47d1                	li	a5,20
    4f20:	00aa6a33          	or	s4,s4,a0
    4f24:	40e78733          	sub	a4,a5,a4
    4f28:	4601                	li	a2,0
    4f2a:	86ae                	mv	a3,a1
    4f2c:	40ea5a33          	sra	s4,s4,a4
    4f30:	000bd463          	bgez	s7,4f38 <__ieee754_pow+0x6de>
    4f34:	41400a33          	neg	s4,s4
    4f38:	8522                	mv	a0,s0
    4f3a:	85a6                	mv	a1,s1
    4f3c:	759010ef          	jal	ra,6e94 <__subdf3>
    4f40:	862a                	mv	a2,a0
    4f42:	86ae                	mv	a3,a1
    4f44:	842a                	mv	s0,a0
    4f46:	84ae                	mv	s1,a1
    4f48:	854a                	mv	a0,s2
    4f4a:	85ce                	mv	a1,s3
    4f4c:	3df000ef          	jal	ra,5b2a <__adddf3>
    4f50:	8b2e                	mv	s6,a1
    4f52:	014a1d93          	slli	s11,s4,0x14
    4f56:	0000a717          	auipc	a4,0xa
    4f5a:	ca270713          	addi	a4,a4,-862 # ebf8 <tfont32+0x5c4>
    4f5e:	4310                	lw	a2,0(a4)
    4f60:	4354                	lw	a3,4(a4)
    4f62:	4c01                	li	s8,0
    4f64:	8562                	mv	a0,s8
    4f66:	85da                	mv	a1,s6
    4f68:	275010ef          	jal	ra,69dc <__muldf3>
    4f6c:	8d5a                	mv	s10,s6
    4f6e:	8bae                	mv	s7,a1
    4f70:	8b2a                	mv	s6,a0
    4f72:	8622                	mv	a2,s0
    4f74:	86a6                	mv	a3,s1
    4f76:	8562                	mv	a0,s8
    4f78:	85ea                	mv	a1,s10
    4f7a:	71b010ef          	jal	ra,6e94 <__subdf3>
    4f7e:	862a                	mv	a2,a0
    4f80:	86ae                	mv	a3,a1
    4f82:	854a                	mv	a0,s2
    4f84:	85ce                	mv	a1,s3
    4f86:	70f010ef          	jal	ra,6e94 <__subdf3>
    4f8a:	0000a717          	auipc	a4,0xa
    4f8e:	c7670713          	addi	a4,a4,-906 # ec00 <tfont32+0x5cc>
    4f92:	4310                	lw	a2,0(a4)
    4f94:	4354                	lw	a3,4(a4)
    4f96:	247010ef          	jal	ra,69dc <__muldf3>
    4f9a:	0000a717          	auipc	a4,0xa
    4f9e:	c6e70713          	addi	a4,a4,-914 # ec08 <tfont32+0x5d4>
    4fa2:	4310                	lw	a2,0(a4)
    4fa4:	4354                	lw	a3,4(a4)
    4fa6:	842a                	mv	s0,a0
    4fa8:	84ae                	mv	s1,a1
    4faa:	8562                	mv	a0,s8
    4fac:	85ea                	mv	a1,s10
    4fae:	22f010ef          	jal	ra,69dc <__muldf3>
    4fb2:	862a                	mv	a2,a0
    4fb4:	86ae                	mv	a3,a1
    4fb6:	8522                	mv	a0,s0
    4fb8:	85a6                	mv	a1,s1
    4fba:	371000ef          	jal	ra,5b2a <__adddf3>
    4fbe:	892a                	mv	s2,a0
    4fc0:	89ae                	mv	s3,a1
    4fc2:	862a                	mv	a2,a0
    4fc4:	86ae                	mv	a3,a1
    4fc6:	855a                	mv	a0,s6
    4fc8:	85de                	mv	a1,s7
    4fca:	361000ef          	jal	ra,5b2a <__adddf3>
    4fce:	865a                	mv	a2,s6
    4fd0:	86de                	mv	a3,s7
    4fd2:	842a                	mv	s0,a0
    4fd4:	84ae                	mv	s1,a1
    4fd6:	6bf010ef          	jal	ra,6e94 <__subdf3>
    4fda:	862a                	mv	a2,a0
    4fdc:	86ae                	mv	a3,a1
    4fde:	854a                	mv	a0,s2
    4fe0:	85ce                	mv	a1,s3
    4fe2:	6b3010ef          	jal	ra,6e94 <__subdf3>
    4fe6:	8b2a                	mv	s6,a0
    4fe8:	8bae                	mv	s7,a1
    4fea:	8622                	mv	a2,s0
    4fec:	86a6                	mv	a3,s1
    4fee:	8522                	mv	a0,s0
    4ff0:	85a6                	mv	a1,s1
    4ff2:	1eb010ef          	jal	ra,69dc <__muldf3>
    4ff6:	0000a797          	auipc	a5,0xa
    4ffa:	c1a78793          	addi	a5,a5,-998 # ec10 <tfont32+0x5dc>
    4ffe:	4390                	lw	a2,0(a5)
    5000:	43d4                	lw	a3,4(a5)
    5002:	892a                	mv	s2,a0
    5004:	89ae                	mv	s3,a1
    5006:	1d7010ef          	jal	ra,69dc <__muldf3>
    500a:	0000a797          	auipc	a5,0xa
    500e:	c0e78793          	addi	a5,a5,-1010 # ec18 <tfont32+0x5e4>
    5012:	4390                	lw	a2,0(a5)
    5014:	43d4                	lw	a3,4(a5)
    5016:	67f010ef          	jal	ra,6e94 <__subdf3>
    501a:	864a                	mv	a2,s2
    501c:	86ce                	mv	a3,s3
    501e:	1bf010ef          	jal	ra,69dc <__muldf3>
    5022:	0000a797          	auipc	a5,0xa
    5026:	bfe78793          	addi	a5,a5,-1026 # ec20 <tfont32+0x5ec>
    502a:	4390                	lw	a2,0(a5)
    502c:	43d4                	lw	a3,4(a5)
    502e:	2fd000ef          	jal	ra,5b2a <__adddf3>
    5032:	864a                	mv	a2,s2
    5034:	86ce                	mv	a3,s3
    5036:	1a7010ef          	jal	ra,69dc <__muldf3>
    503a:	0000a797          	auipc	a5,0xa
    503e:	bee78793          	addi	a5,a5,-1042 # ec28 <tfont32+0x5f4>
    5042:	4390                	lw	a2,0(a5)
    5044:	43d4                	lw	a3,4(a5)
    5046:	64f010ef          	jal	ra,6e94 <__subdf3>
    504a:	864a                	mv	a2,s2
    504c:	86ce                	mv	a3,s3
    504e:	18f010ef          	jal	ra,69dc <__muldf3>
    5052:	0000a797          	auipc	a5,0xa
    5056:	bde78793          	addi	a5,a5,-1058 # ec30 <tfont32+0x5fc>
    505a:	4390                	lw	a2,0(a5)
    505c:	43d4                	lw	a3,4(a5)
    505e:	2cd000ef          	jal	ra,5b2a <__adddf3>
    5062:	864a                	mv	a2,s2
    5064:	86ce                	mv	a3,s3
    5066:	177010ef          	jal	ra,69dc <__muldf3>
    506a:	862a                	mv	a2,a0
    506c:	86ae                	mv	a3,a1
    506e:	8522                	mv	a0,s0
    5070:	85a6                	mv	a1,s1
    5072:	623010ef          	jal	ra,6e94 <__subdf3>
    5076:	862a                	mv	a2,a0
    5078:	86ae                	mv	a3,a1
    507a:	8c2a                	mv	s8,a0
    507c:	8cae                	mv	s9,a1
    507e:	8522                	mv	a0,s0
    5080:	85a6                	mv	a1,s1
    5082:	15b010ef          	jal	ra,69dc <__muldf3>
    5086:	0000a697          	auipc	a3,0xa
    508a:	bb268693          	addi	a3,a3,-1102 # ec38 <tfont32+0x604>
    508e:	4290                	lw	a2,0(a3)
    5090:	42d4                	lw	a3,4(a3)
    5092:	892a                	mv	s2,a0
    5094:	89ae                	mv	s3,a1
    5096:	8562                	mv	a0,s8
    5098:	85e6                	mv	a1,s9
    509a:	5fb010ef          	jal	ra,6e94 <__subdf3>
    509e:	862a                	mv	a2,a0
    50a0:	86ae                	mv	a3,a1
    50a2:	854a                	mv	a0,s2
    50a4:	85ce                	mv	a1,s3
    50a6:	1b4010ef          	jal	ra,625a <__divdf3>
    50aa:	892a                	mv	s2,a0
    50ac:	89ae                	mv	s3,a1
    50ae:	865a                	mv	a2,s6
    50b0:	86de                	mv	a3,s7
    50b2:	8522                	mv	a0,s0
    50b4:	85a6                	mv	a1,s1
    50b6:	127010ef          	jal	ra,69dc <__muldf3>
    50ba:	865a                	mv	a2,s6
    50bc:	86de                	mv	a3,s7
    50be:	26d000ef          	jal	ra,5b2a <__adddf3>
    50c2:	862a                	mv	a2,a0
    50c4:	86ae                	mv	a3,a1
    50c6:	854a                	mv	a0,s2
    50c8:	85ce                	mv	a1,s3
    50ca:	5cb010ef          	jal	ra,6e94 <__subdf3>
    50ce:	8622                	mv	a2,s0
    50d0:	86a6                	mv	a3,s1
    50d2:	5c3010ef          	jal	ra,6e94 <__subdf3>
    50d6:	86ae                	mv	a3,a1
    50d8:	862a                	mv	a2,a0
    50da:	004aa583          	lw	a1,4(s5)
    50de:	000aa503          	lw	a0,0(s5)
    50e2:	5b3010ef          	jal	ra,6e94 <__subdf3>
    50e6:	00bd87b3          	add	a5,s11,a1
    50ea:	4147d693          	srai	a3,a5,0x14
    50ee:	22d05e63          	blez	a3,532a <__ieee754_pow+0xad0>
    50f2:	85be                	mv	a1,a5
    50f4:	4622                	lw	a2,8(sp)
    50f6:	46b2                	lw	a3,12(sp)
    50f8:	0e5010ef          	jal	ra,69dc <__muldf3>
    50fc:	fb0ff06f          	j	48ac <__ieee754_pow+0x52>
    5100:	00159793          	slli	a5,a1,0x1
    5104:	4090d6b7          	lui	a3,0x4090d
    5108:	8385                	srli	a5,a5,0x1
    510a:	bff68693          	addi	a3,a3,-1025 # 4090cbff <_eusrstack+0x20907bff>
    510e:	1af6d663          	bge	a3,a5,52ba <__ieee754_pow+0xa60>
    5112:	3f6f37b7          	lui	a5,0x3f6f3
    5116:	40078793          	addi	a5,a5,1024 # 3f6f3400 <_eusrstack+0x1f6ee400>
    511a:	97ae                	add	a5,a5,a1
    511c:	8fc9                	or	a5,a5,a0
    511e:	eb99                	bnez	a5,5134 <__ieee754_pow+0x8da>
    5120:	8622                	mv	a2,s0
    5122:	86a6                	mv	a3,s1
    5124:	571010ef          	jal	ra,6e94 <__subdf3>
    5128:	864a                	mv	a2,s2
    512a:	86ce                	mv	a3,s3
    512c:	74c010ef          	jal	ra,6878 <__gedf2>
    5130:	da054de3          	bltz	a0,4eea <__ieee754_pow+0x690>
    5134:	0000a417          	auipc	s0,0xa
    5138:	abc40413          	addi	s0,s0,-1348 # ebf0 <tfont32+0x5bc>
    513c:	4010                	lw	a2,0(s0)
    513e:	4054                	lw	a3,4(s0)
    5140:	4522                	lw	a0,8(sp)
    5142:	45b2                	lw	a1,12(sp)
    5144:	099010ef          	jal	ra,69dc <__muldf3>
    5148:	4010                	lw	a2,0(s0)
    514a:	4054                	lw	a3,4(s0)
    514c:	091010ef          	jal	ra,69dc <__muldf3>
    5150:	f5cff06f          	j	48ac <__ieee754_pow+0x52>
    5154:	000aa783          	lw	a5,0(s5)
    5158:	004aa803          	lw	a6,4(s5)
    515c:	c43e                	sw	a5,8(sp)
    515e:	c642                	sw	a6,12(sp)
    5160:	b1f5                	j	4e4c <__ieee754_pow+0x5f2>
    5162:	8e0dd7e3          	bgez	s11,4a50 <__ieee754_pow+0x1f6>
    5166:	800005b7          	lui	a1,0x80000
    516a:	4501                	li	a0,0
    516c:	01b5c5b3          	xor	a1,a1,s11
    5170:	f3cff06f          	j	48ac <__ieee754_pow+0x52>
    5174:	00008a97          	auipc	s5,0x8
    5178:	8dca8a93          	addi	s5,s5,-1828 # ca50 <__trunctfdf2+0x230>
    517c:	b245                	j	4b1c <__ieee754_pow+0x2c2>
    517e:	3ff006b7          	lui	a3,0x3ff00
    5182:	ffe68613          	addi	a2,a3,-2 # 3feffffe <_eusrstack+0x1fefaffe>
    5186:	848659e3          	bge	a2,s0,49d8 <__ieee754_pow+0x17e>
    518a:	8e86c5e3          	blt	a3,s0,4a74 <__ieee754_pow+0x21a>
    518e:	00008a97          	auipc	s5,0x8
    5192:	8c2a8a93          	addi	s5,s5,-1854 # ca50 <__trunctfdf2+0x230>
    5196:	000aa603          	lw	a2,0(s5)
    519a:	004aa683          	lw	a3,4(s5)
    519e:	c872                	sw	t3,16(sp)
    51a0:	4f5010ef          	jal	ra,6e94 <__subdf3>
    51a4:	0000a697          	auipc	a3,0xa
    51a8:	9c468693          	addi	a3,a3,-1596 # eb68 <tfont32+0x534>
    51ac:	4290                	lw	a2,0(a3)
    51ae:	42d4                	lw	a3,4(a3)
    51b0:	842a                	mv	s0,a0
    51b2:	84ae                	mv	s1,a1
    51b4:	029010ef          	jal	ra,69dc <__muldf3>
    51b8:	0000a697          	auipc	a3,0xa
    51bc:	9b868693          	addi	a3,a3,-1608 # eb70 <tfont32+0x53c>
    51c0:	4290                	lw	a2,0(a3)
    51c2:	42d4                	lw	a3,4(a3)
    51c4:	892a                	mv	s2,a0
    51c6:	89ae                	mv	s3,a1
    51c8:	8522                	mv	a0,s0
    51ca:	85a6                	mv	a1,s1
    51cc:	011010ef          	jal	ra,69dc <__muldf3>
    51d0:	0000a697          	auipc	a3,0xa
    51d4:	9a868693          	addi	a3,a3,-1624 # eb78 <tfont32+0x544>
    51d8:	4290                	lw	a2,0(a3)
    51da:	42d4                	lw	a3,4(a3)
    51dc:	c42a                	sw	a0,8(sp)
    51de:	c62e                	sw	a1,12(sp)
    51e0:	8522                	mv	a0,s0
    51e2:	85a6                	mv	a1,s1
    51e4:	7f8010ef          	jal	ra,69dc <__muldf3>
    51e8:	86ae                	mv	a3,a1
    51ea:	0000a597          	auipc	a1,0xa
    51ee:	99658593          	addi	a1,a1,-1642 # eb80 <tfont32+0x54c>
    51f2:	862a                	mv	a2,a0
    51f4:	4188                	lw	a0,0(a1)
    51f6:	41cc                	lw	a1,4(a1)
    51f8:	49d010ef          	jal	ra,6e94 <__subdf3>
    51fc:	8622                	mv	a2,s0
    51fe:	86a6                	mv	a3,s1
    5200:	7dc010ef          	jal	ra,69dc <__muldf3>
    5204:	86ae                	mv	a3,a1
    5206:	00008597          	auipc	a1,0x8
    520a:	93a58593          	addi	a1,a1,-1734 # cb40 <__trunctfdf2+0x320>
    520e:	862a                	mv	a2,a0
    5210:	4188                	lw	a0,0(a1)
    5212:	41cc                	lw	a1,4(a1)
    5214:	481010ef          	jal	ra,6e94 <__subdf3>
    5218:	8b2a                	mv	s6,a0
    521a:	8bae                	mv	s7,a1
    521c:	8622                	mv	a2,s0
    521e:	86a6                	mv	a3,s1
    5220:	8522                	mv	a0,s0
    5222:	85a6                	mv	a1,s1
    5224:	7b8010ef          	jal	ra,69dc <__muldf3>
    5228:	862a                	mv	a2,a0
    522a:	86ae                	mv	a3,a1
    522c:	855a                	mv	a0,s6
    522e:	85de                	mv	a1,s7
    5230:	7ac010ef          	jal	ra,69dc <__muldf3>
    5234:	0000a697          	auipc	a3,0xa
    5238:	95468693          	addi	a3,a3,-1708 # eb88 <tfont32+0x554>
    523c:	4290                	lw	a2,0(a3)
    523e:	42d4                	lw	a3,4(a3)
    5240:	79c010ef          	jal	ra,69dc <__muldf3>
    5244:	4722                	lw	a4,8(sp)
    5246:	47b2                	lw	a5,12(sp)
    5248:	862a                	mv	a2,a0
    524a:	86ae                	mv	a3,a1
    524c:	853a                	mv	a0,a4
    524e:	85be                	mv	a1,a5
    5250:	445010ef          	jal	ra,6e94 <__subdf3>
    5254:	862a                	mv	a2,a0
    5256:	86ae                	mv	a3,a1
    5258:	8b2a                	mv	s6,a0
    525a:	8bae                	mv	s7,a1
    525c:	854a                	mv	a0,s2
    525e:	85ce                	mv	a1,s3
    5260:	0cb000ef          	jal	ra,5b2a <__adddf3>
    5264:	4601                	li	a2,0
    5266:	86ce                	mv	a3,s3
    5268:	8532                	mv	a0,a2
    526a:	8432                	mv	s0,a2
    526c:	864a                	mv	a2,s2
    526e:	84ae                	mv	s1,a1
    5270:	425010ef          	jal	ra,6e94 <__subdf3>
    5274:	862a                	mv	a2,a0
    5276:	86ae                	mv	a3,a1
    5278:	855a                	mv	a0,s6
    527a:	85de                	mv	a1,s7
    527c:	419010ef          	jal	ra,6e94 <__subdf3>
    5280:	892a                	mv	s2,a0
    5282:	89ae                	mv	s3,a1
    5284:	4e42                	lw	t3,16(sp)
    5286:	b665                	j	4e2e <__ieee754_pow+0x5d4>
    5288:	864e                	mv	a2,s3
    528a:	854e                	mv	a0,s3
    528c:	86a6                	mv	a3,s1
    528e:	85a6                	mv	a1,s1
    5290:	74c010ef          	jal	ra,69dc <__muldf3>
    5294:	e18ff06f          	j	48ac <__ieee754_pow+0x52>
    5298:	f40c9d63          	bnez	s9,49f2 <__ieee754_pow+0x198>
    529c:	40d606b3          	sub	a3,a2,a3
    52a0:	40d95633          	sra	a2,s2,a3
    52a4:	00d616b3          	sll	a3,a2,a3
    52a8:	8d66                	mv	s10,s9
    52aa:	e5269563          	bne	a3,s2,48f4 <__ieee754_pow+0x9a>
    52ae:	8a05                	andi	a2,a2,1
    52b0:	4309                	li	t1,2
    52b2:	40c30d33          	sub	s10,t1,a2
    52b6:	e3eff06f          	j	48f4 <__ieee754_pow+0x9a>
    52ba:	3fe00737          	lui	a4,0x3fe00
    52be:	4d81                	li	s11,0
    52c0:	4a01                	li	s4,0
    52c2:	c8f75ae3          	bge	a4,a5,4f56 <__ieee754_pow+0x6fc>
    52c6:	87d1                	srai	a5,a5,0x14
    52c8:	b12d                	j	4ef2 <__ieee754_pow+0x698>
    52ca:	00009417          	auipc	s0,0x9
    52ce:	7de40413          	addi	s0,s0,2014 # eaa8 <tfont32+0x474>
    52d2:	b5ad                	j	513c <__ieee754_pow+0x8e2>
    52d4:	4785                	li	a5,1
    52d6:	dcfd1b63          	bne	s10,a5,48ac <__ieee754_pow+0x52>
    52da:	800007b7          	lui	a5,0x80000
    52de:	8dbd                	xor	a1,a1,a5
    52e0:	dccff06f          	j	48ac <__ieee754_pow+0x52>
    52e4:	0000a697          	auipc	a3,0xa
    52e8:	86468693          	addi	a3,a3,-1948 # eb48 <tfont32+0x514>
    52ec:	429c                	lw	a5,0(a3)
    52ee:	0046a803          	lw	a6,4(a3)
    52f2:	0000a697          	auipc	a3,0xa
    52f6:	85e68693          	addi	a3,a3,-1954 # eb50 <tfont32+0x51c>
    52fa:	c83e                	sw	a5,16(sp)
    52fc:	ca42                	sw	a6,20(sp)
    52fe:	429c                	lw	a5,0(a3)
    5300:	0046a803          	lw	a6,4(a3)
    5304:	0000a697          	auipc	a3,0xa
    5308:	85468693          	addi	a3,a3,-1964 # eb58 <tfont32+0x524>
    530c:	dc3e                	sw	a5,56(sp)
    530e:	de42                	sw	a6,60(sp)
    5310:	429c                	lw	a5,0(a3)
    5312:	0046a803          	lw	a6,4(a3)
    5316:	000409b7          	lui	s3,0x40
    531a:	c43e                	sw	a5,8(sp)
    531c:	c642                	sw	a6,12(sp)
    531e:	00007a97          	auipc	s5,0x7
    5322:	732a8a93          	addi	s5,s5,1842 # ca50 <__trunctfdf2+0x230>
    5326:	80dff06f          	j	4b32 <__ieee754_pow+0x2d8>
    532a:	8652                	mv	a2,s4
    532c:	6aa000ef          	jal	ra,59d6 <scalbn>
    5330:	b3d1                	j	50f4 <__ieee754_pow+0x89a>

00005332 <__ieee754_sqrt>:
    5332:	1141                	addi	sp,sp,-16
    5334:	7ff00737          	lui	a4,0x7ff00
    5338:	c422                	sw	s0,8(sp)
    533a:	c226                	sw	s1,4(sp)
    533c:	c606                	sw	ra,12(sp)
    533e:	00b77833          	and	a6,a4,a1
    5342:	842e                	mv	s0,a1
    5344:	84aa                	mv	s1,a0
    5346:	16e80d63          	beq	a6,a4,54c0 <__ieee754_sqrt+0x18e>
    534a:	87ae                	mv	a5,a1
    534c:	86aa                	mv	a3,a0
    534e:	0eb05f63          	blez	a1,544c <__ieee754_sqrt+0x11a>
    5352:	4145de13          	srai	t3,a1,0x14
    5356:	1a0e0063          	beqz	t3,54f6 <__ieee754_sqrt+0x1c4>
    535a:	00100737          	lui	a4,0x100
    535e:	fff70613          	addi	a2,a4,-1 # fffff <_data_lma+0xf0d83>
    5362:	8ff1                	and	a5,a5,a2
    5364:	8fd9                	or	a5,a5,a4
    5366:	c01e0e13          	addi	t3,t3,-1023
    536a:	00179713          	slli	a4,a5,0x1
    536e:	001e7613          	andi	a2,t3,1
    5372:	01f6d793          	srli	a5,a3,0x1f
    5376:	97ba                	add	a5,a5,a4
    5378:	00169713          	slli	a4,a3,0x1
    537c:	c611                	beqz	a2,5388 <__ieee754_sqrt+0x56>
    537e:	837d                	srli	a4,a4,0x1f
    5380:	0786                	slli	a5,a5,0x1
    5382:	97ba                	add	a5,a5,a4
    5384:	00269713          	slli	a4,a3,0x2
    5388:	401e5e13          	srai	t3,t3,0x1
    538c:	45d9                	li	a1,22
    538e:	4e81                	li	t4,0
    5390:	4681                	li	a3,0
    5392:	00200637          	lui	a2,0x200
    5396:	00c68533          	add	a0,a3,a2
    539a:	01f75813          	srli	a6,a4,0x1f
    539e:	15fd                	addi	a1,a1,-1
    53a0:	00a7c663          	blt	a5,a0,53ac <__ieee754_sqrt+0x7a>
    53a4:	8f89                	sub	a5,a5,a0
    53a6:	00c506b3          	add	a3,a0,a2
    53aa:	9eb2                	add	t4,t4,a2
    53ac:	0786                	slli	a5,a5,0x1
    53ae:	97c2                	add	a5,a5,a6
    53b0:	0706                	slli	a4,a4,0x1
    53b2:	8205                	srli	a2,a2,0x1
    53b4:	f1ed                	bnez	a1,5396 <__ieee754_sqrt+0x64>
    53b6:	02000513          	li	a0,32
    53ba:	4301                	li	t1,0
    53bc:	4881                	li	a7,0
    53be:	80000637          	lui	a2,0x80000
    53c2:	a819                	j	53d8 <__ieee754_sqrt+0xa6>
    53c4:	0ed78563          	beq	a5,a3,54ae <__ieee754_sqrt+0x17c>
    53c8:	01f75593          	srli	a1,a4,0x1f
    53cc:	0786                	slli	a5,a5,0x1
    53ce:	157d                	addi	a0,a0,-1
    53d0:	97ae                	add	a5,a5,a1
    53d2:	0706                	slli	a4,a4,0x1
    53d4:	8205                	srli	a2,a2,0x1
    53d6:	c90d                	beqz	a0,5408 <__ieee754_sqrt+0xd6>
    53d8:	011605b3          	add	a1,a2,a7
    53dc:	fef6d4e3          	bge	a3,a5,53c4 <__ieee754_sqrt+0x92>
    53e0:	00c588b3          	add	a7,a1,a2
    53e4:	8836                	mv	a6,a3
    53e6:	0a05ce63          	bltz	a1,54a2 <__ieee754_sqrt+0x170>
    53ea:	8f95                	sub	a5,a5,a3
    53ec:	00b736b3          	sltu	a3,a4,a1
    53f0:	8f95                	sub	a5,a5,a3
    53f2:	8f0d                	sub	a4,a4,a1
    53f4:	01f75593          	srli	a1,a4,0x1f
    53f8:	0786                	slli	a5,a5,0x1
    53fa:	157d                	addi	a0,a0,-1
    53fc:	9332                	add	t1,t1,a2
    53fe:	86c2                	mv	a3,a6
    5400:	97ae                	add	a5,a5,a1
    5402:	0706                	slli	a4,a4,0x1
    5404:	8205                	srli	a2,a2,0x1
    5406:	f969                	bnez	a0,53d8 <__ieee754_sqrt+0xa6>
    5408:	8fd9                	or	a5,a5,a4
    540a:	00135493          	srli	s1,t1,0x1
    540e:	cb89                	beqz	a5,5420 <__ieee754_sqrt+0xee>
    5410:	00130493          	addi	s1,t1,1 # 7ff00001 <_eusrstack+0x5fefb001>
    5414:	57fd                	li	a5,-1
    5416:	8085                	srli	s1,s1,0x1
    5418:	00f31463          	bne	t1,a5,5420 <__ieee754_sqrt+0xee>
    541c:	0e85                	addi	t4,t4,1
    541e:	4481                	li	s1,0
    5420:	401ed713          	srai	a4,t4,0x1
    5424:	3fe00437          	lui	s0,0x3fe00
    5428:	001efe93          	andi	t4,t4,1
    542c:	943a                	add	s0,s0,a4
    542e:	000e8563          	beqz	t4,5438 <__ieee754_sqrt+0x106>
    5432:	800007b7          	lui	a5,0x80000
    5436:	8cdd                	or	s1,s1,a5
    5438:	014e1713          	slli	a4,t3,0x14
    543c:	9722                	add	a4,a4,s0
    543e:	40b2                	lw	ra,12(sp)
    5440:	4422                	lw	s0,8(sp)
    5442:	8526                	mv	a0,s1
    5444:	85ba                	mv	a1,a4
    5446:	4492                	lw	s1,4(sp)
    5448:	0141                	addi	sp,sp,16
    544a:	8082                	ret
    544c:	00159713          	slli	a4,a1,0x1
    5450:	8305                	srli	a4,a4,0x1
    5452:	00a76833          	or	a6,a4,a0
    5456:	872e                	mv	a4,a1
    5458:	fe0803e3          	beqz	a6,543e <__ieee754_sqrt+0x10c>
    545c:	e1d1                	bnez	a1,54e0 <__ieee754_sqrt+0x1ae>
    545e:	00b6d593          	srli	a1,a3,0xb
    5462:	17ad                	addi	a5,a5,-21
    5464:	872e                	mv	a4,a1
    5466:	06d6                	slli	a3,a3,0x15
    5468:	d9fd                	beqz	a1,545e <__ieee754_sqrt+0x12c>
    546a:	0145d613          	srli	a2,a1,0x14
    546e:	e659                	bnez	a2,54fc <__ieee754_sqrt+0x1ca>
    5470:	4601                	li	a2,0
    5472:	a011                	j	5476 <__ieee754_sqrt+0x144>
    5474:	862a                	mv	a2,a0
    5476:	0706                	slli	a4,a4,0x1
    5478:	00b71593          	slli	a1,a4,0xb
    547c:	00160513          	addi	a0,a2,1 # 80000001 <_eusrstack+0x5fffb001>
    5480:	fe05dae3          	bgez	a1,5474 <__ieee754_sqrt+0x142>
    5484:	02000893          	li	a7,32
    5488:	8836                	mv	a6,a3
    548a:	40a888b3          	sub	a7,a7,a0
    548e:	85ba                	mv	a1,a4
    5490:	00a696b3          	sll	a3,a3,a0
    5494:	01185733          	srl	a4,a6,a7
    5498:	40c78e33          	sub	t3,a5,a2
    549c:	00b767b3          	or	a5,a4,a1
    54a0:	bd6d                	j	535a <__ieee754_sqrt+0x28>
    54a2:	fff8c813          	not	a6,a7
    54a6:	01f85813          	srli	a6,a6,0x1f
    54aa:	9836                	add	a6,a6,a3
    54ac:	bf3d                	j	53ea <__ieee754_sqrt+0xb8>
    54ae:	f0b76de3          	bltu	a4,a1,53c8 <__ieee754_sqrt+0x96>
    54b2:	00c588b3          	add	a7,a1,a2
    54b6:	fe05c6e3          	bltz	a1,54a2 <__ieee754_sqrt+0x170>
    54ba:	883e                	mv	a6,a5
    54bc:	4781                	li	a5,0
    54be:	bf15                	j	53f2 <__ieee754_sqrt+0xc0>
    54c0:	862a                	mv	a2,a0
    54c2:	86ae                	mv	a3,a1
    54c4:	518010ef          	jal	ra,69dc <__muldf3>
    54c8:	8626                	mv	a2,s1
    54ca:	86a2                	mv	a3,s0
    54cc:	2db9                	jal	5b2a <__adddf3>
    54ce:	40b2                	lw	ra,12(sp)
    54d0:	4422                	lw	s0,8(sp)
    54d2:	84aa                	mv	s1,a0
    54d4:	872e                	mv	a4,a1
    54d6:	8526                	mv	a0,s1
    54d8:	85ba                	mv	a1,a4
    54da:	4492                	lw	s1,4(sp)
    54dc:	0141                	addi	sp,sp,16
    54de:	8082                	ret
    54e0:	862a                	mv	a2,a0
    54e2:	86ae                	mv	a3,a1
    54e4:	1b1010ef          	jal	ra,6e94 <__subdf3>
    54e8:	862a                	mv	a2,a0
    54ea:	86ae                	mv	a3,a1
    54ec:	56f000ef          	jal	ra,625a <__divdf3>
    54f0:	84aa                	mv	s1,a0
    54f2:	872e                	mv	a4,a1
    54f4:	b7a9                	j	543e <__ieee754_sqrt+0x10c>
    54f6:	872e                	mv	a4,a1
    54f8:	4781                	li	a5,0
    54fa:	bf9d                	j	5470 <__ieee754_sqrt+0x13e>
    54fc:	8836                	mv	a6,a3
    54fe:	02000893          	li	a7,32
    5502:	567d                	li	a2,-1
    5504:	bf41                	j	5494 <__ieee754_sqrt+0x162>

00005506 <atan>:
    5506:	7179                	addi	sp,sp,-48
    5508:	d04a                	sw	s2,32(sp)
    550a:	00159913          	slli	s2,a1,0x1
    550e:	d422                	sw	s0,40(sp)
    5510:	d226                	sw	s1,36(sp)
    5512:	ca56                	sw	s5,20(sp)
    5514:	d606                	sw	ra,44(sp)
    5516:	ce4e                	sw	s3,28(sp)
    5518:	cc52                	sw	s4,24(sp)
    551a:	c85a                	sw	s6,16(sp)
    551c:	c65e                	sw	s7,12(sp)
    551e:	00195913          	srli	s2,s2,0x1
    5522:	441007b7          	lui	a5,0x44100
    5526:	842e                	mv	s0,a1
    5528:	84aa                	mv	s1,a0
    552a:	8aae                	mv	s5,a1
    552c:	04f94663          	blt	s2,a5,5578 <atan+0x72>
    5530:	7ff007b7          	lui	a5,0x7ff00
    5534:	0127ce63          	blt	a5,s2,5550 <atan+0x4a>
    5538:	00f90b63          	beq	s2,a5,554e <atan+0x48>
    553c:	1f505363          	blez	s5,5722 <atan+0x21c>
    5540:	00009797          	auipc	a5,0x9
    5544:	55878793          	addi	a5,a5,1368 # ea98 <tfont32+0x464>
    5548:	4384                	lw	s1,0(a5)
    554a:	43c0                	lw	s0,4(a5)
    554c:	a809                	j	555e <atan+0x58>
    554e:	d57d                	beqz	a0,553c <atan+0x36>
    5550:	8626                	mv	a2,s1
    5552:	8526                	mv	a0,s1
    5554:	86a2                	mv	a3,s0
    5556:	85a2                	mv	a1,s0
    5558:	2bc9                	jal	5b2a <__adddf3>
    555a:	84aa                	mv	s1,a0
    555c:	842e                	mv	s0,a1
    555e:	85a2                	mv	a1,s0
    5560:	50b2                	lw	ra,44(sp)
    5562:	5422                	lw	s0,40(sp)
    5564:	8526                	mv	a0,s1
    5566:	5902                	lw	s2,32(sp)
    5568:	5492                	lw	s1,36(sp)
    556a:	49f2                	lw	s3,28(sp)
    556c:	4a62                	lw	s4,24(sp)
    556e:	4ad2                	lw	s5,20(sp)
    5570:	4b42                	lw	s6,16(sp)
    5572:	4bb2                	lw	s7,12(sp)
    5574:	6145                	addi	sp,sp,48
    5576:	8082                	ret
    5578:	3fdc07b7          	lui	a5,0x3fdc0
    557c:	1cf95163          	bge	s2,a5,573e <atan+0x238>
    5580:	3e2007b7          	lui	a5,0x3e200
    5584:	16f94d63          	blt	s2,a5,56fe <atan+0x1f8>
    5588:	5a7d                	li	s4,-1
    558a:	8626                	mv	a2,s1
    558c:	86a2                	mv	a3,s0
    558e:	8526                	mv	a0,s1
    5590:	85a2                	mv	a1,s0
    5592:	44a010ef          	jal	ra,69dc <__muldf3>
    5596:	862a                	mv	a2,a0
    5598:	86ae                	mv	a3,a1
    559a:	8b2a                	mv	s6,a0
    559c:	8bae                	mv	s7,a1
    559e:	43e010ef          	jal	ra,69dc <__muldf3>
    55a2:	00009797          	auipc	a5,0x9
    55a6:	69e78793          	addi	a5,a5,1694 # ec40 <tfont32+0x60c>
    55aa:	4390                	lw	a2,0(a5)
    55ac:	43d4                	lw	a3,4(a5)
    55ae:	892a                	mv	s2,a0
    55b0:	89ae                	mv	s3,a1
    55b2:	42a010ef          	jal	ra,69dc <__muldf3>
    55b6:	00009797          	auipc	a5,0x9
    55ba:	69278793          	addi	a5,a5,1682 # ec48 <tfont32+0x614>
    55be:	4390                	lw	a2,0(a5)
    55c0:	43d4                	lw	a3,4(a5)
    55c2:	23a5                	jal	5b2a <__adddf3>
    55c4:	864a                	mv	a2,s2
    55c6:	86ce                	mv	a3,s3
    55c8:	414010ef          	jal	ra,69dc <__muldf3>
    55cc:	00009797          	auipc	a5,0x9
    55d0:	68478793          	addi	a5,a5,1668 # ec50 <tfont32+0x61c>
    55d4:	4390                	lw	a2,0(a5)
    55d6:	43d4                	lw	a3,4(a5)
    55d8:	2b89                	jal	5b2a <__adddf3>
    55da:	864a                	mv	a2,s2
    55dc:	86ce                	mv	a3,s3
    55de:	3fe010ef          	jal	ra,69dc <__muldf3>
    55e2:	00009797          	auipc	a5,0x9
    55e6:	67678793          	addi	a5,a5,1654 # ec58 <tfont32+0x624>
    55ea:	4390                	lw	a2,0(a5)
    55ec:	43d4                	lw	a3,4(a5)
    55ee:	2b35                	jal	5b2a <__adddf3>
    55f0:	864a                	mv	a2,s2
    55f2:	86ce                	mv	a3,s3
    55f4:	3e8010ef          	jal	ra,69dc <__muldf3>
    55f8:	00009797          	auipc	a5,0x9
    55fc:	66878793          	addi	a5,a5,1640 # ec60 <tfont32+0x62c>
    5600:	4390                	lw	a2,0(a5)
    5602:	43d4                	lw	a3,4(a5)
    5604:	231d                	jal	5b2a <__adddf3>
    5606:	864a                	mv	a2,s2
    5608:	86ce                	mv	a3,s3
    560a:	3d2010ef          	jal	ra,69dc <__muldf3>
    560e:	00009797          	auipc	a5,0x9
    5612:	65a78793          	addi	a5,a5,1626 # ec68 <tfont32+0x634>
    5616:	4390                	lw	a2,0(a5)
    5618:	43d4                	lw	a3,4(a5)
    561a:	2b01                	jal	5b2a <__adddf3>
    561c:	865a                	mv	a2,s6
    561e:	86de                	mv	a3,s7
    5620:	3bc010ef          	jal	ra,69dc <__muldf3>
    5624:	00009797          	auipc	a5,0x9
    5628:	64c78793          	addi	a5,a5,1612 # ec70 <tfont32+0x63c>
    562c:	4390                	lw	a2,0(a5)
    562e:	43d4                	lw	a3,4(a5)
    5630:	8b2a                	mv	s6,a0
    5632:	8bae                	mv	s7,a1
    5634:	854a                	mv	a0,s2
    5636:	85ce                	mv	a1,s3
    5638:	3a4010ef          	jal	ra,69dc <__muldf3>
    563c:	00009797          	auipc	a5,0x9
    5640:	63c78793          	addi	a5,a5,1596 # ec78 <tfont32+0x644>
    5644:	4390                	lw	a2,0(a5)
    5646:	43d4                	lw	a3,4(a5)
    5648:	04d010ef          	jal	ra,6e94 <__subdf3>
    564c:	864a                	mv	a2,s2
    564e:	86ce                	mv	a3,s3
    5650:	38c010ef          	jal	ra,69dc <__muldf3>
    5654:	00009797          	auipc	a5,0x9
    5658:	62c78793          	addi	a5,a5,1580 # ec80 <tfont32+0x64c>
    565c:	4390                	lw	a2,0(a5)
    565e:	43d4                	lw	a3,4(a5)
    5660:	035010ef          	jal	ra,6e94 <__subdf3>
    5664:	864a                	mv	a2,s2
    5666:	86ce                	mv	a3,s3
    5668:	374010ef          	jal	ra,69dc <__muldf3>
    566c:	00009797          	auipc	a5,0x9
    5670:	61c78793          	addi	a5,a5,1564 # ec88 <tfont32+0x654>
    5674:	4390                	lw	a2,0(a5)
    5676:	43d4                	lw	a3,4(a5)
    5678:	01d010ef          	jal	ra,6e94 <__subdf3>
    567c:	864a                	mv	a2,s2
    567e:	86ce                	mv	a3,s3
    5680:	35c010ef          	jal	ra,69dc <__muldf3>
    5684:	00009797          	auipc	a5,0x9
    5688:	60c78793          	addi	a5,a5,1548 # ec90 <tfont32+0x65c>
    568c:	4390                	lw	a2,0(a5)
    568e:	43d4                	lw	a3,4(a5)
    5690:	005010ef          	jal	ra,6e94 <__subdf3>
    5694:	864a                	mv	a2,s2
    5696:	86ce                	mv	a3,s3
    5698:	344010ef          	jal	ra,69dc <__muldf3>
    569c:	862a                	mv	a2,a0
    569e:	86ae                	mv	a3,a1
    56a0:	855a                	mv	a0,s6
    56a2:	85de                	mv	a1,s7
    56a4:	2159                	jal	5b2a <__adddf3>
    56a6:	8626                	mv	a2,s1
    56a8:	86a2                	mv	a3,s0
    56aa:	332010ef          	jal	ra,69dc <__muldf3>
    56ae:	57fd                	li	a5,-1
    56b0:	862a                	mv	a2,a0
    56b2:	86ae                	mv	a3,a1
    56b4:	06fa0e63          	beq	s4,a5,5730 <atan+0x22a>
    56b8:	0a0e                	slli	s4,s4,0x3
    56ba:	00009797          	auipc	a5,0x9
    56be:	5fe78793          	addi	a5,a5,1534 # ecb8 <atanlo>
    56c2:	97d2                	add	a5,a5,s4
    56c4:	4390                	lw	a2,0(a5)
    56c6:	43d4                	lw	a3,4(a5)
    56c8:	00009797          	auipc	a5,0x9
    56cc:	5d078793          	addi	a5,a5,1488 # ec98 <atanhi>
    56d0:	9a3e                	add	s4,s4,a5
    56d2:	7c2010ef          	jal	ra,6e94 <__subdf3>
    56d6:	8626                	mv	a2,s1
    56d8:	86a2                	mv	a3,s0
    56da:	7ba010ef          	jal	ra,6e94 <__subdf3>
    56de:	862a                	mv	a2,a0
    56e0:	86ae                	mv	a3,a1
    56e2:	000a2503          	lw	a0,0(s4)
    56e6:	004a2583          	lw	a1,4(s4)
    56ea:	7aa010ef          	jal	ra,6e94 <__subdf3>
    56ee:	84aa                	mv	s1,a0
    56f0:	842e                	mv	s0,a1
    56f2:	e60ad6e3          	bgez	s5,555e <atan+0x58>
    56f6:	80000437          	lui	s0,0x80000
    56fa:	8c2d                	xor	s0,s0,a1
    56fc:	b58d                	j	555e <atan+0x58>
    56fe:	00009797          	auipc	a5,0x9
    5702:	3aa78793          	addi	a5,a5,938 # eaa8 <tfont32+0x474>
    5706:	4390                	lw	a2,0(a5)
    5708:	43d4                	lw	a3,4(a5)
    570a:	2105                	jal	5b2a <__adddf3>
    570c:	00007797          	auipc	a5,0x7
    5710:	34478793          	addi	a5,a5,836 # ca50 <__trunctfdf2+0x230>
    5714:	4390                	lw	a2,0(a5)
    5716:	43d4                	lw	a3,4(a5)
    5718:	160010ef          	jal	ra,6878 <__gedf2>
    571c:	e6a056e3          	blez	a0,5588 <atan+0x82>
    5720:	bd3d                	j	555e <atan+0x58>
    5722:	00009797          	auipc	a5,0x9
    5726:	3fe78793          	addi	a5,a5,1022 # eb20 <tfont32+0x4ec>
    572a:	4384                	lw	s1,0(a5)
    572c:	43c0                	lw	s0,4(a5)
    572e:	bd05                	j	555e <atan+0x58>
    5730:	8526                	mv	a0,s1
    5732:	85a2                	mv	a1,s0
    5734:	760010ef          	jal	ra,6e94 <__subdf3>
    5738:	84aa                	mv	s1,a0
    573a:	842e                	mv	s0,a1
    573c:	b50d                	j	555e <atan+0x58>
    573e:	20f5                	jal	582a <fabs>
    5740:	3ff307b7          	lui	a5,0x3ff30
    5744:	842a                	mv	s0,a0
    5746:	84ae                	mv	s1,a1
    5748:	04f95663          	bge	s2,a5,5794 <atan+0x28e>
    574c:	3fe607b7          	lui	a5,0x3fe60
    5750:	0af95963          	bge	s2,a5,5802 <atan+0x2fc>
    5754:	862a                	mv	a2,a0
    5756:	86ae                	mv	a3,a1
    5758:	2ec9                	jal	5b2a <__adddf3>
    575a:	00007797          	auipc	a5,0x7
    575e:	2f678793          	addi	a5,a5,758 # ca50 <__trunctfdf2+0x230>
    5762:	4390                	lw	a2,0(a5)
    5764:	43d4                	lw	a3,4(a5)
    5766:	4a01                	li	s4,0
    5768:	72c010ef          	jal	ra,6e94 <__subdf3>
    576c:	00009797          	auipc	a5,0x9
    5770:	4cc78793          	addi	a5,a5,1228 # ec38 <tfont32+0x604>
    5774:	4390                	lw	a2,0(a5)
    5776:	43d4                	lw	a3,4(a5)
    5778:	892a                	mv	s2,a0
    577a:	89ae                	mv	s3,a1
    577c:	8522                	mv	a0,s0
    577e:	85a6                	mv	a1,s1
    5780:	266d                	jal	5b2a <__adddf3>
    5782:	862a                	mv	a2,a0
    5784:	86ae                	mv	a3,a1
    5786:	854a                	mv	a0,s2
    5788:	85ce                	mv	a1,s3
    578a:	2d1000ef          	jal	ra,625a <__divdf3>
    578e:	84aa                	mv	s1,a0
    5790:	842e                	mv	s0,a1
    5792:	bbe5                	j	558a <atan+0x84>
    5794:	400387b7          	lui	a5,0x40038
    5798:	04f95763          	bge	s2,a5,57e6 <atan+0x2e0>
    579c:	00009917          	auipc	s2,0x9
    57a0:	3bc90913          	addi	s2,s2,956 # eb58 <tfont32+0x524>
    57a4:	00092603          	lw	a2,0(s2)
    57a8:	00492683          	lw	a3,4(s2)
    57ac:	4a09                	li	s4,2
    57ae:	6e6010ef          	jal	ra,6e94 <__subdf3>
    57b2:	00092603          	lw	a2,0(s2)
    57b6:	00492683          	lw	a3,4(s2)
    57ba:	8b2a                	mv	s6,a0
    57bc:	8bae                	mv	s7,a1
    57be:	8522                	mv	a0,s0
    57c0:	85a6                	mv	a1,s1
    57c2:	21a010ef          	jal	ra,69dc <__muldf3>
    57c6:	00007797          	auipc	a5,0x7
    57ca:	28a78793          	addi	a5,a5,650 # ca50 <__trunctfdf2+0x230>
    57ce:	4390                	lw	a2,0(a5)
    57d0:	43d4                	lw	a3,4(a5)
    57d2:	2ea1                	jal	5b2a <__adddf3>
    57d4:	862a                	mv	a2,a0
    57d6:	86ae                	mv	a3,a1
    57d8:	855a                	mv	a0,s6
    57da:	85de                	mv	a1,s7
    57dc:	27f000ef          	jal	ra,625a <__divdf3>
    57e0:	84aa                	mv	s1,a0
    57e2:	842e                	mv	s0,a1
    57e4:	b35d                	j	558a <atan+0x84>
    57e6:	00009797          	auipc	a5,0x9
    57ea:	37a78793          	addi	a5,a5,890 # eb60 <tfont32+0x52c>
    57ee:	4388                	lw	a0,0(a5)
    57f0:	43cc                	lw	a1,4(a5)
    57f2:	8622                	mv	a2,s0
    57f4:	86a6                	mv	a3,s1
    57f6:	265000ef          	jal	ra,625a <__divdf3>
    57fa:	4a0d                	li	s4,3
    57fc:	84aa                	mv	s1,a0
    57fe:	842e                	mv	s0,a1
    5800:	b369                	j	558a <atan+0x84>
    5802:	00007917          	auipc	s2,0x7
    5806:	24e90913          	addi	s2,s2,590 # ca50 <__trunctfdf2+0x230>
    580a:	00092603          	lw	a2,0(s2)
    580e:	00492683          	lw	a3,4(s2)
    5812:	4a05                	li	s4,1
    5814:	680010ef          	jal	ra,6e94 <__subdf3>
    5818:	8b2a                	mv	s6,a0
    581a:	8bae                	mv	s7,a1
    581c:	00092603          	lw	a2,0(s2)
    5820:	00492683          	lw	a3,4(s2)
    5824:	8522                	mv	a0,s0
    5826:	85a6                	mv	a1,s1
    5828:	b76d                	j	57d2 <atan+0x2cc>

0000582a <fabs>:
    582a:	0586                	slli	a1,a1,0x1
    582c:	8185                	srli	a1,a1,0x1
    582e:	8082                	ret

00005830 <finite>:
    5830:	0586                	slli	a1,a1,0x1
    5832:	8185                	srli	a1,a1,0x1
    5834:	80100537          	lui	a0,0x80100
    5838:	952e                	add	a0,a0,a1
    583a:	817d                	srli	a0,a0,0x1f
    583c:	8082                	ret

0000583e <matherr>:
    583e:	4501                	li	a0,0
    5840:	8082                	ret

00005842 <nan>:
    5842:	00009797          	auipc	a5,0x9
    5846:	49678793          	addi	a5,a5,1174 # ecd8 <atanlo+0x20>
    584a:	4388                	lw	a0,0(a5)
    584c:	43cc                	lw	a1,4(a5)
    584e:	8082                	ret

00005850 <rint>:
    5850:	4145d713          	srai	a4,a1,0x14
    5854:	7179                	addi	sp,sp,-48
    5856:	7ff77713          	andi	a4,a4,2047
    585a:	d422                	sw	s0,40(sp)
    585c:	d606                	sw	ra,44(sp)
    585e:	d226                	sw	s1,36(sp)
    5860:	d04a                	sw	s2,32(sp)
    5862:	ce4e                	sw	s3,28(sp)
    5864:	c0170613          	addi	a2,a4,-1023
    5868:	48cd                	li	a7,19
    586a:	87ae                	mv	a5,a1
    586c:	86aa                	mv	a3,a0
    586e:	8e2e                	mv	t3,a1
    5870:	01f5d413          	srli	s0,a1,0x1f
    5874:	10c8c663          	blt	a7,a2,5980 <rint+0x130>
    5878:	08064a63          	bltz	a2,590c <rint+0xbc>
    587c:	001005b7          	lui	a1,0x100
    5880:	15fd                	addi	a1,a1,-1
    5882:	40c5d5b3          	sra	a1,a1,a2
    5886:	00f5f533          	and	a0,a1,a5
    588a:	8d55                	or	a0,a0,a3
    588c:	88b6                	mv	a7,a3
    588e:	833e                	mv	t1,a5
    5890:	c52d                	beqz	a0,58fa <rint+0xaa>
    5892:	8185                	srli	a1,a1,0x1
    5894:	00f5f833          	and	a6,a1,a5
    5898:	00d86833          	or	a6,a6,a3
    589c:	02080563          	beqz	a6,58c6 <rint+0x76>
    58a0:	bee70693          	addi	a3,a4,-1042
    58a4:	00040e37          	lui	t3,0x40
    58a8:	0016b693          	seqz	a3,a3
    58ac:	fff5c593          	not	a1,a1
    58b0:	80000837          	lui	a6,0x80000
    58b4:	40d006b3          	neg	a3,a3
    58b8:	8fed                	and	a5,a5,a1
    58ba:	40ce5633          	sra	a2,t3,a2
    58be:	00d87833          	and	a6,a6,a3
    58c2:	00c7ee33          	or	t3,a5,a2
    58c6:	00009797          	auipc	a5,0x9
    58ca:	41a78793          	addi	a5,a5,1050 # ece0 <TWO52>
    58ce:	00341313          	slli	t1,s0,0x3
    58d2:	933e                	add	t1,t1,a5
    58d4:	00032403          	lw	s0,0(t1)
    58d8:	00432483          	lw	s1,4(t1)
    58dc:	8642                	mv	a2,a6
    58de:	86f2                	mv	a3,t3
    58e0:	8522                	mv	a0,s0
    58e2:	85a6                	mv	a1,s1
    58e4:	2499                	jal	5b2a <__adddf3>
    58e6:	c42a                	sw	a0,8(sp)
    58e8:	c62e                	sw	a1,12(sp)
    58ea:	4522                	lw	a0,8(sp)
    58ec:	45b2                	lw	a1,12(sp)
    58ee:	8622                	mv	a2,s0
    58f0:	86a6                	mv	a3,s1
    58f2:	5a2010ef          	jal	ra,6e94 <__subdf3>
    58f6:	88aa                	mv	a7,a0
    58f8:	832e                	mv	t1,a1
    58fa:	50b2                	lw	ra,44(sp)
    58fc:	5422                	lw	s0,40(sp)
    58fe:	5492                	lw	s1,36(sp)
    5900:	5902                	lw	s2,32(sp)
    5902:	49f2                	lw	s3,28(sp)
    5904:	8546                	mv	a0,a7
    5906:	859a                	mv	a1,t1
    5908:	6145                	addi	sp,sp,48
    590a:	8082                	ret
    590c:	800004b7          	lui	s1,0x80000
    5910:	fff4c493          	not	s1,s1
    5914:	00b4f733          	and	a4,s1,a1
    5918:	8f49                	or	a4,a4,a0
    591a:	88aa                	mv	a7,a0
    591c:	832e                	mv	t1,a1
    591e:	df71                	beqz	a4,58fa <rint+0xaa>
    5920:	00c59793          	slli	a5,a1,0xc
    5924:	83b1                	srli	a5,a5,0xc
    5926:	00a7e733          	or	a4,a5,a0
    592a:	40e007b3          	neg	a5,a4
    592e:	8fd9                	or	a5,a5,a4
    5930:	00009697          	auipc	a3,0x9
    5934:	3b068693          	addi	a3,a3,944 # ece0 <TWO52>
    5938:	00341713          	slli	a4,s0,0x3
    593c:	96ba                	add	a3,a3,a4
    593e:	83b1                	srli	a5,a5,0xc
    5940:	0006a903          	lw	s2,0(a3)
    5944:	0046a983          	lw	s3,4(a3)
    5948:	7701                	lui	a4,0xfffe0
    594a:	00080337          	lui	t1,0x80
    594e:	8f6d                	and	a4,a4,a1
    5950:	0067f333          	and	t1,a5,t1
    5954:	00e36333          	or	t1,t1,a4
    5958:	869a                	mv	a3,t1
    595a:	862a                	mv	a2,a0
    595c:	85ce                	mv	a1,s3
    595e:	854a                	mv	a0,s2
    5960:	22e9                	jal	5b2a <__adddf3>
    5962:	c42a                	sw	a0,8(sp)
    5964:	c62e                	sw	a1,12(sp)
    5966:	4522                	lw	a0,8(sp)
    5968:	45b2                	lw	a1,12(sp)
    596a:	864a                	mv	a2,s2
    596c:	86ce                	mv	a3,s3
    596e:	526010ef          	jal	ra,6e94 <__subdf3>
    5972:	8ced                	and	s1,s1,a1
    5974:	01f41313          	slli	t1,s0,0x1f
    5978:	0064e333          	or	t1,s1,t1
    597c:	88aa                	mv	a7,a0
    597e:	bfb5                	j	58fa <rint+0xaa>
    5980:	03300893          	li	a7,51
    5984:	00c8de63          	bge	a7,a2,59a0 <rint+0x150>
    5988:	40000713          	li	a4,1024
    598c:	88aa                	mv	a7,a0
    598e:	832e                	mv	t1,a1
    5990:	f6e615e3          	bne	a2,a4,58fa <rint+0xaa>
    5994:	862a                	mv	a2,a0
    5996:	86f2                	mv	a3,t3
    5998:	2a49                	jal	5b2a <__adddf3>
    599a:	88aa                	mv	a7,a0
    599c:	832e                	mv	t1,a1
    599e:	bfb1                	j	58fa <rint+0xaa>
    59a0:	bed70713          	addi	a4,a4,-1043 # fffdfbed <_eusrstack+0xdffdabed>
    59a4:	567d                	li	a2,-1
    59a6:	00e65633          	srl	a2,a2,a4
    59aa:	00a675b3          	and	a1,a2,a0
    59ae:	88aa                	mv	a7,a0
    59b0:	833e                	mv	t1,a5
    59b2:	d5a1                	beqz	a1,58fa <rint+0xaa>
    59b4:	8205                	srli	a2,a2,0x1
    59b6:	00a677b3          	and	a5,a2,a0
    59ba:	882a                	mv	a6,a0
    59bc:	f00785e3          	beqz	a5,58c6 <rint+0x76>
    59c0:	40000837          	lui	a6,0x40000
    59c4:	fff64613          	not	a2,a2
    59c8:	00a676b3          	and	a3,a2,a0
    59cc:	40e85733          	sra	a4,a6,a4
    59d0:	00e6e833          	or	a6,a3,a4
    59d4:	bdcd                	j	58c6 <rint+0x76>

000059d6 <scalbn>:
    59d6:	1141                	addi	sp,sp,-16
    59d8:	4145d793          	srai	a5,a1,0x14
    59dc:	c422                	sw	s0,8(sp)
    59de:	c606                	sw	ra,12(sp)
    59e0:	c226                	sw	s1,4(sp)
    59e2:	7ff7f793          	andi	a5,a5,2047
    59e6:	872e                	mv	a4,a1
    59e8:	86aa                	mv	a3,a0
    59ea:	8432                	mv	s0,a2
    59ec:	e7c1                	bnez	a5,5a74 <scalbn+0x9e>
    59ee:	00159793          	slli	a5,a1,0x1
    59f2:	8385                	srli	a5,a5,0x1
    59f4:	8fc9                	or	a5,a5,a0
    59f6:	cba5                	beqz	a5,5a66 <scalbn+0x90>
    59f8:	00009797          	auipc	a5,0x9
    59fc:	2f878793          	addi	a5,a5,760 # ecf0 <TWO52+0x10>
    5a00:	43d4                	lw	a3,4(a5)
    5a02:	4390                	lw	a2,0(a5)
    5a04:	7d9000ef          	jal	ra,69dc <__muldf3>
    5a08:	77d1                	lui	a5,0xffff4
    5a0a:	cb078793          	addi	a5,a5,-848 # ffff3cb0 <_eusrstack+0xdffeecb0>
    5a0e:	86aa                	mv	a3,a0
    5a10:	872e                	mv	a4,a1
    5a12:	0ef44063          	blt	s0,a5,5af2 <scalbn+0x11c>
    5a16:	4145d793          	srai	a5,a1,0x14
    5a1a:	7ff7f793          	andi	a5,a5,2047
    5a1e:	862e                	mv	a2,a1
    5a20:	fca78793          	addi	a5,a5,-54
    5a24:	97a2                	add	a5,a5,s0
    5a26:	7fe00593          	li	a1,2046
    5a2a:	0af5c263          	blt	a1,a5,5ace <scalbn+0xf8>
    5a2e:	0af04563          	bgtz	a5,5ad8 <scalbn+0x102>
    5a32:	fcb00593          	li	a1,-53
    5a36:	06b7d063          	bge	a5,a1,5a96 <scalbn+0xc0>
    5a3a:	67b1                	lui	a5,0xc
    5a3c:	35078793          	addi	a5,a5,848 # c350 <__copybits+0x14>
    5a40:	0887c763          	blt	a5,s0,5ace <scalbn+0xf8>
    5a44:	00009797          	auipc	a5,0x9
    5a48:	1ac78793          	addi	a5,a5,428 # ebf0 <tfont32+0x5bc>
    5a4c:	4380                	lw	s0,0(a5)
    5a4e:	43c4                	lw	s1,4(a5)
    5a50:	8636                	mv	a2,a3
    5a52:	8522                	mv	a0,s0
    5a54:	86ba                	mv	a3,a4
    5a56:	85a6                	mv	a1,s1
    5a58:	2875                	jal	5b14 <copysign>
    5a5a:	86a6                	mv	a3,s1
    5a5c:	8622                	mv	a2,s0
    5a5e:	77f000ef          	jal	ra,69dc <__muldf3>
    5a62:	86aa                	mv	a3,a0
    5a64:	872e                	mv	a4,a1
    5a66:	40b2                	lw	ra,12(sp)
    5a68:	4422                	lw	s0,8(sp)
    5a6a:	4492                	lw	s1,4(sp)
    5a6c:	8536                	mv	a0,a3
    5a6e:	85ba                	mv	a1,a4
    5a70:	0141                	addi	sp,sp,16
    5a72:	8082                	ret
    5a74:	7ff00813          	li	a6,2047
    5a78:	862e                	mv	a2,a1
    5a7a:	fb0795e3          	bne	a5,a6,5a24 <scalbn+0x4e>
    5a7e:	86ae                	mv	a3,a1
    5a80:	862a                	mv	a2,a0
    5a82:	2065                	jal	5b2a <__adddf3>
    5a84:	40b2                	lw	ra,12(sp)
    5a86:	4422                	lw	s0,8(sp)
    5a88:	86aa                	mv	a3,a0
    5a8a:	872e                	mv	a4,a1
    5a8c:	4492                	lw	s1,4(sp)
    5a8e:	8536                	mv	a0,a3
    5a90:	85ba                	mv	a1,a4
    5a92:	0141                	addi	sp,sp,16
    5a94:	8082                	ret
    5a96:	80100737          	lui	a4,0x80100
    5a9a:	177d                	addi	a4,a4,-1
    5a9c:	03678793          	addi	a5,a5,54
    5aa0:	8e79                	and	a2,a2,a4
    5aa2:	07d2                	slli	a5,a5,0x14
    5aa4:	00009717          	auipc	a4,0x9
    5aa8:	25470713          	addi	a4,a4,596 # ecf8 <TWO52+0x18>
    5aac:	85b6                	mv	a1,a3
    5aae:	8fd1                	or	a5,a5,a2
    5ab0:	4354                	lw	a3,4(a4)
    5ab2:	4310                	lw	a2,0(a4)
    5ab4:	852e                	mv	a0,a1
    5ab6:	85be                	mv	a1,a5
    5ab8:	725000ef          	jal	ra,69dc <__muldf3>
    5abc:	40b2                	lw	ra,12(sp)
    5abe:	4422                	lw	s0,8(sp)
    5ac0:	86aa                	mv	a3,a0
    5ac2:	872e                	mv	a4,a1
    5ac4:	4492                	lw	s1,4(sp)
    5ac6:	8536                	mv	a0,a3
    5ac8:	85ba                	mv	a1,a4
    5aca:	0141                	addi	sp,sp,16
    5acc:	8082                	ret
    5ace:	00009797          	auipc	a5,0x9
    5ad2:	fda78793          	addi	a5,a5,-38 # eaa8 <tfont32+0x474>
    5ad6:	bf9d                	j	5a4c <scalbn+0x76>
    5ad8:	80100737          	lui	a4,0x80100
    5adc:	40b2                	lw	ra,12(sp)
    5ade:	4422                	lw	s0,8(sp)
    5ae0:	177d                	addi	a4,a4,-1
    5ae2:	8f71                	and	a4,a4,a2
    5ae4:	07d2                	slli	a5,a5,0x14
    5ae6:	8f5d                	or	a4,a4,a5
    5ae8:	4492                	lw	s1,4(sp)
    5aea:	8536                	mv	a0,a3
    5aec:	85ba                	mv	a1,a4
    5aee:	0141                	addi	sp,sp,16
    5af0:	8082                	ret
    5af2:	00009797          	auipc	a5,0x9
    5af6:	0fe78793          	addi	a5,a5,254 # ebf0 <tfont32+0x5bc>
    5afa:	43d4                	lw	a3,4(a5)
    5afc:	4390                	lw	a2,0(a5)
    5afe:	6df000ef          	jal	ra,69dc <__muldf3>
    5b02:	40b2                	lw	ra,12(sp)
    5b04:	4422                	lw	s0,8(sp)
    5b06:	86aa                	mv	a3,a0
    5b08:	872e                	mv	a4,a1
    5b0a:	4492                	lw	s1,4(sp)
    5b0c:	8536                	mv	a0,a3
    5b0e:	85ba                	mv	a1,a4
    5b10:	0141                	addi	sp,sp,16
    5b12:	8082                	ret

00005b14 <copysign>:
    5b14:	80000737          	lui	a4,0x80000
    5b18:	fff74793          	not	a5,a4
    5b1c:	8ef9                	and	a3,a3,a4
    5b1e:	8fed                	and	a5,a5,a1
    5b20:	872a                	mv	a4,a0
    5b22:	8fd5                	or	a5,a5,a3
    5b24:	853a                	mv	a0,a4
    5b26:	85be                	mv	a1,a5
    5b28:	8082                	ret

00005b2a <__adddf3>:
    5b2a:	00100837          	lui	a6,0x100
    5b2e:	1101                	addi	sp,sp,-32
    5b30:	187d                	addi	a6,a6,-1
    5b32:	00b87733          	and	a4,a6,a1
    5b36:	ca26                	sw	s1,20(sp)
    5b38:	00d87833          	and	a6,a6,a3
    5b3c:	0145d493          	srli	s1,a1,0x14
    5b40:	0146d313          	srli	t1,a3,0x14
    5b44:	00371e13          	slli	t3,a4,0x3
    5b48:	c64e                	sw	s3,12(sp)
    5b4a:	01d55713          	srli	a4,a0,0x1d
    5b4e:	080e                	slli	a6,a6,0x3
    5b50:	01d65793          	srli	a5,a2,0x1d
    5b54:	7ff4f493          	andi	s1,s1,2047
    5b58:	7ff37313          	andi	t1,t1,2047
    5b5c:	ce06                	sw	ra,28(sp)
    5b5e:	cc22                	sw	s0,24(sp)
    5b60:	c84a                	sw	s2,16(sp)
    5b62:	01f5d993          	srli	s3,a1,0x1f
    5b66:	01f6de93          	srli	t4,a3,0x1f
    5b6a:	01c76733          	or	a4,a4,t3
    5b6e:	00351f13          	slli	t5,a0,0x3
    5b72:	0107e833          	or	a6,a5,a6
    5b76:	00361f93          	slli	t6,a2,0x3
    5b7a:	40648e33          	sub	t3,s1,t1
    5b7e:	19d98063          	beq	s3,t4,5cfe <__adddf3+0x1d4>
    5b82:	13c05663          	blez	t3,5cae <__adddf3+0x184>
    5b86:	1c030463          	beqz	t1,5d4e <__adddf3+0x224>
    5b8a:	008006b7          	lui	a3,0x800
    5b8e:	7ff00793          	li	a5,2047
    5b92:	00d86833          	or	a6,a6,a3
    5b96:	36f48f63          	beq	s1,a5,5f14 <__adddf3+0x3ea>
    5b9a:	03800793          	li	a5,56
    5b9e:	35c7c063          	blt	a5,t3,5ede <__adddf3+0x3b4>
    5ba2:	47fd                	li	a5,31
    5ba4:	47c7cd63          	blt	a5,t3,601e <__adddf3+0x4f4>
    5ba8:	02000513          	li	a0,32
    5bac:	41c50533          	sub	a0,a0,t3
    5bb0:	01cfd7b3          	srl	a5,t6,t3
    5bb4:	00a816b3          	sll	a3,a6,a0
    5bb8:	00af9933          	sll	s2,t6,a0
    5bbc:	8edd                	or	a3,a3,a5
    5bbe:	01203933          	snez	s2,s2
    5bc2:	01c857b3          	srl	a5,a6,t3
    5bc6:	0126e933          	or	s2,a3,s2
    5bca:	8f1d                	sub	a4,a4,a5
    5bcc:	412f0933          	sub	s2,t5,s2
    5bd0:	012f37b3          	sltu	a5,t5,s2
    5bd4:	40f70633          	sub	a2,a4,a5
    5bd8:	00861793          	slli	a5,a2,0x8
    5bdc:	2407d463          	bgez	a5,5e24 <__adddf3+0x2fa>
    5be0:	00800737          	lui	a4,0x800
    5be4:	177d                	addi	a4,a4,-1
    5be6:	00e67433          	and	s0,a2,a4
    5bea:	2c040c63          	beqz	s0,5ec2 <__adddf3+0x398>
    5bee:	8522                	mv	a0,s0
    5bf0:	5c5020ef          	jal	ra,89b4 <__clzsi2>
    5bf4:	ff850713          	addi	a4,a0,-8 # 800ffff8 <_eusrstack+0x600faff8>
    5bf8:	02000793          	li	a5,32
    5bfc:	8f99                	sub	a5,a5,a4
    5bfe:	00f957b3          	srl	a5,s2,a5
    5c02:	00e41633          	sll	a2,s0,a4
    5c06:	8fd1                	or	a5,a5,a2
    5c08:	00e91933          	sll	s2,s2,a4
    5c0c:	2a974163          	blt	a4,s1,5eae <__adddf3+0x384>
    5c10:	40970533          	sub	a0,a4,s1
    5c14:	00150613          	addi	a2,a0,1
    5c18:	477d                	li	a4,31
    5c1a:	38c74d63          	blt	a4,a2,5fb4 <__adddf3+0x48a>
    5c1e:	02000713          	li	a4,32
    5c22:	8f11                	sub	a4,a4,a2
    5c24:	00c956b3          	srl	a3,s2,a2
    5c28:	00e91933          	sll	s2,s2,a4
    5c2c:	00e79733          	sll	a4,a5,a4
    5c30:	8f55                	or	a4,a4,a3
    5c32:	01203933          	snez	s2,s2
    5c36:	01276933          	or	s2,a4,s2
    5c3a:	00c7d633          	srl	a2,a5,a2
    5c3e:	4481                	li	s1,0
    5c40:	00797793          	andi	a5,s2,7
    5c44:	cf81                	beqz	a5,5c5c <__adddf3+0x132>
    5c46:	00f97713          	andi	a4,s2,15
    5c4a:	4791                	li	a5,4
    5c4c:	00f70863          	beq	a4,a5,5c5c <__adddf3+0x132>
    5c50:	00490713          	addi	a4,s2,4
    5c54:	01273933          	sltu	s2,a4,s2
    5c58:	964a                	add	a2,a2,s2
    5c5a:	893a                	mv	s2,a4
    5c5c:	00861793          	slli	a5,a2,0x8
    5c60:	1c07d663          	bgez	a5,5e2c <__adddf3+0x302>
    5c64:	00148513          	addi	a0,s1,1 # 80000001 <_eusrstack+0x5fffb001>
    5c68:	7ff00793          	li	a5,2047
    5c6c:	85ce                	mv	a1,s3
    5c6e:	20f50463          	beq	a0,a5,5e76 <__adddf3+0x34c>
    5c72:	ff8007b7          	lui	a5,0xff800
    5c76:	17fd                	addi	a5,a5,-1
    5c78:	8ff1                	and	a5,a5,a2
    5c7a:	01d79893          	slli	a7,a5,0x1d
    5c7e:	00395913          	srli	s2,s2,0x3
    5c82:	07a6                	slli	a5,a5,0x9
    5c84:	0128e8b3          	or	a7,a7,s2
    5c88:	83b1                	srli	a5,a5,0xc
    5c8a:	7ff57513          	andi	a0,a0,2047
    5c8e:	00c79693          	slli	a3,a5,0xc
    5c92:	0552                	slli	a0,a0,0x14
    5c94:	40f2                	lw	ra,28(sp)
    5c96:	4462                	lw	s0,24(sp)
    5c98:	82b1                	srli	a3,a3,0xc
    5c9a:	05fe                	slli	a1,a1,0x1f
    5c9c:	8ec9                	or	a3,a3,a0
    5c9e:	8ecd                	or	a3,a3,a1
    5ca0:	44d2                	lw	s1,20(sp)
    5ca2:	4942                	lw	s2,16(sp)
    5ca4:	49b2                	lw	s3,12(sp)
    5ca6:	8546                	mv	a0,a7
    5ca8:	85b6                	mv	a1,a3
    5caa:	6105                	addi	sp,sp,32
    5cac:	8082                	ret
    5cae:	0a0e1e63          	bnez	t3,5d6a <__adddf3+0x240>
    5cb2:	00148313          	addi	t1,s1,1
    5cb6:	7fe37313          	andi	t1,t1,2046
    5cba:	22031763          	bnez	t1,5ee8 <__adddf3+0x3be>
    5cbe:	01e767b3          	or	a5,a4,t5
    5cc2:	01f868b3          	or	a7,a6,t6
    5cc6:	1a049d63          	bnez	s1,5e80 <__adddf3+0x356>
    5cca:	40078763          	beqz	a5,60d8 <__adddf3+0x5ae>
    5cce:	44088663          	beqz	a7,611a <__adddf3+0x5f0>
    5cd2:	41ff0933          	sub	s2,t5,t6
    5cd6:	410707b3          	sub	a5,a4,a6
    5cda:	012f3633          	sltu	a2,t5,s2
    5cde:	40c78633          	sub	a2,a5,a2
    5ce2:	00861793          	slli	a5,a2,0x8
    5ce6:	4c07d663          	bgez	a5,61b2 <__adddf3+0x688>
    5cea:	41ef8933          	sub	s2,t6,t5
    5cee:	40e807b3          	sub	a5,a6,a4
    5cf2:	012fb633          	sltu	a2,t6,s2
    5cf6:	40c78633          	sub	a2,a5,a2
    5cfa:	89f6                	mv	s3,t4
    5cfc:	b791                	j	5c40 <__adddf3+0x116>
    5cfe:	0fc05063          	blez	t3,5dde <__adddf3+0x2b4>
    5d02:	0c030063          	beqz	t1,5dc2 <__adddf3+0x298>
    5d06:	008006b7          	lui	a3,0x800
    5d0a:	7ff00793          	li	a5,2047
    5d0e:	00d86833          	or	a6,a6,a3
    5d12:	3af48a63          	beq	s1,a5,60c6 <__adddf3+0x59c>
    5d16:	03800793          	li	a5,56
    5d1a:	13c7cb63          	blt	a5,t3,5e50 <__adddf3+0x326>
    5d1e:	47fd                	li	a5,31
    5d20:	35c7df63          	bge	a5,t3,607e <__adddf3+0x554>
    5d24:	fe0e0913          	addi	s2,t3,-32 # 3ffe0 <_data_lma+0x30d64>
    5d28:	02000793          	li	a5,32
    5d2c:	012856b3          	srl	a3,a6,s2
    5d30:	00fe0a63          	beq	t3,a5,5d44 <__adddf3+0x21a>
    5d34:	04000913          	li	s2,64
    5d38:	41c90933          	sub	s2,s2,t3
    5d3c:	01281933          	sll	s2,a6,s2
    5d40:	012fefb3          	or	t6,t6,s2
    5d44:	01f03933          	snez	s2,t6
    5d48:	00d96933          	or	s2,s2,a3
    5d4c:	a231                	j	5e58 <__adddf3+0x32e>
    5d4e:	01f867b3          	or	a5,a6,t6
    5d52:	1c078a63          	beqz	a5,5f26 <__adddf3+0x3fc>
    5d56:	fffe0793          	addi	a5,t3,-1
    5d5a:	38078c63          	beqz	a5,60f2 <__adddf3+0x5c8>
    5d5e:	7ff00693          	li	a3,2047
    5d62:	1ade0963          	beq	t3,a3,5f14 <__adddf3+0x3ea>
    5d66:	8e3e                	mv	t3,a5
    5d68:	bd0d                	j	5b9a <__adddf3+0x70>
    5d6a:	409305b3          	sub	a1,t1,s1
    5d6e:	22049163          	bnez	s1,5f90 <__adddf3+0x466>
    5d72:	01e767b3          	or	a5,a4,t5
    5d76:	32078763          	beqz	a5,60a4 <__adddf3+0x57a>
    5d7a:	fff58793          	addi	a5,a1,-1 # fffff <_data_lma+0xf0d83>
    5d7e:	44078163          	beqz	a5,61c0 <__adddf3+0x696>
    5d82:	7ff00693          	li	a3,2047
    5d86:	20d58c63          	beq	a1,a3,5f9e <__adddf3+0x474>
    5d8a:	85be                	mv	a1,a5
    5d8c:	03800793          	li	a5,56
    5d90:	2ab7cc63          	blt	a5,a1,6048 <__adddf3+0x51e>
    5d94:	47fd                	li	a5,31
    5d96:	3cb7cf63          	blt	a5,a1,6174 <__adddf3+0x64a>
    5d9a:	02000793          	li	a5,32
    5d9e:	8f8d                	sub	a5,a5,a1
    5da0:	00f71933          	sll	s2,a4,a5
    5da4:	00bf56b3          	srl	a3,t5,a1
    5da8:	00ff17b3          	sll	a5,t5,a5
    5dac:	00d96933          	or	s2,s2,a3
    5db0:	00f037b3          	snez	a5,a5
    5db4:	00b75733          	srl	a4,a4,a1
    5db8:	00f96933          	or	s2,s2,a5
    5dbc:	40e80833          	sub	a6,a6,a4
    5dc0:	ac41                	j	6050 <__adddf3+0x526>
    5dc2:	01f867b3          	or	a5,a6,t6
    5dc6:	34078063          	beqz	a5,6106 <__adddf3+0x5dc>
    5dca:	fffe0793          	addi	a5,t3,-1
    5dce:	20078a63          	beqz	a5,5fe2 <__adddf3+0x4b8>
    5dd2:	7ff00693          	li	a3,2047
    5dd6:	2ede0863          	beq	t3,a3,60c6 <__adddf3+0x59c>
    5dda:	8e3e                	mv	t3,a5
    5ddc:	bf2d                	j	5d16 <__adddf3+0x1ec>
    5dde:	140e1e63          	bnez	t3,5f3a <__adddf3+0x410>
    5de2:	00148693          	addi	a3,s1,1
    5de6:	7fe6f793          	andi	a5,a3,2046
    5dea:	34079163          	bnez	a5,612c <__adddf3+0x602>
    5dee:	01e767b3          	or	a5,a4,t5
    5df2:	2c049563          	bnez	s1,60bc <__adddf3+0x592>
    5df6:	3e078063          	beqz	a5,61d6 <__adddf3+0x6ac>
    5dfa:	01f867b3          	or	a5,a6,t6
    5dfe:	30078e63          	beqz	a5,611a <__adddf3+0x5f0>
    5e02:	01ff0933          	add	s2,t5,t6
    5e06:	010707b3          	add	a5,a4,a6
    5e0a:	01e93f33          	sltu	t5,s2,t5
    5e0e:	01e78633          	add	a2,a5,t5
    5e12:	00861793          	slli	a5,a2,0x8
    5e16:	0007d763          	bgez	a5,5e24 <__adddf3+0x2fa>
    5e1a:	ff8007b7          	lui	a5,0xff800
    5e1e:	17fd                	addi	a5,a5,-1
    5e20:	8e7d                	and	a2,a2,a5
    5e22:	4485                	li	s1,1
    5e24:	00797793          	andi	a5,s2,7
    5e28:	e0079fe3          	bnez	a5,5c46 <__adddf3+0x11c>
    5e2c:	01d61793          	slli	a5,a2,0x1d
    5e30:	00395893          	srli	a7,s2,0x3
    5e34:	00f8e8b3          	or	a7,a7,a5
    5e38:	00365793          	srli	a5,a2,0x3
    5e3c:	7ff00713          	li	a4,2047
    5e40:	04e48d63          	beq	s1,a4,5e9a <__adddf3+0x370>
    5e44:	07b2                	slli	a5,a5,0xc
    5e46:	83b1                	srli	a5,a5,0xc
    5e48:	7ff4f513          	andi	a0,s1,2047
    5e4c:	85ce                	mv	a1,s3
    5e4e:	b581                	j	5c8e <__adddf3+0x164>
    5e50:	01f86933          	or	s2,a6,t6
    5e54:	01203933          	snez	s2,s2
    5e58:	997a                	add	s2,s2,t5
    5e5a:	01e937b3          	sltu	a5,s2,t5
    5e5e:	00e78633          	add	a2,a5,a4
    5e62:	00861793          	slli	a5,a2,0x8
    5e66:	fa07dfe3          	bgez	a5,5e24 <__adddf3+0x2fa>
    5e6a:	0485                	addi	s1,s1,1
    5e6c:	7ff00793          	li	a5,2047
    5e70:	18f49663          	bne	s1,a5,5ffc <__adddf3+0x4d2>
    5e74:	85ce                	mv	a1,s3
    5e76:	7ff00513          	li	a0,2047
    5e7a:	4781                	li	a5,0
    5e7c:	4881                	li	a7,0
    5e7e:	bd01                	j	5c8e <__adddf3+0x164>
    5e80:	ebc1                	bnez	a5,5f10 <__adddf3+0x3e6>
    5e82:	3a088463          	beqz	a7,622a <__adddf3+0x700>
    5e86:	00361693          	slli	a3,a2,0x3
    5e8a:	01d81793          	slli	a5,a6,0x1d
    5e8e:	828d                	srli	a3,a3,0x3
    5e90:	00d7e8b3          	or	a7,a5,a3
    5e94:	89f6                	mv	s3,t4
    5e96:	00385793          	srli	a5,a6,0x3
    5e9a:	00f8e7b3          	or	a5,a7,a5
    5e9e:	dbf9                	beqz	a5,5e74 <__adddf3+0x34a>
    5ea0:	4581                	li	a1,0
    5ea2:	7ff00513          	li	a0,2047
    5ea6:	000807b7          	lui	a5,0x80
    5eaa:	4881                	li	a7,0
    5eac:	b3cd                	j	5c8e <__adddf3+0x164>
    5eae:	ff800637          	lui	a2,0xff800
    5eb2:	167d                	addi	a2,a2,-1
    5eb4:	8e7d                	and	a2,a2,a5
    5eb6:	00797793          	andi	a5,s2,7
    5eba:	8c99                	sub	s1,s1,a4
    5ebc:	d80795e3          	bnez	a5,5c46 <__adddf3+0x11c>
    5ec0:	b7b5                	j	5e2c <__adddf3+0x302>
    5ec2:	854a                	mv	a0,s2
    5ec4:	2f1020ef          	jal	ra,89b4 <__clzsi2>
    5ec8:	01850713          	addi	a4,a0,24
    5ecc:	47fd                	li	a5,31
    5ece:	d2e7d5e3          	bge	a5,a4,5bf8 <__adddf3+0xce>
    5ed2:	ff850613          	addi	a2,a0,-8
    5ed6:	00c917b3          	sll	a5,s2,a2
    5eda:	4901                	li	s2,0
    5edc:	bb05                	j	5c0c <__adddf3+0xe2>
    5ede:	01f86933          	or	s2,a6,t6
    5ee2:	01203933          	snez	s2,s2
    5ee6:	b1dd                	j	5bcc <__adddf3+0xa2>
    5ee8:	41ff0933          	sub	s2,t5,t6
    5eec:	41070633          	sub	a2,a4,a6
    5ef0:	012f3433          	sltu	s0,t5,s2
    5ef4:	40860433          	sub	s0,a2,s0
    5ef8:	00841793          	slli	a5,s0,0x8
    5efc:	2407cd63          	bltz	a5,6156 <__adddf3+0x62c>
    5f00:	008968b3          	or	a7,s2,s0
    5f04:	ce0893e3          	bnez	a7,5bea <__adddf3+0xc0>
    5f08:	4781                	li	a5,0
    5f0a:	4981                	li	s3,0
    5f0c:	4481                	li	s1,0
    5f0e:	bf1d                	j	5e44 <__adddf3+0x31a>
    5f10:	f80898e3          	bnez	a7,5ea0 <__adddf3+0x376>
    5f14:	050e                	slli	a0,a0,0x3
    5f16:	01d71793          	slli	a5,a4,0x1d
    5f1a:	810d                	srli	a0,a0,0x3
    5f1c:	00a7e8b3          	or	a7,a5,a0
    5f20:	00375793          	srli	a5,a4,0x3
    5f24:	bf9d                	j	5e9a <__adddf3+0x370>
    5f26:	050e                	slli	a0,a0,0x3
    5f28:	01d71793          	slli	a5,a4,0x1d
    5f2c:	810d                	srli	a0,a0,0x3
    5f2e:	00a7e8b3          	or	a7,a5,a0
    5f32:	84f2                	mv	s1,t3
    5f34:	00375793          	srli	a5,a4,0x3
    5f38:	b711                	j	5e3c <__adddf3+0x312>
    5f3a:	40930533          	sub	a0,t1,s1
    5f3e:	12048263          	beqz	s1,6062 <__adddf3+0x538>
    5f42:	008006b7          	lui	a3,0x800
    5f46:	7ff00793          	li	a5,2047
    5f4a:	8f55                	or	a4,a4,a3
    5f4c:	2ef30d63          	beq	t1,a5,6246 <__adddf3+0x71c>
    5f50:	03800793          	li	a5,56
    5f54:	20a7cb63          	blt	a5,a0,616a <__adddf3+0x640>
    5f58:	47fd                	li	a5,31
    5f5a:	2aa7c363          	blt	a5,a0,6200 <__adddf3+0x6d6>
    5f5e:	02000793          	li	a5,32
    5f62:	8f89                	sub	a5,a5,a0
    5f64:	00f71933          	sll	s2,a4,a5
    5f68:	00af56b3          	srl	a3,t5,a0
    5f6c:	00ff17b3          	sll	a5,t5,a5
    5f70:	00d96933          	or	s2,s2,a3
    5f74:	00f037b3          	snez	a5,a5
    5f78:	00a75733          	srl	a4,a4,a0
    5f7c:	00f96933          	or	s2,s2,a5
    5f80:	983a                	add	a6,a6,a4
    5f82:	997e                	add	s2,s2,t6
    5f84:	01f937b3          	sltu	a5,s2,t6
    5f88:	01078633          	add	a2,a5,a6
    5f8c:	849a                	mv	s1,t1
    5f8e:	bdd1                	j	5e62 <__adddf3+0x338>
    5f90:	008006b7          	lui	a3,0x800
    5f94:	7ff00793          	li	a5,2047
    5f98:	8f55                	or	a4,a4,a3
    5f9a:	def319e3          	bne	t1,a5,5d8c <__adddf3+0x262>
    5f9e:	00361793          	slli	a5,a2,0x3
    5fa2:	838d                	srli	a5,a5,0x3
    5fa4:	01d81893          	slli	a7,a6,0x1d
    5fa8:	0117e8b3          	or	a7,a5,a7
    5fac:	89f6                	mv	s3,t4
    5fae:	00385793          	srli	a5,a6,0x3
    5fb2:	b5e5                	j	5e9a <__adddf3+0x370>
    5fb4:	fe150713          	addi	a4,a0,-31
    5fb8:	02000693          	li	a3,32
    5fbc:	00e7d733          	srl	a4,a5,a4
    5fc0:	00d60a63          	beq	a2,a3,5fd4 <__adddf3+0x4aa>
    5fc4:	04000693          	li	a3,64
    5fc8:	40c68633          	sub	a2,a3,a2
    5fcc:	00c79633          	sll	a2,a5,a2
    5fd0:	00c96933          	or	s2,s2,a2
    5fd4:	01203933          	snez	s2,s2
    5fd8:	00e96933          	or	s2,s2,a4
    5fdc:	4601                	li	a2,0
    5fde:	4481                	li	s1,0
    5fe0:	b591                	j	5e24 <__adddf3+0x2fa>
    5fe2:	01ff0933          	add	s2,t5,t6
    5fe6:	010707b3          	add	a5,a4,a6
    5fea:	01e93633          	sltu	a2,s2,t5
    5fee:	963e                	add	a2,a2,a5
    5ff0:	00861793          	slli	a5,a2,0x8
    5ff4:	4485                	li	s1,1
    5ff6:	e207d7e3          	bgez	a5,5e24 <__adddf3+0x2fa>
    5ffa:	4489                	li	s1,2
    5ffc:	ff8007b7          	lui	a5,0xff800
    6000:	17fd                	addi	a5,a5,-1
    6002:	8ff1                	and	a5,a5,a2
    6004:	00195713          	srli	a4,s2,0x1
    6008:	00197913          	andi	s2,s2,1
    600c:	01276933          	or	s2,a4,s2
    6010:	01f79893          	slli	a7,a5,0x1f
    6014:	0128e933          	or	s2,a7,s2
    6018:	0017d613          	srli	a2,a5,0x1
    601c:	b115                	j	5c40 <__adddf3+0x116>
    601e:	fe0e0913          	addi	s2,t3,-32
    6022:	02000793          	li	a5,32
    6026:	012856b3          	srl	a3,a6,s2
    602a:	00fe0a63          	beq	t3,a5,603e <__adddf3+0x514>
    602e:	04000913          	li	s2,64
    6032:	41c90933          	sub	s2,s2,t3
    6036:	01281933          	sll	s2,a6,s2
    603a:	012fefb3          	or	t6,t6,s2
    603e:	01f03933          	snez	s2,t6
    6042:	00d96933          	or	s2,s2,a3
    6046:	b659                	j	5bcc <__adddf3+0xa2>
    6048:	01e76933          	or	s2,a4,t5
    604c:	01203933          	snez	s2,s2
    6050:	412f8933          	sub	s2,t6,s2
    6054:	012fb7b3          	sltu	a5,t6,s2
    6058:	40f80633          	sub	a2,a6,a5
    605c:	849a                	mv	s1,t1
    605e:	89f6                	mv	s3,t4
    6060:	bea5                	j	5bd8 <__adddf3+0xae>
    6062:	01e767b3          	or	a5,a4,t5
    6066:	18078263          	beqz	a5,61ea <__adddf3+0x6c0>
    606a:	fff50793          	addi	a5,a0,-1
    606e:	1c078463          	beqz	a5,6236 <__adddf3+0x70c>
    6072:	7ff00693          	li	a3,2047
    6076:	12d50463          	beq	a0,a3,619e <__adddf3+0x674>
    607a:	853e                	mv	a0,a5
    607c:	bdd1                	j	5f50 <__adddf3+0x426>
    607e:	02000793          	li	a5,32
    6082:	41c787b3          	sub	a5,a5,t3
    6086:	00f816b3          	sll	a3,a6,a5
    608a:	00ff9933          	sll	s2,t6,a5
    608e:	01cfd633          	srl	a2,t6,t3
    6092:	8ed1                	or	a3,a3,a2
    6094:	01203933          	snez	s2,s2
    6098:	01c857b3          	srl	a5,a6,t3
    609c:	0126e933          	or	s2,a3,s2
    60a0:	973e                	add	a4,a4,a5
    60a2:	bb5d                	j	5e58 <__adddf3+0x32e>
    60a4:	00361793          	slli	a5,a2,0x3
    60a8:	838d                	srli	a5,a5,0x3
    60aa:	01d81893          	slli	a7,a6,0x1d
    60ae:	0117e8b3          	or	a7,a5,a7
    60b2:	84ae                	mv	s1,a1
    60b4:	00385793          	srli	a5,a6,0x3
    60b8:	89f6                	mv	s3,t4
    60ba:	b349                	j	5e3c <__adddf3+0x312>
    60bc:	c3ed                	beqz	a5,619e <__adddf3+0x674>
    60be:	01f86933          	or	s2,a6,t6
    60c2:	dc091fe3          	bnez	s2,5ea0 <__adddf3+0x376>
    60c6:	050e                	slli	a0,a0,0x3
    60c8:	01d71793          	slli	a5,a4,0x1d
    60cc:	810d                	srli	a0,a0,0x3
    60ce:	00f568b3          	or	a7,a0,a5
    60d2:	00375793          	srli	a5,a4,0x3
    60d6:	b3d1                	j	5e9a <__adddf3+0x370>
    60d8:	0e088163          	beqz	a7,61ba <__adddf3+0x690>
    60dc:	00361693          	slli	a3,a2,0x3
    60e0:	01d81793          	slli	a5,a6,0x1d
    60e4:	828d                	srli	a3,a3,0x3
    60e6:	00d7e8b3          	or	a7,a5,a3
    60ea:	89f6                	mv	s3,t4
    60ec:	00385793          	srli	a5,a6,0x3
    60f0:	bb91                	j	5e44 <__adddf3+0x31a>
    60f2:	41ff0933          	sub	s2,t5,t6
    60f6:	410707b3          	sub	a5,a4,a6
    60fa:	012f3f33          	sltu	t5,t5,s2
    60fe:	41e78633          	sub	a2,a5,t5
    6102:	4485                	li	s1,1
    6104:	bcd1                	j	5bd8 <__adddf3+0xae>
    6106:	050e                	slli	a0,a0,0x3
    6108:	01d71793          	slli	a5,a4,0x1d
    610c:	810d                	srli	a0,a0,0x3
    610e:	00f568b3          	or	a7,a0,a5
    6112:	84f2                	mv	s1,t3
    6114:	00375793          	srli	a5,a4,0x3
    6118:	b315                	j	5e3c <__adddf3+0x312>
    611a:	050e                	slli	a0,a0,0x3
    611c:	01d71793          	slli	a5,a4,0x1d
    6120:	810d                	srli	a0,a0,0x3
    6122:	00a7e8b3          	or	a7,a5,a0
    6126:	00375793          	srli	a5,a4,0x3
    612a:	bb29                	j	5e44 <__adddf3+0x31a>
    612c:	7ff00793          	li	a5,2047
    6130:	d4f682e3          	beq	a3,a5,5e74 <__adddf3+0x34a>
    6134:	01ff0933          	add	s2,t5,t6
    6138:	01e93633          	sltu	a2,s2,t5
    613c:	010707b3          	add	a5,a4,a6
    6140:	97b2                	add	a5,a5,a2
    6142:	01f79893          	slli	a7,a5,0x1f
    6146:	00195913          	srli	s2,s2,0x1
    614a:	0128e933          	or	s2,a7,s2
    614e:	0017d613          	srli	a2,a5,0x1
    6152:	84b6                	mv	s1,a3
    6154:	b9c1                	j	5e24 <__adddf3+0x2fa>
    6156:	41ef8933          	sub	s2,t6,t5
    615a:	40e80733          	sub	a4,a6,a4
    615e:	012fb633          	sltu	a2,t6,s2
    6162:	40c70433          	sub	s0,a4,a2
    6166:	89f6                	mv	s3,t4
    6168:	b449                	j	5bea <__adddf3+0xc0>
    616a:	01e76933          	or	s2,a4,t5
    616e:	01203933          	snez	s2,s2
    6172:	bd01                	j	5f82 <__adddf3+0x458>
    6174:	fe058793          	addi	a5,a1,-32
    6178:	02000693          	li	a3,32
    617c:	00f757b3          	srl	a5,a4,a5
    6180:	00d58a63          	beq	a1,a3,6194 <__adddf3+0x66a>
    6184:	04000693          	li	a3,64
    6188:	40b685b3          	sub	a1,a3,a1
    618c:	00b71733          	sll	a4,a4,a1
    6190:	00ef6f33          	or	t5,t5,a4
    6194:	01e03933          	snez	s2,t5
    6198:	00f96933          	or	s2,s2,a5
    619c:	bd55                	j	6050 <__adddf3+0x526>
    619e:	00361793          	slli	a5,a2,0x3
    61a2:	838d                	srli	a5,a5,0x3
    61a4:	01d81893          	slli	a7,a6,0x1d
    61a8:	0117e8b3          	or	a7,a5,a7
    61ac:	00385793          	srli	a5,a6,0x3
    61b0:	b1ed                	j	5e9a <__adddf3+0x370>
    61b2:	00c968b3          	or	a7,s2,a2
    61b6:	c60897e3          	bnez	a7,5e24 <__adddf3+0x2fa>
    61ba:	4781                	li	a5,0
    61bc:	4981                	li	s3,0
    61be:	b159                	j	5e44 <__adddf3+0x31a>
    61c0:	41ef8933          	sub	s2,t6,t5
    61c4:	40e807b3          	sub	a5,a6,a4
    61c8:	012fb633          	sltu	a2,t6,s2
    61cc:	40c78633          	sub	a2,a5,a2
    61d0:	89f6                	mv	s3,t4
    61d2:	4485                	li	s1,1
    61d4:	b411                	j	5bd8 <__adddf3+0xae>
    61d6:	00361693          	slli	a3,a2,0x3
    61da:	01d81793          	slli	a5,a6,0x1d
    61de:	828d                	srli	a3,a3,0x3
    61e0:	00d7e8b3          	or	a7,a5,a3
    61e4:	00385793          	srli	a5,a6,0x3
    61e8:	b9b1                	j	5e44 <__adddf3+0x31a>
    61ea:	00361693          	slli	a3,a2,0x3
    61ee:	01d81793          	slli	a5,a6,0x1d
    61f2:	828d                	srli	a3,a3,0x3
    61f4:	00d7e8b3          	or	a7,a5,a3
    61f8:	84aa                	mv	s1,a0
    61fa:	00385793          	srli	a5,a6,0x3
    61fe:	b93d                	j	5e3c <__adddf3+0x312>
    6200:	fe050793          	addi	a5,a0,-32
    6204:	02000693          	li	a3,32
    6208:	00f757b3          	srl	a5,a4,a5
    620c:	00d50a63          	beq	a0,a3,6220 <__adddf3+0x6f6>
    6210:	04000693          	li	a3,64
    6214:	40a68533          	sub	a0,a3,a0
    6218:	00a71733          	sll	a4,a4,a0
    621c:	00ef6f33          	or	t5,t5,a4
    6220:	01e03933          	snez	s2,t5
    6224:	00f96933          	or	s2,s2,a5
    6228:	bba9                	j	5f82 <__adddf3+0x458>
    622a:	4581                	li	a1,0
    622c:	7ff00513          	li	a0,2047
    6230:	000807b7          	lui	a5,0x80
    6234:	bca9                	j	5c8e <__adddf3+0x164>
    6236:	01ff0933          	add	s2,t5,t6
    623a:	010707b3          	add	a5,a4,a6
    623e:	01f93633          	sltu	a2,s2,t6
    6242:	963e                	add	a2,a2,a5
    6244:	b375                	j	5ff0 <__adddf3+0x4c6>
    6246:	00361693          	slli	a3,a2,0x3
    624a:	01d81793          	slli	a5,a6,0x1d
    624e:	828d                	srli	a3,a3,0x3
    6250:	00d7e8b3          	or	a7,a5,a3
    6254:	00385793          	srli	a5,a6,0x3
    6258:	b189                	j	5e9a <__adddf3+0x370>

0000625a <__divdf3>:
    625a:	7139                	addi	sp,sp,-64
    625c:	0145d793          	srli	a5,a1,0x14
    6260:	dc22                	sw	s0,56(sp)
    6262:	d84a                	sw	s2,48(sp)
    6264:	d256                	sw	s5,36(sp)
    6266:	892a                	mv	s2,a0
    6268:	00c59413          	slli	s0,a1,0xc
    626c:	de06                	sw	ra,60(sp)
    626e:	da26                	sw	s1,52(sp)
    6270:	d64e                	sw	s3,44(sp)
    6272:	d452                	sw	s4,40(sp)
    6274:	d05a                	sw	s6,32(sp)
    6276:	ce5e                	sw	s7,28(sp)
    6278:	7ff7f513          	andi	a0,a5,2047
    627c:	8031                	srli	s0,s0,0xc
    627e:	01f5da93          	srli	s5,a1,0x1f
    6282:	10050b63          	beqz	a0,6398 <__divdf3+0x13e>
    6286:	7ff00793          	li	a5,2047
    628a:	14f50b63          	beq	a0,a5,63e0 <__divdf3+0x186>
    628e:	01d95a13          	srli	s4,s2,0x1d
    6292:	040e                	slli	s0,s0,0x3
    6294:	008a6433          	or	s0,s4,s0
    6298:	00800a37          	lui	s4,0x800
    629c:	01446a33          	or	s4,s0,s4
    62a0:	00391b13          	slli	s6,s2,0x3
    62a4:	c0150493          	addi	s1,a0,-1023
    62a8:	4401                	li	s0,0
    62aa:	4b81                	li	s7,0
    62ac:	0146d813          	srli	a6,a3,0x14
    62b0:	00c69913          	slli	s2,a3,0xc
    62b4:	7ff87813          	andi	a6,a6,2047
    62b8:	88b2                	mv	a7,a2
    62ba:	00c95913          	srli	s2,s2,0xc
    62be:	01f6d993          	srli	s3,a3,0x1f
    62c2:	08080e63          	beqz	a6,635e <__divdf3+0x104>
    62c6:	7ff00793          	li	a5,2047
    62ca:	04f80063          	beq	a6,a5,630a <__divdf3+0xb0>
    62ce:	01d65713          	srli	a4,a2,0x1d
    62d2:	090e                	slli	s2,s2,0x3
    62d4:	01276933          	or	s2,a4,s2
    62d8:	c0180813          	addi	a6,a6,-1023 # ffc01 <_data_lma+0xf0985>
    62dc:	008007b7          	lui	a5,0x800
    62e0:	00f96733          	or	a4,s2,a5
    62e4:	00361893          	slli	a7,a2,0x3
    62e8:	410484b3          	sub	s1,s1,a6
    62ec:	4581                	li	a1,0
    62ee:	47bd                	li	a5,15
    62f0:	013ac833          	xor	a6,s5,s3
    62f4:	1a87e463          	bltu	a5,s0,649c <__divdf3+0x242>
    62f8:	00009797          	auipc	a5,0x9
    62fc:	a0878793          	addi	a5,a5,-1528 # ed00 <TWO52+0x20>
    6300:	040a                	slli	s0,s0,0x2
    6302:	943e                	add	s0,s0,a5
    6304:	4010                	lw	a2,0(s0)
    6306:	963e                	add	a2,a2,a5
    6308:	8602                	jr	a2
    630a:	00c96733          	or	a4,s2,a2
    630e:	80148493          	addi	s1,s1,-2047
    6312:	10071263          	bnez	a4,6416 <__divdf3+0x1bc>
    6316:	00246413          	ori	s0,s0,2
    631a:	4881                	li	a7,0
    631c:	4589                	li	a1,2
    631e:	bfc1                	j	62ee <__divdf3+0x94>
    6320:	7ff00613          	li	a2,2047
    6324:	4781                	li	a5,0
    6326:	4701                	li	a4,0
    6328:	07b2                	slli	a5,a5,0xc
    632a:	50f2                	lw	ra,60(sp)
    632c:	5462                	lw	s0,56(sp)
    632e:	0652                	slli	a2,a2,0x14
    6330:	83b1                	srli	a5,a5,0xc
    6332:	087e                	slli	a6,a6,0x1f
    6334:	8fd1                	or	a5,a5,a2
    6336:	0107e7b3          	or	a5,a5,a6
    633a:	54d2                	lw	s1,52(sp)
    633c:	5942                	lw	s2,48(sp)
    633e:	59b2                	lw	s3,44(sp)
    6340:	5a22                	lw	s4,40(sp)
    6342:	5a92                	lw	s5,36(sp)
    6344:	5b02                	lw	s6,32(sp)
    6346:	4bf2                	lw	s7,28(sp)
    6348:	853a                	mv	a0,a4
    634a:	85be                	mv	a1,a5
    634c:	6121                	addi	sp,sp,64
    634e:	8082                	ret
    6350:	4801                	li	a6,0
    6352:	7ff00613          	li	a2,2047
    6356:	000807b7          	lui	a5,0x80
    635a:	4701                	li	a4,0
    635c:	b7f1                	j	6328 <__divdf3+0xce>
    635e:	00c96733          	or	a4,s2,a2
    6362:	c74d                	beqz	a4,640c <__divdf3+0x1b2>
    6364:	30090863          	beqz	s2,6674 <__divdf3+0x41a>
    6368:	854a                	mv	a0,s2
    636a:	c432                	sw	a2,8(sp)
    636c:	648020ef          	jal	ra,89b4 <__clzsi2>
    6370:	4622                	lw	a2,8(sp)
    6372:	ff550713          	addi	a4,a0,-11
    6376:	47f5                	li	a5,29
    6378:	ff850693          	addi	a3,a0,-8
    637c:	8f99                	sub	a5,a5,a4
    637e:	00d91933          	sll	s2,s2,a3
    6382:	00f657b3          	srl	a5,a2,a5
    6386:	0127e733          	or	a4,a5,s2
    638a:	00d618b3          	sll	a7,a2,a3
    638e:	9526                	add	a0,a0,s1
    6390:	3f350493          	addi	s1,a0,1011
    6394:	4581                	li	a1,0
    6396:	bfa1                	j	62ee <__divdf3+0x94>
    6398:	01246a33          	or	s4,s0,s2
    639c:	060a0363          	beqz	s4,6402 <__divdf3+0x1a8>
    63a0:	c636                	sw	a3,12(sp)
    63a2:	c432                	sw	a2,8(sp)
    63a4:	2a040663          	beqz	s0,6650 <__divdf3+0x3f6>
    63a8:	8522                	mv	a0,s0
    63aa:	60a020ef          	jal	ra,89b4 <__clzsi2>
    63ae:	4622                	lw	a2,8(sp)
    63b0:	46b2                	lw	a3,12(sp)
    63b2:	84aa                	mv	s1,a0
    63b4:	ff550713          	addi	a4,a0,-11
    63b8:	4a75                	li	s4,29
    63ba:	ff848b13          	addi	s6,s1,-8
    63be:	40ea0a33          	sub	s4,s4,a4
    63c2:	01641433          	sll	s0,s0,s6
    63c6:	01495a33          	srl	s4,s2,s4
    63ca:	008a6a33          	or	s4,s4,s0
    63ce:	01691b33          	sll	s6,s2,s6
    63d2:	c0d00513          	li	a0,-1011
    63d6:	409504b3          	sub	s1,a0,s1
    63da:	4401                	li	s0,0
    63dc:	4b81                	li	s7,0
    63de:	b5f9                	j	62ac <__divdf3+0x52>
    63e0:	01246a33          	or	s4,s0,s2
    63e4:	000a1863          	bnez	s4,63f4 <__divdf3+0x19a>
    63e8:	4421                	li	s0,8
    63ea:	4b01                	li	s6,0
    63ec:	7ff00493          	li	s1,2047
    63f0:	4b89                	li	s7,2
    63f2:	bd6d                	j	62ac <__divdf3+0x52>
    63f4:	8a22                	mv	s4,s0
    63f6:	8b4a                	mv	s6,s2
    63f8:	4431                	li	s0,12
    63fa:	7ff00493          	li	s1,2047
    63fe:	4b8d                	li	s7,3
    6400:	b575                	j	62ac <__divdf3+0x52>
    6402:	4411                	li	s0,4
    6404:	4b01                	li	s6,0
    6406:	4481                	li	s1,0
    6408:	4b85                	li	s7,1
    640a:	b54d                	j	62ac <__divdf3+0x52>
    640c:	00146413          	ori	s0,s0,1
    6410:	4881                	li	a7,0
    6412:	4585                	li	a1,1
    6414:	bde9                	j	62ee <__divdf3+0x94>
    6416:	00346413          	ori	s0,s0,3
    641a:	874a                	mv	a4,s2
    641c:	458d                	li	a1,3
    641e:	bdc1                	j	62ee <__divdf3+0x94>
    6420:	2e050a63          	beqz	a0,6714 <__divdf3+0x4ba>
    6424:	4785                	li	a5,1
    6426:	8f89                	sub	a5,a5,a0
    6428:	03800693          	li	a3,56
    642c:	32f6dd63          	bge	a3,a5,6766 <__divdf3+0x50c>
    6430:	4601                	li	a2,0
    6432:	4781                	li	a5,0
    6434:	4701                	li	a4,0
    6436:	bdcd                	j	6328 <__divdf3+0xce>
    6438:	86ce                	mv	a3,s3
    643a:	4789                	li	a5,2
    643c:	3af58d63          	beq	a1,a5,67f6 <__divdf3+0x59c>
    6440:	478d                	li	a5,3
    6442:	f0f587e3          	beq	a1,a5,6350 <__divdf3+0xf6>
    6446:	4785                	li	a5,1
    6448:	8836                	mv	a6,a3
    644a:	fef583e3          	beq	a1,a5,6430 <__divdf3+0x1d6>
    644e:	3ff48513          	addi	a0,s1,1023
    6452:	fca057e3          	blez	a0,6420 <__divdf3+0x1c6>
    6456:	0078f793          	andi	a5,a7,7
    645a:	28079663          	bnez	a5,66e6 <__divdf3+0x48c>
    645e:	0038d693          	srli	a3,a7,0x3
    6462:	00771793          	slli	a5,a4,0x7
    6466:	0007d863          	bgez	a5,6476 <__divdf3+0x21c>
    646a:	ff0007b7          	lui	a5,0xff000
    646e:	17fd                	addi	a5,a5,-1
    6470:	8f7d                	and	a4,a4,a5
    6472:	40048513          	addi	a0,s1,1024
    6476:	7fe00793          	li	a5,2046
    647a:	eaa7c3e3          	blt	a5,a0,6320 <__divdf3+0xc6>
    647e:	01d71613          	slli	a2,a4,0x1d
    6482:	00971793          	slli	a5,a4,0x9
    6486:	83b1                	srli	a5,a5,0xc
    6488:	00d66733          	or	a4,a2,a3
    648c:	7ff57613          	andi	a2,a0,2047
    6490:	bd61                	j	6328 <__divdf3+0xce>
    6492:	86d6                	mv	a3,s5
    6494:	8752                	mv	a4,s4
    6496:	88da                	mv	a7,s6
    6498:	85de                	mv	a1,s7
    649a:	b745                	j	643a <__divdf3+0x1e0>
    649c:	23476163          	bltu	a4,s4,66be <__divdf3+0x464>
    64a0:	20ea0d63          	beq	s4,a4,66ba <__divdf3+0x460>
    64a4:	86da                	mv	a3,s6
    64a6:	14fd                	addi	s1,s1,-1
    64a8:	8452                	mv	s0,s4
    64aa:	4b01                	li	s6,0
    64ac:	00871793          	slli	a5,a4,0x8
    64b0:	0188d313          	srli	t1,a7,0x18
    64b4:	00f36333          	or	t1,t1,a5
    64b8:	01035e93          	srli	t4,t1,0x10
    64bc:	03d457b3          	divu	a5,s0,t4
    64c0:	01031f13          	slli	t5,t1,0x10
    64c4:	010f5f13          	srli	t5,t5,0x10
    64c8:	0106d593          	srli	a1,a3,0x10
    64cc:	00889e13          	slli	t3,a7,0x8
    64d0:	03d47433          	remu	s0,s0,t4
    64d4:	02ff0733          	mul	a4,t5,a5
    64d8:	0442                	slli	s0,s0,0x10
    64da:	8dc1                	or	a1,a1,s0
    64dc:	00e5fb63          	bgeu	a1,a4,64f2 <__divdf3+0x298>
    64e0:	959a                	add	a1,a1,t1
    64e2:	fff78613          	addi	a2,a5,-1 # feffffff <_eusrstack+0xdeffafff>
    64e6:	2665ee63          	bltu	a1,t1,6762 <__divdf3+0x508>
    64ea:	26e5fc63          	bgeu	a1,a4,6762 <__divdf3+0x508>
    64ee:	17f9                	addi	a5,a5,-2
    64f0:	959a                	add	a1,a1,t1
    64f2:	8d99                	sub	a1,a1,a4
    64f4:	03d5d733          	divu	a4,a1,t4
    64f8:	06c2                	slli	a3,a3,0x10
    64fa:	82c1                	srli	a3,a3,0x10
    64fc:	03d5f5b3          	remu	a1,a1,t4
    6500:	02ef0633          	mul	a2,t5,a4
    6504:	05c2                	slli	a1,a1,0x10
    6506:	8dd5                	or	a1,a1,a3
    6508:	00c5fb63          	bgeu	a1,a2,651e <__divdf3+0x2c4>
    650c:	959a                	add	a1,a1,t1
    650e:	fff70693          	addi	a3,a4,-1 # 7fffff <_data_lma+0x7f0d83>
    6512:	2465e663          	bltu	a1,t1,675e <__divdf3+0x504>
    6516:	24c5f463          	bgeu	a1,a2,675e <__divdf3+0x504>
    651a:	1779                	addi	a4,a4,-2
    651c:	959a                	add	a1,a1,t1
    651e:	07c2                	slli	a5,a5,0x10
    6520:	6441                	lui	s0,0x10
    6522:	8f5d                	or	a4,a4,a5
    6524:	fff40793          	addi	a5,s0,-1 # ffff <_data_lma+0xd83>
    6528:	00f77533          	and	a0,a4,a5
    652c:	01075893          	srli	a7,a4,0x10
    6530:	010e5f93          	srli	t6,t3,0x10
    6534:	00fe77b3          	and	a5,t3,a5
    6538:	02f502b3          	mul	t0,a0,a5
    653c:	40c586b3          	sub	a3,a1,a2
    6540:	02f883b3          	mul	t2,a7,a5
    6544:	0102d593          	srli	a1,t0,0x10
    6548:	02af8633          	mul	a2,t6,a0
    654c:	961e                	add	a2,a2,t2
    654e:	962e                	add	a2,a2,a1
    6550:	03f88533          	mul	a0,a7,t6
    6554:	00767363          	bgeu	a2,t2,655a <__divdf3+0x300>
    6558:	9522                	add	a0,a0,s0
    655a:	68c1                	lui	a7,0x10
    655c:	18fd                	addi	a7,a7,-1
    655e:	01065593          	srli	a1,a2,0x10
    6562:	01167633          	and	a2,a2,a7
    6566:	0642                	slli	a2,a2,0x10
    6568:	0112f8b3          	and	a7,t0,a7
    656c:	95aa                	add	a1,a1,a0
    656e:	9646                	add	a2,a2,a7
    6570:	12b6e663          	bltu	a3,a1,669c <__divdf3+0x442>
    6574:	12b68263          	beq	a3,a1,6698 <__divdf3+0x43e>
    6578:	40cb0633          	sub	a2,s6,a2
    657c:	8e8d                	sub	a3,a3,a1
    657e:	00cb3b33          	sltu	s6,s6,a2
    6582:	41668b33          	sub	s6,a3,s6
    6586:	3ff48513          	addi	a0,s1,1023
    658a:	17630c63          	beq	t1,s6,6702 <__divdf3+0x4a8>
    658e:	03db58b3          	divu	a7,s6,t4
    6592:	01065593          	srli	a1,a2,0x10
    6596:	03db7b33          	remu	s6,s6,t4
    659a:	031f06b3          	mul	a3,t5,a7
    659e:	0b42                	slli	s6,s6,0x10
    65a0:	0165eb33          	or	s6,a1,s6
    65a4:	00db7b63          	bgeu	s6,a3,65ba <__divdf3+0x360>
    65a8:	9b1a                	add	s6,s6,t1
    65aa:	fff88593          	addi	a1,a7,-1 # ffff <_data_lma+0xd83>
    65ae:	206b6d63          	bltu	s6,t1,67c8 <__divdf3+0x56e>
    65b2:	20db7b63          	bgeu	s6,a3,67c8 <__divdf3+0x56e>
    65b6:	18f9                	addi	a7,a7,-2
    65b8:	9b1a                	add	s6,s6,t1
    65ba:	40db0b33          	sub	s6,s6,a3
    65be:	03db56b3          	divu	a3,s6,t4
    65c2:	0642                	slli	a2,a2,0x10
    65c4:	8241                	srli	a2,a2,0x10
    65c6:	03db7b33          	remu	s6,s6,t4
    65ca:	02df0f33          	mul	t5,t5,a3
    65ce:	0b42                	slli	s6,s6,0x10
    65d0:	01666633          	or	a2,a2,s6
    65d4:	01e67b63          	bgeu	a2,t5,65ea <__divdf3+0x390>
    65d8:	961a                	add	a2,a2,t1
    65da:	fff68593          	addi	a1,a3,-1 # 7fffff <_data_lma+0x7f0d83>
    65de:	1e666763          	bltu	a2,t1,67cc <__divdf3+0x572>
    65e2:	1fe67563          	bgeu	a2,t5,67cc <__divdf3+0x572>
    65e6:	16f9                	addi	a3,a3,-2
    65e8:	961a                	add	a2,a2,t1
    65ea:	08c2                	slli	a7,a7,0x10
    65ec:	00d8e8b3          	or	a7,a7,a3
    65f0:	01089593          	slli	a1,a7,0x10
    65f4:	0108d293          	srli	t0,a7,0x10
    65f8:	81c1                	srli	a1,a1,0x10
    65fa:	02f58eb3          	mul	t4,a1,a5
    65fe:	41e60633          	sub	a2,a2,t5
    6602:	02bf85b3          	mul	a1,t6,a1
    6606:	010ed693          	srli	a3,t4,0x10
    660a:	02f287b3          	mul	a5,t0,a5
    660e:	95be                	add	a1,a1,a5
    6610:	96ae                	add	a3,a3,a1
    6612:	025f8fb3          	mul	t6,t6,t0
    6616:	00f6f463          	bgeu	a3,a5,661e <__divdf3+0x3c4>
    661a:	67c1                	lui	a5,0x10
    661c:	9fbe                	add	t6,t6,a5
    661e:	65c1                	lui	a1,0x10
    6620:	15fd                	addi	a1,a1,-1
    6622:	0106d793          	srli	a5,a3,0x10
    6626:	8eed                	and	a3,a3,a1
    6628:	06c2                	slli	a3,a3,0x10
    662a:	00befeb3          	and	t4,t4,a1
    662e:	9fbe                	add	t6,t6,a5
    6630:	96f6                	add	a3,a3,t4
    6632:	09f67f63          	bgeu	a2,t6,66d0 <__divdf3+0x476>
    6636:	961a                	add	a2,a2,t1
    6638:	fff88793          	addi	a5,a7,-1
    663c:	1a666963          	bltu	a2,t1,67ee <__divdf3+0x594>
    6640:	19f66863          	bltu	a2,t6,67d0 <__divdf3+0x576>
    6644:	1bf60f63          	beq	a2,t6,6802 <__divdf3+0x5a8>
    6648:	88be                	mv	a7,a5
    664a:	0018e893          	ori	a7,a7,1
    664e:	b511                	j	6452 <__divdf3+0x1f8>
    6650:	854a                	mv	a0,s2
    6652:	362020ef          	jal	ra,89b4 <__clzsi2>
    6656:	01550713          	addi	a4,a0,21
    665a:	45f1                	li	a1,28
    665c:	02050493          	addi	s1,a0,32
    6660:	4622                	lw	a2,8(sp)
    6662:	46b2                	lw	a3,12(sp)
    6664:	d4e5dae3          	bge	a1,a4,63b8 <__divdf3+0x15e>
    6668:	ff850413          	addi	s0,a0,-8
    666c:	00891a33          	sll	s4,s2,s0
    6670:	4b01                	li	s6,0
    6672:	b385                	j	63d2 <__divdf3+0x178>
    6674:	8532                	mv	a0,a2
    6676:	c432                	sw	a2,8(sp)
    6678:	33c020ef          	jal	ra,89b4 <__clzsi2>
    667c:	01550713          	addi	a4,a0,21
    6680:	46f1                	li	a3,28
    6682:	87aa                	mv	a5,a0
    6684:	4622                	lw	a2,8(sp)
    6686:	02050513          	addi	a0,a0,32
    668a:	cee6d6e3          	bge	a3,a4,6376 <__divdf3+0x11c>
    668e:	17e1                	addi	a5,a5,-8
    6690:	00f61733          	sll	a4,a2,a5
    6694:	4881                	li	a7,0
    6696:	b9e5                	j	638e <__divdf3+0x134>
    6698:	eecb70e3          	bgeu	s6,a2,6578 <__divdf3+0x31e>
    669c:	9b72                	add	s6,s6,t3
    669e:	01cb3533          	sltu	a0,s6,t3
    66a2:	951a                	add	a0,a0,t1
    66a4:	96aa                	add	a3,a3,a0
    66a6:	fff70513          	addi	a0,a4,-1
    66aa:	02d37863          	bgeu	t1,a3,66da <__divdf3+0x480>
    66ae:	10b6e663          	bltu	a3,a1,67ba <__divdf3+0x560>
    66b2:	10d58263          	beq	a1,a3,67b6 <__divdf3+0x55c>
    66b6:	872a                	mv	a4,a0
    66b8:	b5c1                	j	6578 <__divdf3+0x31e>
    66ba:	df1b65e3          	bltu	s6,a7,64a4 <__divdf3+0x24a>
    66be:	001b5593          	srli	a1,s6,0x1
    66c2:	01fa1693          	slli	a3,s4,0x1f
    66c6:	001a5413          	srli	s0,s4,0x1
    66ca:	8ecd                	or	a3,a3,a1
    66cc:	0b7e                	slli	s6,s6,0x1f
    66ce:	bbf9                	j	64ac <__divdf3+0x252>
    66d0:	f7f61de3          	bne	a2,t6,664a <__divdf3+0x3f0>
    66d4:	d6068fe3          	beqz	a3,6452 <__divdf3+0x1f8>
    66d8:	bfb9                	j	6636 <__divdf3+0x3dc>
    66da:	fcd31ee3          	bne	t1,a3,66b6 <__divdf3+0x45c>
    66de:	fdcb78e3          	bgeu	s6,t3,66ae <__divdf3+0x454>
    66e2:	872a                	mv	a4,a0
    66e4:	bd51                	j	6578 <__divdf3+0x31e>
    66e6:	00f8f793          	andi	a5,a7,15
    66ea:	4691                	li	a3,4
    66ec:	d6d789e3          	beq	a5,a3,645e <__divdf3+0x204>
    66f0:	ffc8b793          	sltiu	a5,a7,-4
    66f4:	00488693          	addi	a3,a7,4
    66f8:	0017c793          	xori	a5,a5,1
    66fc:	828d                	srli	a3,a3,0x3
    66fe:	973e                	add	a4,a4,a5
    6700:	b38d                	j	6462 <__divdf3+0x208>
    6702:	4681                	li	a3,0
    6704:	4785                	li	a5,1
    6706:	fea04ce3          	bgtz	a0,66fe <__divdf3+0x4a4>
    670a:	58fd                	li	a7,-1
    670c:	d0051ce3          	bnez	a0,6424 <__divdf3+0x1ca>
    6710:	c0100493          	li	s1,-1023
    6714:	4785                	li	a5,1
    6716:	41e48513          	addi	a0,s1,1054
    671a:	00a716b3          	sll	a3,a4,a0
    671e:	00f8d633          	srl	a2,a7,a5
    6722:	00a89533          	sll	a0,a7,a0
    6726:	8ed1                	or	a3,a3,a2
    6728:	00a03533          	snez	a0,a0
    672c:	8ec9                	or	a3,a3,a0
    672e:	0076f613          	andi	a2,a3,7
    6732:	00f75733          	srl	a4,a4,a5
    6736:	ce01                	beqz	a2,674e <__divdf3+0x4f4>
    6738:	00f6f793          	andi	a5,a3,15
    673c:	4611                	li	a2,4
    673e:	00c78863          	beq	a5,a2,674e <__divdf3+0x4f4>
    6742:	00468793          	addi	a5,a3,4
    6746:	00d7b6b3          	sltu	a3,a5,a3
    674a:	9736                	add	a4,a4,a3
    674c:	86be                	mv	a3,a5
    674e:	00871793          	slli	a5,a4,0x8
    6752:	0407d863          	bgez	a5,67a2 <__divdf3+0x548>
    6756:	4605                	li	a2,1
    6758:	4781                	li	a5,0
    675a:	4701                	li	a4,0
    675c:	b6f1                	j	6328 <__divdf3+0xce>
    675e:	8736                	mv	a4,a3
    6760:	bb7d                	j	651e <__divdf3+0x2c4>
    6762:	87b2                	mv	a5,a2
    6764:	b379                	j	64f2 <__divdf3+0x298>
    6766:	46fd                	li	a3,31
    6768:	faf6d7e3          	bge	a3,a5,6716 <__divdf3+0x4bc>
    676c:	5605                	li	a2,-31
    676e:	8e09                	sub	a2,a2,a0
    6770:	02000693          	li	a3,32
    6774:	00c75633          	srl	a2,a4,a2
    6778:	00d78863          	beq	a5,a3,6788 <__divdf3+0x52e>
    677c:	43e48793          	addi	a5,s1,1086
    6780:	00f717b3          	sll	a5,a4,a5
    6784:	00f8e8b3          	or	a7,a7,a5
    6788:	011036b3          	snez	a3,a7
    678c:	8ed1                	or	a3,a3,a2
    678e:	0076f613          	andi	a2,a3,7
    6792:	4781                	li	a5,0
    6794:	ce01                	beqz	a2,67ac <__divdf3+0x552>
    6796:	00f6f793          	andi	a5,a3,15
    679a:	4611                	li	a2,4
    679c:	4701                	li	a4,0
    679e:	fac792e3          	bne	a5,a2,6742 <__divdf3+0x4e8>
    67a2:	00971793          	slli	a5,a4,0x9
    67a6:	01d71613          	slli	a2,a4,0x1d
    67aa:	83b1                	srli	a5,a5,0xc
    67ac:	0036d713          	srli	a4,a3,0x3
    67b0:	8f51                	or	a4,a4,a2
    67b2:	4601                	li	a2,0
    67b4:	be95                	j	6328 <__divdf3+0xce>
    67b6:	f0cb70e3          	bgeu	s6,a2,66b6 <__divdf3+0x45c>
    67ba:	9b72                	add	s6,s6,t3
    67bc:	01cb3533          	sltu	a0,s6,t3
    67c0:	951a                	add	a0,a0,t1
    67c2:	1779                	addi	a4,a4,-2
    67c4:	96aa                	add	a3,a3,a0
    67c6:	bb4d                	j	6578 <__divdf3+0x31e>
    67c8:	88ae                	mv	a7,a1
    67ca:	bbc5                	j	65ba <__divdf3+0x360>
    67cc:	86ae                	mv	a3,a1
    67ce:	bd31                	j	65ea <__divdf3+0x390>
    67d0:	001e1793          	slli	a5,t3,0x1
    67d4:	01c7be33          	sltu	t3,a5,t3
    67d8:	9372                	add	t1,t1,t3
    67da:	961a                	add	a2,a2,t1
    67dc:	18f9                	addi	a7,a7,-2
    67de:	8e3e                	mv	t3,a5
    67e0:	e7f615e3          	bne	a2,t6,664a <__divdf3+0x3f0>
    67e4:	c6de07e3          	beq	t3,a3,6452 <__divdf3+0x1f8>
    67e8:	0018e893          	ori	a7,a7,1
    67ec:	b19d                	j	6452 <__divdf3+0x1f8>
    67ee:	88be                	mv	a7,a5
    67f0:	fff60ae3          	beq	a2,t6,67e4 <__divdf3+0x58a>
    67f4:	bd99                	j	664a <__divdf3+0x3f0>
    67f6:	8836                	mv	a6,a3
    67f8:	7ff00613          	li	a2,2047
    67fc:	4781                	li	a5,0
    67fe:	4701                	li	a4,0
    6800:	b625                	j	6328 <__divdf3+0xce>
    6802:	fcde67e3          	bltu	t3,a3,67d0 <__divdf3+0x576>
    6806:	88be                	mv	a7,a5
    6808:	fede10e3          	bne	t3,a3,67e8 <__divdf3+0x58e>
    680c:	b199                	j	6452 <__divdf3+0x1f8>

0000680e <__eqdf2>:
    680e:	0145d713          	srli	a4,a1,0x14
    6812:	001007b7          	lui	a5,0x100
    6816:	17fd                	addi	a5,a5,-1
    6818:	0146d813          	srli	a6,a3,0x14
    681c:	7ff77713          	andi	a4,a4,2047
    6820:	7ff00893          	li	a7,2047
    6824:	00b7fe33          	and	t3,a5,a1
    6828:	8eaa                	mv	t4,a0
    682a:	8ff5                	and	a5,a5,a3
    682c:	81fd                	srli	a1,a1,0x1f
    682e:	8f32                	mv	t5,a2
    6830:	7ff87813          	andi	a6,a6,2047
    6834:	82fd                	srli	a3,a3,0x1f
    6836:	01170b63          	beq	a4,a7,684c <__eqdf2+0x3e>
    683a:	4305                	li	t1,1
    683c:	01180663          	beq	a6,a7,6848 <__eqdf2+0x3a>
    6840:	01071463          	bne	a4,a6,6848 <__eqdf2+0x3a>
    6844:	00fe0d63          	beq	t3,a5,685e <__eqdf2+0x50>
    6848:	851a                	mv	a0,t1
    684a:	8082                	ret
    684c:	00ae68b3          	or	a7,t3,a0
    6850:	4305                	li	t1,1
    6852:	fe089be3          	bnez	a7,6848 <__eqdf2+0x3a>
    6856:	fee819e3          	bne	a6,a4,6848 <__eqdf2+0x3a>
    685a:	8fd1                	or	a5,a5,a2
    685c:	f7f5                	bnez	a5,6848 <__eqdf2+0x3a>
    685e:	4305                	li	t1,1
    6860:	ffee94e3          	bne	t4,t5,6848 <__eqdf2+0x3a>
    6864:	4301                	li	t1,0
    6866:	fed581e3          	beq	a1,a3,6848 <__eqdf2+0x3a>
    686a:	4305                	li	t1,1
    686c:	ff71                	bnez	a4,6848 <__eqdf2+0x3a>
    686e:	00ae6533          	or	a0,t3,a0
    6872:	00a03333          	snez	t1,a0
    6876:	bfc9                	j	6848 <__eqdf2+0x3a>

00006878 <__gedf2>:
    6878:	0145d713          	srli	a4,a1,0x14
    687c:	001007b7          	lui	a5,0x100
    6880:	17fd                	addi	a5,a5,-1
    6882:	0146d813          	srli	a6,a3,0x14
    6886:	7ff77713          	andi	a4,a4,2047
    688a:	7ff00893          	li	a7,2047
    688e:	00b7f333          	and	t1,a5,a1
    6892:	8e2a                	mv	t3,a0
    6894:	8ff5                	and	a5,a5,a3
    6896:	81fd                	srli	a1,a1,0x1f
    6898:	8eb2                	mv	t4,a2
    689a:	7ff87813          	andi	a6,a6,2047
    689e:	82fd                	srli	a3,a3,0x1f
    68a0:	03170863          	beq	a4,a7,68d0 <__gedf2+0x58>
    68a4:	03180063          	beq	a6,a7,68c4 <__gedf2+0x4c>
    68a8:	eb0d                	bnez	a4,68da <__gedf2+0x62>
    68aa:	00a368b3          	or	a7,t1,a0
    68ae:	00081463          	bnez	a6,68b6 <__gedf2+0x3e>
    68b2:	8e5d                	or	a2,a2,a5
    68b4:	ca29                	beqz	a2,6906 <__gedf2+0x8e>
    68b6:	04088563          	beqz	a7,6900 <__gedf2+0x88>
    68ba:	02d58863          	beq	a1,a3,68ea <__gedf2+0x72>
    68be:	4505                	li	a0,1
    68c0:	ed95                	bnez	a1,68fc <__gedf2+0x84>
    68c2:	8082                	ret
    68c4:	00c7e8b3          	or	a7,a5,a2
    68c8:	fe0880e3          	beqz	a7,68a8 <__gedf2+0x30>
    68cc:	5579                	li	a0,-2
    68ce:	8082                	ret
    68d0:	00a36533          	or	a0,t1,a0
    68d4:	fd65                	bnez	a0,68cc <__gedf2+0x54>
    68d6:	02e80c63          	beq	a6,a4,690e <__gedf2+0x96>
    68da:	00081463          	bnez	a6,68e2 <__gedf2+0x6a>
    68de:	8e5d                	or	a2,a2,a5
    68e0:	de79                	beqz	a2,68be <__gedf2+0x46>
    68e2:	fcd59ee3          	bne	a1,a3,68be <__gedf2+0x46>
    68e6:	fce84ce3          	blt	a6,a4,68be <__gedf2+0x46>
    68ea:	01074863          	blt	a4,a6,68fa <__gedf2+0x82>
    68ee:	fc67e8e3          	bltu	a5,t1,68be <__gedf2+0x46>
    68f2:	02f30363          	beq	t1,a5,6918 <__gedf2+0xa0>
    68f6:	00f37f63          	bgeu	t1,a5,6914 <__gedf2+0x9c>
    68fa:	e581                	bnez	a1,6902 <__gedf2+0x8a>
    68fc:	557d                	li	a0,-1
    68fe:	8082                	ret
    6900:	def5                	beqz	a3,68fc <__gedf2+0x84>
    6902:	4505                	li	a0,1
    6904:	8082                	ret
    6906:	4501                	li	a0,0
    6908:	fa089be3          	bnez	a7,68be <__gedf2+0x46>
    690c:	8082                	ret
    690e:	8e5d                	or	a2,a2,a5
    6910:	da69                	beqz	a2,68e2 <__gedf2+0x6a>
    6912:	bf6d                	j	68cc <__gedf2+0x54>
    6914:	4501                	li	a0,0
    6916:	8082                	ret
    6918:	fbcee3e3          	bltu	t4,t3,68be <__gedf2+0x46>
    691c:	4501                	li	a0,0
    691e:	fbde72e3          	bgeu	t3,t4,68c2 <__gedf2+0x4a>
    6922:	f1e5                	bnez	a1,6902 <__gedf2+0x8a>
    6924:	bfe1                	j	68fc <__gedf2+0x84>

00006926 <__ledf2>:
    6926:	0145d713          	srli	a4,a1,0x14
    692a:	001007b7          	lui	a5,0x100
    692e:	17fd                	addi	a5,a5,-1
    6930:	0146d813          	srli	a6,a3,0x14
    6934:	7ff77713          	andi	a4,a4,2047
    6938:	7ff00893          	li	a7,2047
    693c:	00b7fe33          	and	t3,a5,a1
    6940:	8eaa                	mv	t4,a0
    6942:	8ff5                	and	a5,a5,a3
    6944:	81fd                	srli	a1,a1,0x1f
    6946:	8f32                	mv	t5,a2
    6948:	7ff87813          	andi	a6,a6,2047
    694c:	82fd                	srli	a3,a3,0x1f
    694e:	03170e63          	beq	a4,a7,698a <__ledf2+0x64>
    6952:	01180d63          	beq	a6,a7,696c <__ledf2+0x46>
    6956:	e329                	bnez	a4,6998 <__ledf2+0x72>
    6958:	00ae68b3          	or	a7,t3,a0
    695c:	00081f63          	bnez	a6,697a <__ledf2+0x54>
    6960:	8e5d                	or	a2,a2,a5
    6962:	ee01                	bnez	a2,697a <__ledf2+0x54>
    6964:	4301                	li	t1,0
    6966:	04088c63          	beqz	a7,69be <__ledf2+0x98>
    696a:	a821                	j	6982 <__ledf2+0x5c>
    696c:	00c7e8b3          	or	a7,a5,a2
    6970:	4309                	li	t1,2
    6972:	04089663          	bnez	a7,69be <__ledf2+0x98>
    6976:	d36d                	beqz	a4,6958 <__ledf2+0x32>
    6978:	a005                	j	6998 <__ledf2+0x72>
    697a:	04088463          	beqz	a7,69c2 <__ledf2+0x9c>
    697e:	02d58563          	beq	a1,a3,69a8 <__ledf2+0x82>
    6982:	4305                	li	t1,1
    6984:	cd8d                	beqz	a1,69be <__ledf2+0x98>
    6986:	537d                	li	t1,-1
    6988:	a81d                	j	69be <__ledf2+0x98>
    698a:	00ae68b3          	or	a7,t3,a0
    698e:	4309                	li	t1,2
    6990:	02089763          	bnez	a7,69be <__ledf2+0x98>
    6994:	02e80a63          	beq	a6,a4,69c8 <__ledf2+0xa2>
    6998:	00081463          	bnez	a6,69a0 <__ledf2+0x7a>
    699c:	8e5d                	or	a2,a2,a5
    699e:	d275                	beqz	a2,6982 <__ledf2+0x5c>
    69a0:	fed591e3          	bne	a1,a3,6982 <__ledf2+0x5c>
    69a4:	fce84fe3          	blt	a6,a4,6982 <__ledf2+0x5c>
    69a8:	01074963          	blt	a4,a6,69ba <__ledf2+0x94>
    69ac:	fdc7ebe3          	bltu	a5,t3,6982 <__ledf2+0x5c>
    69b0:	00fe0f63          	beq	t3,a5,69ce <__ledf2+0xa8>
    69b4:	4301                	li	t1,0
    69b6:	00fe7463          	bgeu	t3,a5,69be <__ledf2+0x98>
    69ba:	d5f1                	beqz	a1,6986 <__ledf2+0x60>
    69bc:	4305                	li	t1,1
    69be:	851a                	mv	a0,t1
    69c0:	8082                	ret
    69c2:	feed                	bnez	a3,69bc <__ledf2+0x96>
    69c4:	537d                	li	t1,-1
    69c6:	bfe5                	j	69be <__ledf2+0x98>
    69c8:	8e5d                	or	a2,a2,a5
    69ca:	da79                	beqz	a2,69a0 <__ledf2+0x7a>
    69cc:	bfcd                	j	69be <__ledf2+0x98>
    69ce:	fbdf6ae3          	bltu	t5,t4,6982 <__ledf2+0x5c>
    69d2:	4301                	li	t1,0
    69d4:	ffeef5e3          	bgeu	t4,t5,69be <__ledf2+0x98>
    69d8:	f1f5                	bnez	a1,69bc <__ledf2+0x96>
    69da:	b775                	j	6986 <__ledf2+0x60>

000069dc <__muldf3>:
    69dc:	7139                	addi	sp,sp,-64
    69de:	d84a                	sw	s2,48(sp)
    69e0:	0145d913          	srli	s2,a1,0x14
    69e4:	d64e                	sw	s3,44(sp)
    69e6:	d452                	sw	s4,40(sp)
    69e8:	d256                	sw	s5,36(sp)
    69ea:	00c59993          	slli	s3,a1,0xc
    69ee:	de06                	sw	ra,60(sp)
    69f0:	dc22                	sw	s0,56(sp)
    69f2:	da26                	sw	s1,52(sp)
    69f4:	d05a                	sw	s6,32(sp)
    69f6:	ce5e                	sw	s7,28(sp)
    69f8:	7ff97913          	andi	s2,s2,2047
    69fc:	8a2a                	mv	s4,a0
    69fe:	00c9d993          	srli	s3,s3,0xc
    6a02:	01f5da93          	srli	s5,a1,0x1f
    6a06:	0e090d63          	beqz	s2,6b00 <__muldf3+0x124>
    6a0a:	7ff00793          	li	a5,2047
    6a0e:	18f90663          	beq	s2,a5,6b9a <__muldf3+0x1be>
    6a12:	01d55413          	srli	s0,a0,0x1d
    6a16:	098e                	slli	s3,s3,0x3
    6a18:	013469b3          	or	s3,s0,s3
    6a1c:	00800437          	lui	s0,0x800
    6a20:	0089e433          	or	s0,s3,s0
    6a24:	00351493          	slli	s1,a0,0x3
    6a28:	c0190913          	addi	s2,s2,-1023
    6a2c:	4981                	li	s3,0
    6a2e:	4b81                	li	s7,0
    6a30:	0146d713          	srli	a4,a3,0x14
    6a34:	00c69a13          	slli	s4,a3,0xc
    6a38:	7ff77713          	andi	a4,a4,2047
    6a3c:	85b2                	mv	a1,a2
    6a3e:	00ca5a13          	srli	s4,s4,0xc
    6a42:	01f6db13          	srli	s6,a3,0x1f
    6a46:	10070b63          	beqz	a4,6b5c <__muldf3+0x180>
    6a4a:	7ff00793          	li	a5,2047
    6a4e:	04f70363          	beq	a4,a5,6a94 <__muldf3+0xb8>
    6a52:	01d65793          	srli	a5,a2,0x1d
    6a56:	0a0e                	slli	s4,s4,0x3
    6a58:	0147ea33          	or	s4,a5,s4
    6a5c:	c0170713          	addi	a4,a4,-1023
    6a60:	008007b7          	lui	a5,0x800
    6a64:	00fa67b3          	or	a5,s4,a5
    6a68:	00361593          	slli	a1,a2,0x3
    6a6c:	993a                	add	s2,s2,a4
    6a6e:	4881                	li	a7,0
    6a70:	016ac733          	xor	a4,s5,s6
    6a74:	46bd                	li	a3,15
    6a76:	853a                	mv	a0,a4
    6a78:	00190813          	addi	a6,s2,1
    6a7c:	1736e863          	bltu	a3,s3,6bec <__muldf3+0x210>
    6a80:	00008617          	auipc	a2,0x8
    6a84:	2c060613          	addi	a2,a2,704 # ed40 <TWO52+0x60>
    6a88:	098a                	slli	s3,s3,0x2
    6a8a:	99b2                	add	s3,s3,a2
    6a8c:	0009a683          	lw	a3,0(s3) # 40000 <_data_lma+0x30d84>
    6a90:	96b2                	add	a3,a3,a2
    6a92:	8682                	jr	a3
    6a94:	00ca67b3          	or	a5,s4,a2
    6a98:	7ff90913          	addi	s2,s2,2047
    6a9c:	12079963          	bnez	a5,6bce <__muldf3+0x1f2>
    6aa0:	0029e993          	ori	s3,s3,2
    6aa4:	4581                	li	a1,0
    6aa6:	4889                	li	a7,2
    6aa8:	b7e1                	j	6a70 <__muldf3+0x94>
    6aaa:	4701                	li	a4,0
    6aac:	7ff00793          	li	a5,2047
    6ab0:	00080437          	lui	s0,0x80
    6ab4:	4481                	li	s1,0
    6ab6:	0432                	slli	s0,s0,0xc
    6ab8:	07d2                	slli	a5,a5,0x14
    6aba:	8031                	srli	s0,s0,0xc
    6abc:	077e                	slli	a4,a4,0x1f
    6abe:	8c5d                	or	s0,s0,a5
    6ac0:	8c59                	or	s0,s0,a4
    6ac2:	85a2                	mv	a1,s0
    6ac4:	50f2                	lw	ra,60(sp)
    6ac6:	5462                	lw	s0,56(sp)
    6ac8:	8526                	mv	a0,s1
    6aca:	5942                	lw	s2,48(sp)
    6acc:	54d2                	lw	s1,52(sp)
    6ace:	59b2                	lw	s3,44(sp)
    6ad0:	5a22                	lw	s4,40(sp)
    6ad2:	5a92                	lw	s5,36(sp)
    6ad4:	5b02                	lw	s6,32(sp)
    6ad6:	4bf2                	lw	s7,28(sp)
    6ad8:	6121                	addi	sp,sp,64
    6ada:	8082                	ret
    6adc:	855a                	mv	a0,s6
    6ade:	843e                	mv	s0,a5
    6ae0:	84ae                	mv	s1,a1
    6ae2:	8bc6                	mv	s7,a7
    6ae4:	4789                	li	a5,2
    6ae6:	0efb8d63          	beq	s7,a5,6be0 <__muldf3+0x204>
    6aea:	478d                	li	a5,3
    6aec:	fafb8fe3          	beq	s7,a5,6aaa <__muldf3+0xce>
    6af0:	4785                	li	a5,1
    6af2:	872a                	mv	a4,a0
    6af4:	38fb9e63          	bne	s7,a5,6e90 <__muldf3+0x4b4>
    6af8:	4781                	li	a5,0
    6afa:	4401                	li	s0,0
    6afc:	4481                	li	s1,0
    6afe:	bf65                	j	6ab6 <__muldf3+0xda>
    6b00:	00a9e433          	or	s0,s3,a0
    6b04:	c061                	beqz	s0,6bc4 <__muldf3+0x1e8>
    6b06:	c636                	sw	a3,12(sp)
    6b08:	c432                	sw	a2,8(sp)
    6b0a:	2a098c63          	beqz	s3,6dc2 <__muldf3+0x3e6>
    6b0e:	854e                	mv	a0,s3
    6b10:	6a5010ef          	jal	ra,89b4 <__clzsi2>
    6b14:	4622                	lw	a2,8(sp)
    6b16:	46b2                	lw	a3,12(sp)
    6b18:	87aa                	mv	a5,a0
    6b1a:	ff550713          	addi	a4,a0,-11
    6b1e:	4475                	li	s0,29
    6b20:	ff878493          	addi	s1,a5,-8 # 7ffff8 <_data_lma+0x7f0d7c>
    6b24:	8c19                	sub	s0,s0,a4
    6b26:	009999b3          	sll	s3,s3,s1
    6b2a:	008a5433          	srl	s0,s4,s0
    6b2e:	01346433          	or	s0,s0,s3
    6b32:	009a14b3          	sll	s1,s4,s1
    6b36:	0146d713          	srli	a4,a3,0x14
    6b3a:	c0d00913          	li	s2,-1011
    6b3e:	00c69a13          	slli	s4,a3,0xc
    6b42:	7ff77713          	andi	a4,a4,2047
    6b46:	40f90933          	sub	s2,s2,a5
    6b4a:	4981                	li	s3,0
    6b4c:	4b81                	li	s7,0
    6b4e:	85b2                	mv	a1,a2
    6b50:	00ca5a13          	srli	s4,s4,0xc
    6b54:	01f6db13          	srli	s6,a3,0x1f
    6b58:	ee0719e3          	bnez	a4,6a4a <__muldf3+0x6e>
    6b5c:	00ca67b3          	or	a5,s4,a2
    6b60:	c7b1                	beqz	a5,6bac <__muldf3+0x1d0>
    6b62:	220a0f63          	beqz	s4,6da0 <__muldf3+0x3c4>
    6b66:	8552                	mv	a0,s4
    6b68:	c432                	sw	a2,8(sp)
    6b6a:	64b010ef          	jal	ra,89b4 <__clzsi2>
    6b6e:	4622                	lw	a2,8(sp)
    6b70:	872a                	mv	a4,a0
    6b72:	ff550693          	addi	a3,a0,-11
    6b76:	47f5                	li	a5,29
    6b78:	ff870593          	addi	a1,a4,-8
    6b7c:	8f95                	sub	a5,a5,a3
    6b7e:	00ba1a33          	sll	s4,s4,a1
    6b82:	00f657b3          	srl	a5,a2,a5
    6b86:	0147e7b3          	or	a5,a5,s4
    6b8a:	00b615b3          	sll	a1,a2,a1
    6b8e:	40e90933          	sub	s2,s2,a4
    6b92:	c0d90913          	addi	s2,s2,-1011
    6b96:	4881                	li	a7,0
    6b98:	bde1                	j	6a70 <__muldf3+0x94>
    6b9a:	00a9e433          	or	s0,s3,a0
    6b9e:	ec01                	bnez	s0,6bb6 <__muldf3+0x1da>
    6ba0:	49a1                	li	s3,8
    6ba2:	4481                	li	s1,0
    6ba4:	7ff00913          	li	s2,2047
    6ba8:	4b89                	li	s7,2
    6baa:	b559                	j	6a30 <__muldf3+0x54>
    6bac:	0019e993          	ori	s3,s3,1
    6bb0:	4581                	li	a1,0
    6bb2:	4885                	li	a7,1
    6bb4:	bd75                	j	6a70 <__muldf3+0x94>
    6bb6:	844e                	mv	s0,s3
    6bb8:	84aa                	mv	s1,a0
    6bba:	49b1                	li	s3,12
    6bbc:	7ff00913          	li	s2,2047
    6bc0:	4b8d                	li	s7,3
    6bc2:	b5bd                	j	6a30 <__muldf3+0x54>
    6bc4:	4991                	li	s3,4
    6bc6:	4481                	li	s1,0
    6bc8:	4901                	li	s2,0
    6bca:	4b85                	li	s7,1
    6bcc:	b595                	j	6a30 <__muldf3+0x54>
    6bce:	0039e993          	ori	s3,s3,3
    6bd2:	87d2                	mv	a5,s4
    6bd4:	488d                	li	a7,3
    6bd6:	bd69                	j	6a70 <__muldf3+0x94>
    6bd8:	4789                	li	a5,2
    6bda:	8556                	mv	a0,s5
    6bdc:	f0fb97e3          	bne	s7,a5,6aea <__muldf3+0x10e>
    6be0:	872a                	mv	a4,a0
    6be2:	7ff00793          	li	a5,2047
    6be6:	4401                	li	s0,0
    6be8:	4481                	li	s1,0
    6bea:	b5f1                	j	6ab6 <__muldf3+0xda>
    6bec:	6ec1                	lui	t4,0x10
    6bee:	fffe8613          	addi	a2,t4,-1 # ffff <_data_lma+0xd83>
    6bf2:	0104d693          	srli	a3,s1,0x10
    6bf6:	0105de13          	srli	t3,a1,0x10
    6bfa:	8cf1                	and	s1,s1,a2
    6bfc:	8df1                	and	a1,a1,a2
    6bfe:	02958633          	mul	a2,a1,s1
    6c02:	02b68333          	mul	t1,a3,a1
    6c06:	01065893          	srli	a7,a2,0x10
    6c0a:	029e0533          	mul	a0,t3,s1
    6c0e:	951a                	add	a0,a0,t1
    6c10:	98aa                	add	a7,a7,a0
    6c12:	03c682b3          	mul	t0,a3,t3
    6c16:	0068f363          	bgeu	a7,t1,6c1c <__muldf3+0x240>
    6c1a:	92f6                	add	t0,t0,t4
    6c1c:	6fc1                	lui	t6,0x10
    6c1e:	ffff8313          	addi	t1,t6,-1 # ffff <_data_lma+0xd83>
    6c22:	0067f533          	and	a0,a5,t1
    6c26:	0107d393          	srli	t2,a5,0x10
    6c2a:	0068f7b3          	and	a5,a7,t1
    6c2e:	07c2                	slli	a5,a5,0x10
    6c30:	00667333          	and	t1,a2,t1
    6c34:	933e                	add	t1,t1,a5
    6c36:	02950633          	mul	a2,a0,s1
    6c3a:	0108d893          	srli	a7,a7,0x10
    6c3e:	02a687b3          	mul	a5,a3,a0
    6c42:	01065f13          	srli	t5,a2,0x10
    6c46:	029384b3          	mul	s1,t2,s1
    6c4a:	94be                	add	s1,s1,a5
    6c4c:	94fa                	add	s1,s1,t5
    6c4e:	02768eb3          	mul	t4,a3,t2
    6c52:	00f4f363          	bgeu	s1,a5,6c58 <__muldf3+0x27c>
    6c56:	9efe                	add	t4,t4,t6
    6c58:	6a41                	lui	s4,0x10
    6c5a:	fffa0793          	addi	a5,s4,-1 # ffff <_data_lma+0xd83>
    6c5e:	01045f93          	srli	t6,s0,0x10
    6c62:	00f476b3          	and	a3,s0,a5
    6c66:	00f4f9b3          	and	s3,s1,a5
    6c6a:	8e7d                	and	a2,a2,a5
    6c6c:	80c1                	srli	s1,s1,0x10
    6c6e:	02d58433          	mul	s0,a1,a3
    6c72:	09c2                	slli	s3,s3,0x10
    6c74:	01d48f33          	add	t5,s1,t4
    6c78:	99b2                	add	s3,s3,a2
    6c7a:	98ce                	add	a7,a7,s3
    6c7c:	02de07b3          	mul	a5,t3,a3
    6c80:	01045e93          	srli	t4,s0,0x10
    6c84:	02bf85b3          	mul	a1,t6,a1
    6c88:	97ae                	add	a5,a5,a1
    6c8a:	9ebe                	add	t4,t4,a5
    6c8c:	03fe0e33          	mul	t3,t3,t6
    6c90:	00bef363          	bgeu	t4,a1,6c96 <__muldf3+0x2ba>
    6c94:	9e52                	add	t3,t3,s4
    6c96:	67c1                	lui	a5,0x10
    6c98:	fff78593          	addi	a1,a5,-1 # ffff <_data_lma+0xd83>
    6c9c:	00bef633          	and	a2,t4,a1
    6ca0:	8c6d                	and	s0,s0,a1
    6ca2:	0642                	slli	a2,a2,0x10
    6ca4:	9622                	add	a2,a2,s0
    6ca6:	010ede93          	srli	t4,t4,0x10
    6caa:	02d505b3          	mul	a1,a0,a3
    6cae:	9e76                	add	t3,t3,t4
    6cb0:	02af8533          	mul	a0,t6,a0
    6cb4:	0105d413          	srli	s0,a1,0x10
    6cb8:	02d386b3          	mul	a3,t2,a3
    6cbc:	96aa                	add	a3,a3,a0
    6cbe:	96a2                	add	a3,a3,s0
    6cc0:	03f38fb3          	mul	t6,t2,t6
    6cc4:	00a6f363          	bgeu	a3,a0,6cca <__muldf3+0x2ee>
    6cc8:	9fbe                	add	t6,t6,a5
    6cca:	6541                	lui	a0,0x10
    6ccc:	157d                	addi	a0,a0,-1
    6cce:	00a6f7b3          	and	a5,a3,a0
    6cd2:	07c2                	slli	a5,a5,0x10
    6cd4:	8d6d                	and	a0,a0,a1
    6cd6:	97aa                	add	a5,a5,a0
    6cd8:	005885b3          	add	a1,a7,t0
    6cdc:	0135b9b3          	sltu	s3,a1,s3
    6ce0:	97fa                	add	a5,a5,t5
    6ce2:	95b2                	add	a1,a1,a2
    6ce4:	01378433          	add	s0,a5,s3
    6ce8:	00c5b633          	sltu	a2,a1,a2
    6cec:	01c40eb3          	add	t4,s0,t3
    6cf0:	00ce8533          	add	a0,t4,a2
    6cf4:	01343433          	sltu	s0,s0,s3
    6cf8:	01e7b7b3          	sltu	a5,a5,t5
    6cfc:	8fc1                	or	a5,a5,s0
    6cfe:	01cebe33          	sltu	t3,t4,t3
    6d02:	0106d413          	srli	s0,a3,0x10
    6d06:	00c53633          	sltu	a2,a0,a2
    6d0a:	943e                	add	s0,s0,a5
    6d0c:	00ce6633          	or	a2,t3,a2
    6d10:	00959493          	slli	s1,a1,0x9
    6d14:	9432                	add	s0,s0,a2
    6d16:	947e                	add	s0,s0,t6
    6d18:	0064e4b3          	or	s1,s1,t1
    6d1c:	0426                	slli	s0,s0,0x9
    6d1e:	01755693          	srli	a3,a0,0x17
    6d22:	009034b3          	snez	s1,s1
    6d26:	81dd                	srli	a1,a1,0x17
    6d28:	00951793          	slli	a5,a0,0x9
    6d2c:	8ccd                	or	s1,s1,a1
    6d2e:	8c55                	or	s0,s0,a3
    6d30:	8cdd                	or	s1,s1,a5
    6d32:	00741793          	slli	a5,s0,0x7
    6d36:	0007db63          	bgez	a5,6d4c <__muldf3+0x370>
    6d3a:	0014d793          	srli	a5,s1,0x1
    6d3e:	8885                	andi	s1,s1,1
    6d40:	01f41693          	slli	a3,s0,0x1f
    6d44:	8cdd                	or	s1,s1,a5
    6d46:	8cd5                	or	s1,s1,a3
    6d48:	8005                	srli	s0,s0,0x1
    6d4a:	8942                	mv	s2,a6
    6d4c:	3ff90793          	addi	a5,s2,1023
    6d50:	08f05963          	blez	a5,6de2 <__muldf3+0x406>
    6d54:	0074f693          	andi	a3,s1,7
    6d58:	ce81                	beqz	a3,6d70 <__muldf3+0x394>
    6d5a:	00f4f693          	andi	a3,s1,15
    6d5e:	4611                	li	a2,4
    6d60:	00c68863          	beq	a3,a2,6d70 <__muldf3+0x394>
    6d64:	00448693          	addi	a3,s1,4
    6d68:	0096b4b3          	sltu	s1,a3,s1
    6d6c:	9426                	add	s0,s0,s1
    6d6e:	84b6                	mv	s1,a3
    6d70:	00741693          	slli	a3,s0,0x7
    6d74:	0006d863          	bgez	a3,6d84 <__muldf3+0x3a8>
    6d78:	ff0007b7          	lui	a5,0xff000
    6d7c:	17fd                	addi	a5,a5,-1
    6d7e:	8c7d                	and	s0,s0,a5
    6d80:	40090793          	addi	a5,s2,1024
    6d84:	7fe00693          	li	a3,2046
    6d88:	0ef6cf63          	blt	a3,a5,6e86 <__muldf3+0x4aa>
    6d8c:	0034d693          	srli	a3,s1,0x3
    6d90:	01d41493          	slli	s1,s0,0x1d
    6d94:	0426                	slli	s0,s0,0x9
    6d96:	8cd5                	or	s1,s1,a3
    6d98:	8031                	srli	s0,s0,0xc
    6d9a:	7ff7f793          	andi	a5,a5,2047
    6d9e:	bb21                	j	6ab6 <__muldf3+0xda>
    6da0:	8532                	mv	a0,a2
    6da2:	c432                	sw	a2,8(sp)
    6da4:	411010ef          	jal	ra,89b4 <__clzsi2>
    6da8:	01550693          	addi	a3,a0,21 # 10015 <_data_lma+0xd99>
    6dac:	47f1                	li	a5,28
    6dae:	02050713          	addi	a4,a0,32
    6db2:	4622                	lw	a2,8(sp)
    6db4:	dcd7d1e3          	bge	a5,a3,6b76 <__muldf3+0x19a>
    6db8:	1561                	addi	a0,a0,-8
    6dba:	00a617b3          	sll	a5,a2,a0
    6dbe:	4581                	li	a1,0
    6dc0:	b3f9                	j	6b8e <__muldf3+0x1b2>
    6dc2:	3f3010ef          	jal	ra,89b4 <__clzsi2>
    6dc6:	01550713          	addi	a4,a0,21
    6dca:	45f1                	li	a1,28
    6dcc:	02050793          	addi	a5,a0,32
    6dd0:	4622                	lw	a2,8(sp)
    6dd2:	46b2                	lw	a3,12(sp)
    6dd4:	d4e5d5e3          	bge	a1,a4,6b1e <__muldf3+0x142>
    6dd8:	1561                	addi	a0,a0,-8
    6dda:	00aa1433          	sll	s0,s4,a0
    6dde:	4481                	li	s1,0
    6de0:	bb99                	j	6b36 <__muldf3+0x15a>
    6de2:	4685                	li	a3,1
    6de4:	8e9d                	sub	a3,a3,a5
    6de6:	e7b1                	bnez	a5,6e32 <__muldf3+0x456>
    6de8:	41e90913          	addi	s2,s2,1054
    6dec:	012497b3          	sll	a5,s1,s2
    6df0:	00d4d4b3          	srl	s1,s1,a3
    6df4:	01241933          	sll	s2,s0,s2
    6df8:	00f037b3          	snez	a5,a5
    6dfc:	009964b3          	or	s1,s2,s1
    6e00:	8cdd                	or	s1,s1,a5
    6e02:	0074f793          	andi	a5,s1,7
    6e06:	00d456b3          	srl	a3,s0,a3
    6e0a:	cf81                	beqz	a5,6e22 <__muldf3+0x446>
    6e0c:	00f4f793          	andi	a5,s1,15
    6e10:	4611                	li	a2,4
    6e12:	00c78863          	beq	a5,a2,6e22 <__muldf3+0x446>
    6e16:	00448793          	addi	a5,s1,4
    6e1a:	0097b4b3          	sltu	s1,a5,s1
    6e1e:	96a6                	add	a3,a3,s1
    6e20:	84be                	mv	s1,a5
    6e22:	00869793          	slli	a5,a3,0x8
    6e26:	0407d863          	bgez	a5,6e76 <__muldf3+0x49a>
    6e2a:	4785                	li	a5,1
    6e2c:	4401                	li	s0,0
    6e2e:	4481                	li	s1,0
    6e30:	b159                	j	6ab6 <__muldf3+0xda>
    6e32:	03800613          	li	a2,56
    6e36:	ccd641e3          	blt	a2,a3,6af8 <__muldf3+0x11c>
    6e3a:	467d                	li	a2,31
    6e3c:	fad656e3          	bge	a2,a3,6de8 <__muldf3+0x40c>
    6e40:	5605                	li	a2,-31
    6e42:	40f607b3          	sub	a5,a2,a5
    6e46:	02000593          	li	a1,32
    6e4a:	00f45633          	srl	a2,s0,a5
    6e4e:	00b68763          	beq	a3,a1,6e5c <__muldf3+0x480>
    6e52:	43e90913          	addi	s2,s2,1086
    6e56:	012417b3          	sll	a5,s0,s2
    6e5a:	8cdd                	or	s1,s1,a5
    6e5c:	009034b3          	snez	s1,s1
    6e60:	8cd1                	or	s1,s1,a2
    6e62:	0074f693          	andi	a3,s1,7
    6e66:	4401                	li	s0,0
    6e68:	ca99                	beqz	a3,6e7e <__muldf3+0x4a2>
    6e6a:	00f4f793          	andi	a5,s1,15
    6e6e:	4611                	li	a2,4
    6e70:	4681                	li	a3,0
    6e72:	fac792e3          	bne	a5,a2,6e16 <__muldf3+0x43a>
    6e76:	00969413          	slli	s0,a3,0x9
    6e7a:	8031                	srli	s0,s0,0xc
    6e7c:	06f6                	slli	a3,a3,0x1d
    6e7e:	808d                	srli	s1,s1,0x3
    6e80:	8cd5                	or	s1,s1,a3
    6e82:	4781                	li	a5,0
    6e84:	b90d                	j	6ab6 <__muldf3+0xda>
    6e86:	7ff00793          	li	a5,2047
    6e8a:	4401                	li	s0,0
    6e8c:	4481                	li	s1,0
    6e8e:	b125                	j	6ab6 <__muldf3+0xda>
    6e90:	8942                	mv	s2,a6
    6e92:	bd6d                	j	6d4c <__muldf3+0x370>

00006e94 <__subdf3>:
    6e94:	00100737          	lui	a4,0x100
    6e98:	177d                	addi	a4,a4,-1
    6e9a:	1101                	addi	sp,sp,-32
    6e9c:	00b77333          	and	t1,a4,a1
    6ea0:	0146d893          	srli	a7,a3,0x14
    6ea4:	8f75                	and	a4,a4,a3
    6ea6:	01d65e93          	srli	t4,a2,0x1d
    6eaa:	cc22                	sw	s0,24(sp)
    6eac:	ca26                	sw	s1,20(sp)
    6eae:	030e                	slli	t1,t1,0x3
    6eb0:	0145d493          	srli	s1,a1,0x14
    6eb4:	01d55793          	srli	a5,a0,0x1d
    6eb8:	070e                	slli	a4,a4,0x3
    6eba:	ce06                	sw	ra,28(sp)
    6ebc:	c84a                	sw	s2,16(sp)
    6ebe:	c64e                	sw	s3,12(sp)
    6ec0:	7ff8f893          	andi	a7,a7,2047
    6ec4:	7ff00e13          	li	t3,2047
    6ec8:	00eee733          	or	a4,t4,a4
    6ecc:	7ff4f493          	andi	s1,s1,2047
    6ed0:	01f5d413          	srli	s0,a1,0x1f
    6ed4:	0067e333          	or	t1,a5,t1
    6ed8:	00351f13          	slli	t5,a0,0x3
    6edc:	82fd                	srli	a3,a3,0x1f
    6ede:	00361e93          	slli	t4,a2,0x3
    6ee2:	19c88063          	beq	a7,t3,7062 <__subdf3+0x1ce>
    6ee6:	0016c693          	xori	a3,a3,1
    6eea:	411485b3          	sub	a1,s1,a7
    6eee:	12d40563          	beq	s0,a3,7018 <__subdf3+0x184>
    6ef2:	18b05163          	blez	a1,7074 <__subdf3+0x1e0>
    6ef6:	1a088b63          	beqz	a7,70ac <__subdf3+0x218>
    6efa:	008007b7          	lui	a5,0x800
    6efe:	8f5d                	or	a4,a4,a5
    6f00:	59c48163          	beq	s1,t3,7482 <__subdf3+0x5ee>
    6f04:	03800793          	li	a5,56
    6f08:	34b7c463          	blt	a5,a1,7250 <__subdf3+0x3bc>
    6f0c:	47fd                	li	a5,31
    6f0e:	48b7c563          	blt	a5,a1,7398 <__subdf3+0x504>
    6f12:	02000793          	li	a5,32
    6f16:	8f8d                	sub	a5,a5,a1
    6f18:	00bed9b3          	srl	s3,t4,a1
    6f1c:	00f71833          	sll	a6,a4,a5
    6f20:	00fe9eb3          	sll	t4,t4,a5
    6f24:	01386833          	or	a6,a6,s3
    6f28:	00b75733          	srl	a4,a4,a1
    6f2c:	01d039b3          	snez	s3,t4
    6f30:	01386833          	or	a6,a6,s3
    6f34:	40e30333          	sub	t1,t1,a4
    6f38:	410f09b3          	sub	s3,t5,a6
    6f3c:	013f37b3          	sltu	a5,t5,s3
    6f40:	40f30633          	sub	a2,t1,a5
    6f44:	00861793          	slli	a5,a2,0x8
    6f48:	2407d363          	bgez	a5,718e <__subdf3+0x2fa>
    6f4c:	00800937          	lui	s2,0x800
    6f50:	197d                	addi	s2,s2,-1
    6f52:	01267933          	and	s2,a2,s2
    6f56:	2c090f63          	beqz	s2,7234 <__subdf3+0x3a0>
    6f5a:	854a                	mv	a0,s2
    6f5c:	259010ef          	jal	ra,89b4 <__clzsi2>
    6f60:	ff850713          	addi	a4,a0,-8
    6f64:	02000793          	li	a5,32
    6f68:	8f99                	sub	a5,a5,a4
    6f6a:	00f9d7b3          	srl	a5,s3,a5
    6f6e:	00e91633          	sll	a2,s2,a4
    6f72:	8fd1                	or	a5,a5,a2
    6f74:	00e999b3          	sll	s3,s3,a4
    6f78:	2a974463          	blt	a4,s1,7220 <__subdf3+0x38c>
    6f7c:	8f05                	sub	a4,a4,s1
    6f7e:	00170613          	addi	a2,a4,1 # 100001 <_data_lma+0xf0d85>
    6f82:	46fd                	li	a3,31
    6f84:	3ac6c563          	blt	a3,a2,732e <__subdf3+0x49a>
    6f88:	02000713          	li	a4,32
    6f8c:	8f11                	sub	a4,a4,a2
    6f8e:	00c9d6b3          	srl	a3,s3,a2
    6f92:	00e99833          	sll	a6,s3,a4
    6f96:	00e79733          	sll	a4,a5,a4
    6f9a:	8f55                	or	a4,a4,a3
    6f9c:	01003833          	snez	a6,a6
    6fa0:	010769b3          	or	s3,a4,a6
    6fa4:	00c7d633          	srl	a2,a5,a2
    6fa8:	4481                	li	s1,0
    6faa:	0079f793          	andi	a5,s3,7
    6fae:	cf81                	beqz	a5,6fc6 <__subdf3+0x132>
    6fb0:	00f9f693          	andi	a3,s3,15
    6fb4:	4791                	li	a5,4
    6fb6:	00f68863          	beq	a3,a5,6fc6 <__subdf3+0x132>
    6fba:	00498693          	addi	a3,s3,4
    6fbe:	0136b833          	sltu	a6,a3,s3
    6fc2:	9642                	add	a2,a2,a6
    6fc4:	89b6                	mv	s3,a3
    6fc6:	00861793          	slli	a5,a2,0x8
    6fca:	1c07d663          	bgez	a5,7196 <__subdf3+0x302>
    6fce:	00148713          	addi	a4,s1,1
    6fd2:	7ff00793          	li	a5,2047
    6fd6:	8805                	andi	s0,s0,1
    6fd8:	20f70663          	beq	a4,a5,71e4 <__subdf3+0x350>
    6fdc:	ff8007b7          	lui	a5,0xff800
    6fe0:	17fd                	addi	a5,a5,-1
    6fe2:	8ff1                	and	a5,a5,a2
    6fe4:	01d79813          	slli	a6,a5,0x1d
    6fe8:	0039d993          	srli	s3,s3,0x3
    6fec:	07a6                	slli	a5,a5,0x9
    6fee:	01386833          	or	a6,a6,s3
    6ff2:	83b1                	srli	a5,a5,0xc
    6ff4:	7ff77713          	andi	a4,a4,2047
    6ff8:	00c79693          	slli	a3,a5,0xc
    6ffc:	0752                	slli	a4,a4,0x14
    6ffe:	82b1                	srli	a3,a3,0xc
    7000:	047e                	slli	s0,s0,0x1f
    7002:	8ed9                	or	a3,a3,a4
    7004:	8ec1                	or	a3,a3,s0
    7006:	40f2                	lw	ra,28(sp)
    7008:	4462                	lw	s0,24(sp)
    700a:	44d2                	lw	s1,20(sp)
    700c:	4942                	lw	s2,16(sp)
    700e:	49b2                	lw	s3,12(sp)
    7010:	8542                	mv	a0,a6
    7012:	85b6                	mv	a1,a3
    7014:	6105                	addi	sp,sp,32
    7016:	8082                	ret
    7018:	0ab05663          	blez	a1,70c4 <__subdf3+0x230>
    701c:	12088a63          	beqz	a7,7150 <__subdf3+0x2bc>
    7020:	008007b7          	lui	a5,0x800
    7024:	8f5d                	or	a4,a4,a5
    7026:	2dc48763          	beq	s1,t3,72f4 <__subdf3+0x460>
    702a:	03800793          	li	a5,56
    702e:	18b7c763          	blt	a5,a1,71bc <__subdf3+0x328>
    7032:	47fd                	li	a5,31
    7034:	3cb7d263          	bge	a5,a1,73f8 <__subdf3+0x564>
    7038:	fe058813          	addi	a6,a1,-32 # ffe0 <_data_lma+0xd64>
    703c:	02000793          	li	a5,32
    7040:	010759b3          	srl	s3,a4,a6
    7044:	00f58a63          	beq	a1,a5,7058 <__subdf3+0x1c4>
    7048:	04000793          	li	a5,64
    704c:	40b785b3          	sub	a1,a5,a1
    7050:	00b71733          	sll	a4,a4,a1
    7054:	00eeeeb3          	or	t4,t4,a4
    7058:	01d03833          	snez	a6,t4
    705c:	01386833          	or	a6,a6,s3
    7060:	a295                	j	71c4 <__subdf3+0x330>
    7062:	01d767b3          	or	a5,a4,t4
    7066:	80148593          	addi	a1,s1,-2047
    706a:	e399                	bnez	a5,7070 <__subdf3+0x1dc>
    706c:	0016c693          	xori	a3,a3,1
    7070:	04d40a63          	beq	s0,a3,70c4 <__subdf3+0x230>
    7074:	e1d1                	bnez	a1,70f8 <__subdf3+0x264>
    7076:	00148793          	addi	a5,s1,1
    707a:	7fe7f793          	andi	a5,a5,2046
    707e:	1e079963          	bnez	a5,7270 <__subdf3+0x3dc>
    7082:	01e367b3          	or	a5,t1,t5
    7086:	01d76833          	or	a6,a4,t4
    708a:	16049263          	bnez	s1,71ee <__subdf3+0x35a>
    708e:	3c078263          	beqz	a5,7452 <__subdf3+0x5be>
    7092:	42081663          	bnez	a6,74be <__subdf3+0x62a>
    7096:	00351813          	slli	a6,a0,0x3
    709a:	01d31693          	slli	a3,t1,0x1d
    709e:	00385813          	srli	a6,a6,0x3
    70a2:	0106e833          	or	a6,a3,a6
    70a6:	00335793          	srli	a5,t1,0x3
    70aa:	a219                	j	71b0 <__subdf3+0x31c>
    70ac:	01d767b3          	or	a5,a4,t4
    70b0:	1a078563          	beqz	a5,725a <__subdf3+0x3c6>
    70b4:	fff58793          	addi	a5,a1,-1
    70b8:	3a078b63          	beqz	a5,746e <__subdf3+0x5da>
    70bc:	23c58c63          	beq	a1,t3,72f4 <__subdf3+0x460>
    70c0:	85be                	mv	a1,a5
    70c2:	b589                	j	6f04 <__subdf3+0x70>
    70c4:	1c059963          	bnez	a1,7296 <__subdf3+0x402>
    70c8:	00148693          	addi	a3,s1,1
    70cc:	7fe6f793          	andi	a5,a3,2046
    70d0:	efc1                	bnez	a5,7168 <__subdf3+0x2d4>
    70d2:	01e367b3          	or	a5,t1,t5
    70d6:	36049063          	bnez	s1,7436 <__subdf3+0x5a2>
    70da:	44078d63          	beqz	a5,7534 <__subdf3+0x6a0>
    70de:	01d767b3          	or	a5,a4,t4
    70e2:	46079463          	bnez	a5,754a <__subdf3+0x6b6>
    70e6:	050e                	slli	a0,a0,0x3
    70e8:	01d31813          	slli	a6,t1,0x1d
    70ec:	810d                	srli	a0,a0,0x3
    70ee:	00a86833          	or	a6,a6,a0
    70f2:	00335793          	srli	a5,t1,0x3
    70f6:	a86d                	j	71b0 <__subdf3+0x31c>
    70f8:	409885b3          	sub	a1,a7,s1
    70fc:	20049763          	bnez	s1,730a <__subdf3+0x476>
    7100:	01e367b3          	or	a5,t1,t5
    7104:	30078d63          	beqz	a5,741e <__subdf3+0x58a>
    7108:	fff58793          	addi	a5,a1,-1
    710c:	40078963          	beqz	a5,751e <__subdf3+0x68a>
    7110:	7ff00513          	li	a0,2047
    7114:	20a58363          	beq	a1,a0,731a <__subdf3+0x486>
    7118:	85be                	mv	a1,a5
    711a:	03800793          	li	a5,56
    711e:	2ab7c263          	blt	a5,a1,73c2 <__subdf3+0x52e>
    7122:	47fd                	li	a5,31
    7124:	3cb7c863          	blt	a5,a1,74f4 <__subdf3+0x660>
    7128:	02000793          	li	a5,32
    712c:	8f8d                	sub	a5,a5,a1
    712e:	00f31833          	sll	a6,t1,a5
    7132:	00bf5633          	srl	a2,t5,a1
    7136:	00ff17b3          	sll	a5,t5,a5
    713a:	00c86833          	or	a6,a6,a2
    713e:	00f039b3          	snez	s3,a5
    7142:	00b35333          	srl	t1,t1,a1
    7146:	01386833          	or	a6,a6,s3
    714a:	40670733          	sub	a4,a4,t1
    714e:	acb5                	j	73ca <__subdf3+0x536>
    7150:	01d767b3          	or	a5,a4,t4
    7154:	10078363          	beqz	a5,725a <__subdf3+0x3c6>
    7158:	fff58793          	addi	a5,a1,-1
    715c:	1e078f63          	beqz	a5,735a <__subdf3+0x4c6>
    7160:	2fc58063          	beq	a1,t3,7440 <__subdf3+0x5ac>
    7164:	85be                	mv	a1,a5
    7166:	b5d1                	j	702a <__subdf3+0x196>
    7168:	7ff00793          	li	a5,2047
    716c:	06f68b63          	beq	a3,a5,71e2 <__subdf3+0x34e>
    7170:	9efa                	add	t4,t4,t5
    7172:	01eeb633          	sltu	a2,t4,t5
    7176:	00e307b3          	add	a5,t1,a4
    717a:	97b2                	add	a5,a5,a2
    717c:	01f79813          	slli	a6,a5,0x1f
    7180:	001ede93          	srli	t4,t4,0x1
    7184:	01d869b3          	or	s3,a6,t4
    7188:	0017d613          	srli	a2,a5,0x1
    718c:	84b6                	mv	s1,a3
    718e:	0079f793          	andi	a5,s3,7
    7192:	e0079fe3          	bnez	a5,6fb0 <__subdf3+0x11c>
    7196:	01d61793          	slli	a5,a2,0x1d
    719a:	0039d813          	srli	a6,s3,0x3
    719e:	00f86833          	or	a6,a6,a5
    71a2:	85a6                	mv	a1,s1
    71a4:	00365793          	srli	a5,a2,0x3
    71a8:	7ff00713          	li	a4,2047
    71ac:	06e58063          	beq	a1,a4,720c <__subdf3+0x378>
    71b0:	07b2                	slli	a5,a5,0xc
    71b2:	83b1                	srli	a5,a5,0xc
    71b4:	7ff5f713          	andi	a4,a1,2047
    71b8:	8805                	andi	s0,s0,1
    71ba:	bd3d                	j	6ff8 <__subdf3+0x164>
    71bc:	01d76733          	or	a4,a4,t4
    71c0:	00e03833          	snez	a6,a4
    71c4:	01e809b3          	add	s3,a6,t5
    71c8:	01e9b7b3          	sltu	a5,s3,t5
    71cc:	00678633          	add	a2,a5,t1
    71d0:	00861793          	slli	a5,a2,0x8
    71d4:	fa07dde3          	bgez	a5,718e <__subdf3+0x2fa>
    71d8:	0485                	addi	s1,s1,1
    71da:	7ff00793          	li	a5,2047
    71de:	18f49c63          	bne	s1,a5,7376 <__subdf3+0x4e2>
    71e2:	8805                	andi	s0,s0,1
    71e4:	7ff00713          	li	a4,2047
    71e8:	4781                	li	a5,0
    71ea:	4801                	li	a6,0
    71ec:	b531                	j	6ff8 <__subdf3+0x164>
    71ee:	10079163          	bnez	a5,72f0 <__subdf3+0x45c>
    71f2:	3c080163          	beqz	a6,75b4 <__subdf3+0x720>
    71f6:	00361813          	slli	a6,a2,0x3
    71fa:	01d71793          	slli	a5,a4,0x1d
    71fe:	00385813          	srli	a6,a6,0x3
    7202:	00f86833          	or	a6,a6,a5
    7206:	8436                	mv	s0,a3
    7208:	00375793          	srli	a5,a4,0x3
    720c:	00f867b3          	or	a5,a6,a5
    7210:	dbe9                	beqz	a5,71e2 <__subdf3+0x34e>
    7212:	4401                	li	s0,0
    7214:	7ff00713          	li	a4,2047
    7218:	000807b7          	lui	a5,0x80
    721c:	4801                	li	a6,0
    721e:	bbe9                	j	6ff8 <__subdf3+0x164>
    7220:	ff800637          	lui	a2,0xff800
    7224:	167d                	addi	a2,a2,-1
    7226:	8e7d                	and	a2,a2,a5
    7228:	0079f793          	andi	a5,s3,7
    722c:	8c99                	sub	s1,s1,a4
    722e:	d80791e3          	bnez	a5,6fb0 <__subdf3+0x11c>
    7232:	b795                	j	7196 <__subdf3+0x302>
    7234:	854e                	mv	a0,s3
    7236:	77e010ef          	jal	ra,89b4 <__clzsi2>
    723a:	01850713          	addi	a4,a0,24
    723e:	47fd                	li	a5,31
    7240:	d2e7d2e3          	bge	a5,a4,6f64 <__subdf3+0xd0>
    7244:	ff850613          	addi	a2,a0,-8
    7248:	00c997b3          	sll	a5,s3,a2
    724c:	4981                	li	s3,0
    724e:	b32d                	j	6f78 <__subdf3+0xe4>
    7250:	01d76833          	or	a6,a4,t4
    7254:	01003833          	snez	a6,a6
    7258:	b1c5                	j	6f38 <__subdf3+0xa4>
    725a:	00351813          	slli	a6,a0,0x3
    725e:	01d31793          	slli	a5,t1,0x1d
    7262:	00385813          	srli	a6,a6,0x3
    7266:	00f86833          	or	a6,a6,a5
    726a:	00335793          	srli	a5,t1,0x3
    726e:	bf2d                	j	71a8 <__subdf3+0x314>
    7270:	41df09b3          	sub	s3,t5,t4
    7274:	40e30933          	sub	s2,t1,a4
    7278:	013f3633          	sltu	a2,t5,s3
    727c:	40c90933          	sub	s2,s2,a2
    7280:	00891793          	slli	a5,s2,0x8
    7284:	2007ca63          	bltz	a5,7498 <__subdf3+0x604>
    7288:	0129e833          	or	a6,s3,s2
    728c:	cc0815e3          	bnez	a6,6f56 <__subdf3+0xc2>
    7290:	4781                	li	a5,0
    7292:	4401                	li	s0,0
    7294:	bf31                	j	71b0 <__subdf3+0x31c>
    7296:	409885b3          	sub	a1,a7,s1
    729a:	14048163          	beqz	s1,73dc <__subdf3+0x548>
    729e:	008006b7          	lui	a3,0x800
    72a2:	7ff00793          	li	a5,2047
    72a6:	00d36333          	or	t1,t1,a3
    72aa:	20f88163          	beq	a7,a5,74ac <__subdf3+0x618>
    72ae:	03800793          	li	a5,56
    72b2:	22b7cc63          	blt	a5,a1,74ea <__subdf3+0x656>
    72b6:	47fd                	li	a5,31
    72b8:	2cb7c963          	blt	a5,a1,758a <__subdf3+0x6f6>
    72bc:	02000793          	li	a5,32
    72c0:	8f8d                	sub	a5,a5,a1
    72c2:	00f31833          	sll	a6,t1,a5
    72c6:	00bf56b3          	srl	a3,t5,a1
    72ca:	00ff17b3          	sll	a5,t5,a5
    72ce:	00d86833          	or	a6,a6,a3
    72d2:	00f039b3          	snez	s3,a5
    72d6:	00b35333          	srl	t1,t1,a1
    72da:	01386833          	or	a6,a6,s3
    72de:	971a                	add	a4,a4,t1
    72e0:	01d809b3          	add	s3,a6,t4
    72e4:	01d9b7b3          	sltu	a5,s3,t4
    72e8:	00e78633          	add	a2,a5,a4
    72ec:	84c6                	mv	s1,a7
    72ee:	b5cd                	j	71d0 <__subdf3+0x33c>
    72f0:	f20811e3          	bnez	a6,7212 <__subdf3+0x37e>
    72f4:	00351813          	slli	a6,a0,0x3
    72f8:	01d31793          	slli	a5,t1,0x1d
    72fc:	00385813          	srli	a6,a6,0x3
    7300:	00f86833          	or	a6,a6,a5
    7304:	00335793          	srli	a5,t1,0x3
    7308:	b711                	j	720c <__subdf3+0x378>
    730a:	00800537          	lui	a0,0x800
    730e:	7ff00793          	li	a5,2047
    7312:	00a36333          	or	t1,t1,a0
    7316:	e0f892e3          	bne	a7,a5,711a <__subdf3+0x286>
    731a:	060e                	slli	a2,a2,0x3
    731c:	01d71813          	slli	a6,a4,0x1d
    7320:	820d                	srli	a2,a2,0x3
    7322:	00c86833          	or	a6,a6,a2
    7326:	00375793          	srli	a5,a4,0x3
    732a:	8436                	mv	s0,a3
    732c:	b5c5                	j	720c <__subdf3+0x378>
    732e:	1705                	addi	a4,a4,-31
    7330:	02000693          	li	a3,32
    7334:	00e7d733          	srl	a4,a5,a4
    7338:	00d60a63          	beq	a2,a3,734c <__subdf3+0x4b8>
    733c:	04000693          	li	a3,64
    7340:	40c68633          	sub	a2,a3,a2
    7344:	00c79633          	sll	a2,a5,a2
    7348:	00c9e9b3          	or	s3,s3,a2
    734c:	01303833          	snez	a6,s3
    7350:	00e869b3          	or	s3,a6,a4
    7354:	4601                	li	a2,0
    7356:	4481                	li	s1,0
    7358:	bd1d                	j	718e <__subdf3+0x2fa>
    735a:	01df09b3          	add	s3,t5,t4
    735e:	00e307b3          	add	a5,t1,a4
    7362:	01e9bf33          	sltu	t5,s3,t5
    7366:	01e78633          	add	a2,a5,t5
    736a:	00861793          	slli	a5,a2,0x8
    736e:	4485                	li	s1,1
    7370:	e007dfe3          	bgez	a5,718e <__subdf3+0x2fa>
    7374:	4489                	li	s1,2
    7376:	ff8007b7          	lui	a5,0xff800
    737a:	17fd                	addi	a5,a5,-1
    737c:	8ff1                	and	a5,a5,a2
    737e:	0019d713          	srli	a4,s3,0x1
    7382:	0019f813          	andi	a6,s3,1
    7386:	01076833          	or	a6,a4,a6
    738a:	01f79993          	slli	s3,a5,0x1f
    738e:	0109e9b3          	or	s3,s3,a6
    7392:	0017d613          	srli	a2,a5,0x1
    7396:	b911                	j	6faa <__subdf3+0x116>
    7398:	fe058813          	addi	a6,a1,-32
    739c:	02000793          	li	a5,32
    73a0:	010759b3          	srl	s3,a4,a6
    73a4:	00f58a63          	beq	a1,a5,73b8 <__subdf3+0x524>
    73a8:	04000793          	li	a5,64
    73ac:	40b785b3          	sub	a1,a5,a1
    73b0:	00b71733          	sll	a4,a4,a1
    73b4:	00eeeeb3          	or	t4,t4,a4
    73b8:	01d03833          	snez	a6,t4
    73bc:	01386833          	or	a6,a6,s3
    73c0:	bea5                	j	6f38 <__subdf3+0xa4>
    73c2:	01e36333          	or	t1,t1,t5
    73c6:	00603833          	snez	a6,t1
    73ca:	410e89b3          	sub	s3,t4,a6
    73ce:	013eb7b3          	sltu	a5,t4,s3
    73d2:	40f70633          	sub	a2,a4,a5
    73d6:	84c6                	mv	s1,a7
    73d8:	8436                	mv	s0,a3
    73da:	b6ad                	j	6f44 <__subdf3+0xb0>
    73dc:	01e367b3          	or	a5,t1,t5
    73e0:	18078763          	beqz	a5,756e <__subdf3+0x6da>
    73e4:	fff58793          	addi	a5,a1,-1
    73e8:	1c078c63          	beqz	a5,75c0 <__subdf3+0x72c>
    73ec:	7ff00693          	li	a3,2047
    73f0:	0ad58e63          	beq	a1,a3,74ac <__subdf3+0x618>
    73f4:	85be                	mv	a1,a5
    73f6:	bd65                	j	72ae <__subdf3+0x41a>
    73f8:	02000793          	li	a5,32
    73fc:	8f8d                	sub	a5,a5,a1
    73fe:	00bed9b3          	srl	s3,t4,a1
    7402:	00f71833          	sll	a6,a4,a5
    7406:	00fe9eb3          	sll	t4,t4,a5
    740a:	01386833          	or	a6,a6,s3
    740e:	00b75733          	srl	a4,a4,a1
    7412:	01d039b3          	snez	s3,t4
    7416:	01386833          	or	a6,a6,s3
    741a:	933a                	add	t1,t1,a4
    741c:	b365                	j	71c4 <__subdf3+0x330>
    741e:	00361813          	slli	a6,a2,0x3
    7422:	01d71793          	slli	a5,a4,0x1d
    7426:	00385813          	srli	a6,a6,0x3
    742a:	0107e833          	or	a6,a5,a6
    742e:	8436                	mv	s0,a3
    7430:	00375793          	srli	a5,a4,0x3
    7434:	bb95                	j	71a8 <__subdf3+0x314>
    7436:	cbbd                	beqz	a5,74ac <__subdf3+0x618>
    7438:	01d76733          	or	a4,a4,t4
    743c:	dc071be3          	bnez	a4,7212 <__subdf3+0x37e>
    7440:	050e                	slli	a0,a0,0x3
    7442:	01d31813          	slli	a6,t1,0x1d
    7446:	810d                	srli	a0,a0,0x3
    7448:	00a86833          	or	a6,a6,a0
    744c:	00335793          	srli	a5,t1,0x3
    7450:	bb75                	j	720c <__subdf3+0x378>
    7452:	e2080fe3          	beqz	a6,7290 <__subdf3+0x3fc>
    7456:	00361813          	slli	a6,a2,0x3
    745a:	01d71793          	slli	a5,a4,0x1d
    745e:	00385813          	srli	a6,a6,0x3
    7462:	00f86833          	or	a6,a6,a5
    7466:	8436                	mv	s0,a3
    7468:	00375793          	srli	a5,a4,0x3
    746c:	b391                	j	71b0 <__subdf3+0x31c>
    746e:	41df09b3          	sub	s3,t5,t4
    7472:	40e307b3          	sub	a5,t1,a4
    7476:	013f3f33          	sltu	t5,t5,s3
    747a:	41e78633          	sub	a2,a5,t5
    747e:	4485                	li	s1,1
    7480:	b4d1                	j	6f44 <__subdf3+0xb0>
    7482:	00351813          	slli	a6,a0,0x3
    7486:	01d31693          	slli	a3,t1,0x1d
    748a:	00385813          	srli	a6,a6,0x3
    748e:	0106e833          	or	a6,a3,a6
    7492:	00335793          	srli	a5,t1,0x3
    7496:	bb9d                	j	720c <__subdf3+0x378>
    7498:	41ee89b3          	sub	s3,t4,t5
    749c:	40670633          	sub	a2,a4,t1
    74a0:	013eb933          	sltu	s2,t4,s3
    74a4:	41260933          	sub	s2,a2,s2
    74a8:	8436                	mv	s0,a3
    74aa:	b475                	j	6f56 <__subdf3+0xc2>
    74ac:	060e                	slli	a2,a2,0x3
    74ae:	01d71813          	slli	a6,a4,0x1d
    74b2:	820d                	srli	a2,a2,0x3
    74b4:	00c86833          	or	a6,a6,a2
    74b8:	00375793          	srli	a5,a4,0x3
    74bc:	bb81                	j	720c <__subdf3+0x378>
    74be:	41df09b3          	sub	s3,t5,t4
    74c2:	40e307b3          	sub	a5,t1,a4
    74c6:	013f3633          	sltu	a2,t5,s3
    74ca:	40c78633          	sub	a2,a5,a2
    74ce:	00861793          	slli	a5,a2,0x8
    74d2:	0a07d763          	bgez	a5,7580 <__subdf3+0x6ec>
    74d6:	41ee89b3          	sub	s3,t4,t5
    74da:	406707b3          	sub	a5,a4,t1
    74de:	013ebeb3          	sltu	t4,t4,s3
    74e2:	41d78633          	sub	a2,a5,t4
    74e6:	8436                	mv	s0,a3
    74e8:	b4c9                	j	6faa <__subdf3+0x116>
    74ea:	01e36333          	or	t1,t1,t5
    74ee:	00603833          	snez	a6,t1
    74f2:	b3fd                	j	72e0 <__subdf3+0x44c>
    74f4:	fe058813          	addi	a6,a1,-32
    74f8:	02000793          	li	a5,32
    74fc:	010359b3          	srl	s3,t1,a6
    7500:	00f58a63          	beq	a1,a5,7514 <__subdf3+0x680>
    7504:	04000793          	li	a5,64
    7508:	40b785b3          	sub	a1,a5,a1
    750c:	00b31333          	sll	t1,t1,a1
    7510:	006f6f33          	or	t5,t5,t1
    7514:	01e03833          	snez	a6,t5
    7518:	01386833          	or	a6,a6,s3
    751c:	b57d                	j	73ca <__subdf3+0x536>
    751e:	41ee89b3          	sub	s3,t4,t5
    7522:	406707b3          	sub	a5,a4,t1
    7526:	013ebeb3          	sltu	t4,t4,s3
    752a:	41d78633          	sub	a2,a5,t4
    752e:	8436                	mv	s0,a3
    7530:	4485                	li	s1,1
    7532:	bc09                	j	6f44 <__subdf3+0xb0>
    7534:	00361813          	slli	a6,a2,0x3
    7538:	01d71793          	slli	a5,a4,0x1d
    753c:	00385813          	srli	a6,a6,0x3
    7540:	00f86833          	or	a6,a6,a5
    7544:	00375793          	srli	a5,a4,0x3
    7548:	b1a5                	j	71b0 <__subdf3+0x31c>
    754a:	01df09b3          	add	s3,t5,t4
    754e:	00e307b3          	add	a5,t1,a4
    7552:	01e9bf33          	sltu	t5,s3,t5
    7556:	01e78633          	add	a2,a5,t5
    755a:	00861793          	slli	a5,a2,0x8
    755e:	c207d8e3          	bgez	a5,718e <__subdf3+0x2fa>
    7562:	ff8007b7          	lui	a5,0xff800
    7566:	17fd                	addi	a5,a5,-1
    7568:	8e7d                	and	a2,a2,a5
    756a:	4485                	li	s1,1
    756c:	b10d                	j	718e <__subdf3+0x2fa>
    756e:	060e                	slli	a2,a2,0x3
    7570:	01d71813          	slli	a6,a4,0x1d
    7574:	820d                	srli	a2,a2,0x3
    7576:	00c86833          	or	a6,a6,a2
    757a:	00375793          	srli	a5,a4,0x3
    757e:	b12d                	j	71a8 <__subdf3+0x314>
    7580:	00c9e833          	or	a6,s3,a2
    7584:	d00806e3          	beqz	a6,7290 <__subdf3+0x3fc>
    7588:	b119                	j	718e <__subdf3+0x2fa>
    758a:	fe058813          	addi	a6,a1,-32
    758e:	02000793          	li	a5,32
    7592:	010359b3          	srl	s3,t1,a6
    7596:	00f58a63          	beq	a1,a5,75aa <__subdf3+0x716>
    759a:	04000793          	li	a5,64
    759e:	40b785b3          	sub	a1,a5,a1
    75a2:	00b31333          	sll	t1,t1,a1
    75a6:	006f6f33          	or	t5,t5,t1
    75aa:	01e03833          	snez	a6,t5
    75ae:	01386833          	or	a6,a6,s3
    75b2:	b33d                	j	72e0 <__subdf3+0x44c>
    75b4:	4401                	li	s0,0
    75b6:	7ff00713          	li	a4,2047
    75ba:	000807b7          	lui	a5,0x80
    75be:	bc2d                	j	6ff8 <__subdf3+0x164>
    75c0:	01df09b3          	add	s3,t5,t4
    75c4:	00e307b3          	add	a5,t1,a4
    75c8:	01d9beb3          	sltu	t4,s3,t4
    75cc:	01d78633          	add	a2,a5,t4
    75d0:	bb69                	j	736a <__subdf3+0x4d6>

000075d2 <__unorddf2>:
    75d2:	0145d713          	srli	a4,a1,0x14
    75d6:	001007b7          	lui	a5,0x100
    75da:	17fd                	addi	a5,a5,-1
    75dc:	fff74713          	not	a4,a4
    75e0:	0146d813          	srli	a6,a3,0x14
    75e4:	8dfd                	and	a1,a1,a5
    75e6:	8ff5                	and	a5,a5,a3
    75e8:	01571693          	slli	a3,a4,0x15
    75ec:	7ff87813          	andi	a6,a6,2047
    75f0:	ca99                	beqz	a3,7606 <__unorddf2+0x34>
    75f2:	7ff00713          	li	a4,2047
    75f6:	4501                	li	a0,0
    75f8:	00e80363          	beq	a6,a4,75fe <__unorddf2+0x2c>
    75fc:	8082                	ret
    75fe:	8fd1                	or	a5,a5,a2
    7600:	00f03533          	snez	a0,a5
    7604:	8082                	ret
    7606:	8dc9                	or	a1,a1,a0
    7608:	4505                	li	a0,1
    760a:	d5e5                	beqz	a1,75f2 <__unorddf2+0x20>
    760c:	8082                	ret

0000760e <__fixdfsi>:
    760e:	0145d793          	srli	a5,a1,0x14
    7612:	001006b7          	lui	a3,0x100
    7616:	fff68713          	addi	a4,a3,-1 # fffff <_data_lma+0xf0d83>
    761a:	7ff7f793          	andi	a5,a5,2047
    761e:	3fe00613          	li	a2,1022
    7622:	8f6d                	and	a4,a4,a1
    7624:	81fd                	srli	a1,a1,0x1f
    7626:	00f65c63          	bge	a2,a5,763e <__fixdfsi+0x30>
    762a:	41d00613          	li	a2,1053
    762e:	00f65a63          	bge	a2,a5,7642 <__fixdfsi+0x34>
    7632:	80000537          	lui	a0,0x80000
    7636:	fff54513          	not	a0,a0
    763a:	952e                	add	a0,a0,a1
    763c:	8082                	ret
    763e:	4501                	li	a0,0
    7640:	8082                	ret
    7642:	43300613          	li	a2,1075
    7646:	8e1d                	sub	a2,a2,a5
    7648:	487d                	li	a6,31
    764a:	8f55                	or	a4,a4,a3
    764c:	00c85d63          	bge	a6,a2,7666 <__fixdfsi+0x58>
    7650:	41300693          	li	a3,1043
    7654:	40f687b3          	sub	a5,a3,a5
    7658:	00f757b3          	srl	a5,a4,a5
    765c:	40f00533          	neg	a0,a5
    7660:	f1e5                	bnez	a1,7640 <__fixdfsi+0x32>
    7662:	853e                	mv	a0,a5
    7664:	8082                	ret
    7666:	bed78793          	addi	a5,a5,-1043 # ffbed <_data_lma+0xf0971>
    766a:	00f717b3          	sll	a5,a4,a5
    766e:	00c55533          	srl	a0,a0,a2
    7672:	8fc9                	or	a5,a5,a0
    7674:	b7e5                	j	765c <__fixdfsi+0x4e>

00007676 <__fixunsdfsi>:
    7676:	0145d793          	srli	a5,a1,0x14
    767a:	001006b7          	lui	a3,0x100
    767e:	fff68713          	addi	a4,a3,-1 # fffff <_data_lma+0xf0d83>
    7682:	7ff7f793          	andi	a5,a5,2047
    7686:	3fe00613          	li	a2,1022
    768a:	882a                	mv	a6,a0
    768c:	8f6d                	and	a4,a4,a1
    768e:	4501                	li	a0,0
    7690:	81fd                	srli	a1,a1,0x1f
    7692:	00f65463          	bge	a2,a5,769a <__fixunsdfsi+0x24>
    7696:	c199                	beqz	a1,769c <__fixunsdfsi+0x26>
    7698:	8082                	ret
    769a:	8082                	ret
    769c:	41e00613          	li	a2,1054
    76a0:	557d                	li	a0,-1
    76a2:	fef64be3          	blt	a2,a5,7698 <__fixunsdfsi+0x22>
    76a6:	43300513          	li	a0,1075
    76aa:	8d1d                	sub	a0,a0,a5
    76ac:	467d                	li	a2,31
    76ae:	8f55                	or	a4,a4,a3
    76b0:	00a64a63          	blt	a2,a0,76c4 <__fixunsdfsi+0x4e>
    76b4:	bed78793          	addi	a5,a5,-1043
    76b8:	00f71733          	sll	a4,a4,a5
    76bc:	00a85533          	srl	a0,a6,a0
    76c0:	8d59                	or	a0,a0,a4
    76c2:	8082                	ret
    76c4:	41300513          	li	a0,1043
    76c8:	40f507b3          	sub	a5,a0,a5
    76cc:	00f75533          	srl	a0,a4,a5
    76d0:	8082                	ret

000076d2 <__floatsidf>:
    76d2:	1141                	addi	sp,sp,-16
    76d4:	c606                	sw	ra,12(sp)
    76d6:	c422                	sw	s0,8(sp)
    76d8:	c226                	sw	s1,4(sp)
    76da:	cd0d                	beqz	a0,7714 <__floatsidf+0x42>
    76dc:	41f55793          	srai	a5,a0,0x1f
    76e0:	00a7c4b3          	xor	s1,a5,a0
    76e4:	8c9d                	sub	s1,s1,a5
    76e6:	842a                	mv	s0,a0
    76e8:	8526                	mv	a0,s1
    76ea:	2ca010ef          	jal	ra,89b4 <__clzsi2>
    76ee:	41e00693          	li	a3,1054
    76f2:	8e89                	sub	a3,a3,a0
    76f4:	47a9                	li	a5,10
    76f6:	807d                	srli	s0,s0,0x1f
    76f8:	7ff6f693          	andi	a3,a3,2047
    76fc:	02a7cd63          	blt	a5,a0,7736 <__floatsidf+0x64>
    7700:	472d                	li	a4,11
    7702:	8f09                	sub	a4,a4,a0
    7704:	00e4d7b3          	srl	a5,s1,a4
    7708:	0555                	addi	a0,a0,21
    770a:	07b2                	slli	a5,a5,0xc
    770c:	00a494b3          	sll	s1,s1,a0
    7710:	83b1                	srli	a5,a5,0xc
    7712:	a029                	j	771c <__floatsidf+0x4a>
    7714:	4401                	li	s0,0
    7716:	4681                	li	a3,0
    7718:	4781                	li	a5,0
    771a:	4481                	li	s1,0
    771c:	07b2                	slli	a5,a5,0xc
    771e:	06d2                	slli	a3,a3,0x14
    7720:	83b1                	srli	a5,a5,0xc
    7722:	047e                	slli	s0,s0,0x1f
    7724:	8fd5                	or	a5,a5,a3
    7726:	8fc1                	or	a5,a5,s0
    7728:	40b2                	lw	ra,12(sp)
    772a:	4422                	lw	s0,8(sp)
    772c:	8526                	mv	a0,s1
    772e:	85be                	mv	a1,a5
    7730:	4492                	lw	s1,4(sp)
    7732:	0141                	addi	sp,sp,16
    7734:	8082                	ret
    7736:	1555                	addi	a0,a0,-11
    7738:	00a497b3          	sll	a5,s1,a0
    773c:	07b2                	slli	a5,a5,0xc
    773e:	83b1                	srli	a5,a5,0xc
    7740:	4481                	li	s1,0
    7742:	bfe9                	j	771c <__floatsidf+0x4a>

00007744 <__floatunsidf>:
    7744:	cd1d                	beqz	a0,7782 <__floatunsidf+0x3e>
    7746:	1141                	addi	sp,sp,-16
    7748:	c422                	sw	s0,8(sp)
    774a:	c606                	sw	ra,12(sp)
    774c:	842a                	mv	s0,a0
    774e:	266010ef          	jal	ra,89b4 <__clzsi2>
    7752:	41e00693          	li	a3,1054
    7756:	8e89                	sub	a3,a3,a0
    7758:	47a9                	li	a5,10
    775a:	7ff6f693          	andi	a3,a3,2047
    775e:	02a7dc63          	bge	a5,a0,7796 <__floatunsidf+0x52>
    7762:	1555                	addi	a0,a0,-11
    7764:	00a417b3          	sll	a5,s0,a0
    7768:	07b2                	slli	a5,a5,0xc
    776a:	83b1                	srli	a5,a5,0xc
    776c:	4701                	li	a4,0
    776e:	40b2                	lw	ra,12(sp)
    7770:	4422                	lw	s0,8(sp)
    7772:	07b2                	slli	a5,a5,0xc
    7774:	06d2                	slli	a3,a3,0x14
    7776:	83b1                	srli	a5,a5,0xc
    7778:	8fd5                	or	a5,a5,a3
    777a:	853a                	mv	a0,a4
    777c:	85be                	mv	a1,a5
    777e:	0141                	addi	sp,sp,16
    7780:	8082                	ret
    7782:	4781                	li	a5,0
    7784:	4681                	li	a3,0
    7786:	07b2                	slli	a5,a5,0xc
    7788:	06d2                	slli	a3,a3,0x14
    778a:	83b1                	srli	a5,a5,0xc
    778c:	4701                	li	a4,0
    778e:	8fd5                	or	a5,a5,a3
    7790:	853a                	mv	a0,a4
    7792:	85be                	mv	a1,a5
    7794:	8082                	ret
    7796:	472d                	li	a4,11
    7798:	8f09                	sub	a4,a4,a0
    779a:	00e457b3          	srl	a5,s0,a4
    779e:	07b2                	slli	a5,a5,0xc
    77a0:	01550713          	addi	a4,a0,21 # 80000015 <_eusrstack+0x5fffb015>
    77a4:	00e41733          	sll	a4,s0,a4
    77a8:	83b1                	srli	a5,a5,0xc
    77aa:	b7d1                	j	776e <__floatunsidf+0x2a>

000077ac <__addsf3>:
    77ac:	1141                	addi	sp,sp,-16
    77ae:	00800737          	lui	a4,0x800
    77b2:	177d                	addi	a4,a4,-1
    77b4:	0175d813          	srli	a6,a1,0x17
    77b8:	c226                	sw	s1,4(sp)
    77ba:	01755493          	srli	s1,a0,0x17
    77be:	00a77333          	and	t1,a4,a0
    77c2:	0ff4f493          	andi	s1,s1,255
    77c6:	00b776b3          	and	a3,a4,a1
    77ca:	c04a                	sw	s2,0(sp)
    77cc:	0ff87813          	andi	a6,a6,255
    77d0:	01f55913          	srli	s2,a0,0x1f
    77d4:	c606                	sw	ra,12(sp)
    77d6:	c422                	sw	s0,8(sp)
    77d8:	81fd                	srli	a1,a1,0x1f
    77da:	879a                	mv	a5,t1
    77dc:	8526                	mv	a0,s1
    77de:	864a                	mv	a2,s2
    77e0:	00331e13          	slli	t3,t1,0x3
    77e4:	00369e93          	slli	t4,a3,0x3
    77e8:	410488b3          	sub	a7,s1,a6
    77ec:	0eb90a63          	beq	s2,a1,78e0 <__addsf3+0x134>
    77f0:	0d105063          	blez	a7,78b0 <__addsf3+0x104>
    77f4:	14080463          	beqz	a6,793c <__addsf3+0x190>
    77f8:	0ff00793          	li	a5,255
    77fc:	14f48b63          	beq	s1,a5,7952 <__addsf3+0x1a6>
    7800:	040007b7          	lui	a5,0x4000
    7804:	00feeeb3          	or	t4,t4,a5
    7808:	47ed                	li	a5,27
    780a:	2917c163          	blt	a5,a7,7a8c <__addsf3+0x2e0>
    780e:	02000793          	li	a5,32
    7812:	411787b3          	sub	a5,a5,a7
    7816:	00fe97b3          	sll	a5,t4,a5
    781a:	011ed8b3          	srl	a7,t4,a7
    781e:	00f037b3          	snez	a5,a5
    7822:	00f8e7b3          	or	a5,a7,a5
    7826:	40fe07b3          	sub	a5,t3,a5
    782a:	00579713          	slli	a4,a5,0x5
    782e:	18075e63          	bgez	a4,79ca <__addsf3+0x21e>
    7832:	04000437          	lui	s0,0x4000
    7836:	147d                	addi	s0,s0,-1
    7838:	8c7d                	and	s0,s0,a5
    783a:	8522                	mv	a0,s0
    783c:	178010ef          	jal	ra,89b4 <__clzsi2>
    7840:	156d                	addi	a0,a0,-5
    7842:	00a417b3          	sll	a5,s0,a0
    7846:	1a954863          	blt	a0,s1,79f6 <__addsf3+0x24a>
    784a:	8d05                	sub	a0,a0,s1
    784c:	00150413          	addi	s0,a0,1
    7850:	02000713          	li	a4,32
    7854:	8f01                	sub	a4,a4,s0
    7856:	00e79733          	sll	a4,a5,a4
    785a:	00e03733          	snez	a4,a4
    785e:	0087d7b3          	srl	a5,a5,s0
    7862:	8fd9                	or	a5,a5,a4
    7864:	4481                	li	s1,0
    7866:	0077f713          	andi	a4,a5,7
    786a:	c719                	beqz	a4,7878 <__addsf3+0xcc>
    786c:	00f7f713          	andi	a4,a5,15
    7870:	4691                	li	a3,4
    7872:	00d70363          	beq	a4,a3,7878 <__addsf3+0xcc>
    7876:	0791                	addi	a5,a5,4
    7878:	00579713          	slli	a4,a5,0x5
    787c:	14075b63          	bgez	a4,79d2 <__addsf3+0x226>
    7880:	0485                	addi	s1,s1,1
    7882:	0ff00713          	li	a4,255
    7886:	864a                	mv	a2,s2
    7888:	16e48363          	beq	s1,a4,79ee <__addsf3+0x242>
    788c:	079a                	slli	a5,a5,0x6
    788e:	83a5                	srli	a5,a5,0x9
    7890:	0ff4f513          	andi	a0,s1,255
    7894:	40b2                	lw	ra,12(sp)
    7896:	4422                	lw	s0,8(sp)
    7898:	07a6                	slli	a5,a5,0x9
    789a:	01751493          	slli	s1,a0,0x17
    789e:	0097d513          	srli	a0,a5,0x9
    78a2:	8d45                	or	a0,a0,s1
    78a4:	067e                	slli	a2,a2,0x1f
    78a6:	4492                	lw	s1,4(sp)
    78a8:	4902                	lw	s2,0(sp)
    78aa:	8d51                	or	a0,a0,a2
    78ac:	0141                	addi	sp,sp,16
    78ae:	8082                	ret
    78b0:	0a089963          	bnez	a7,7962 <__addsf3+0x1b6>
    78b4:	00148713          	addi	a4,s1,1
    78b8:	0fe77713          	andi	a4,a4,254
    78bc:	14071763          	bnez	a4,7a0a <__addsf3+0x25e>
    78c0:	22049063          	bnez	s1,7ae0 <__addsf3+0x334>
    78c4:	1e0e0d63          	beqz	t3,7abe <__addsf3+0x312>
    78c8:	fc0e86e3          	beqz	t4,7894 <__addsf3+0xe8>
    78cc:	41de07b3          	sub	a5,t3,t4
    78d0:	00579713          	slli	a4,a5,0x5
    78d4:	22075063          	bgez	a4,7af4 <__addsf3+0x348>
    78d8:	41ce87b3          	sub	a5,t4,t3
    78dc:	892e                	mv	s2,a1
    78de:	b761                	j	7866 <__addsf3+0xba>
    78e0:	0b105c63          	blez	a7,7998 <__addsf3+0x1ec>
    78e4:	08080e63          	beqz	a6,7980 <__addsf3+0x1d4>
    78e8:	0ff00793          	li	a5,255
    78ec:	06f48363          	beq	s1,a5,7952 <__addsf3+0x1a6>
    78f0:	040007b7          	lui	a5,0x4000
    78f4:	00feeeb3          	or	t4,t4,a5
    78f8:	47ed                	li	a5,27
    78fa:	1f17c963          	blt	a5,a7,7aec <__addsf3+0x340>
    78fe:	02000793          	li	a5,32
    7902:	411787b3          	sub	a5,a5,a7
    7906:	00fe97b3          	sll	a5,t4,a5
    790a:	011ed8b3          	srl	a7,t4,a7
    790e:	00f037b3          	snez	a5,a5
    7912:	00f8e7b3          	or	a5,a7,a5
    7916:	97f2                	add	a5,a5,t3
    7918:	00579713          	slli	a4,a5,0x5
    791c:	0a075763          	bgez	a4,79ca <__addsf3+0x21e>
    7920:	0485                	addi	s1,s1,1
    7922:	0ff00713          	li	a4,255
    7926:	0ce48463          	beq	s1,a4,79ee <__addsf3+0x242>
    792a:	7e0006b7          	lui	a3,0x7e000
    792e:	0017d713          	srli	a4,a5,0x1
    7932:	16fd                	addi	a3,a3,-1
    7934:	8b85                	andi	a5,a5,1
    7936:	8f75                	and	a4,a4,a3
    7938:	8fd9                	or	a5,a5,a4
    793a:	b735                	j	7866 <__addsf3+0xba>
    793c:	080e8d63          	beqz	t4,79d6 <__addsf3+0x22a>
    7940:	18fd                	addi	a7,a7,-1
    7942:	41de07b3          	sub	a5,t3,t4
    7946:	ee0882e3          	beqz	a7,782a <__addsf3+0x7e>
    794a:	0ff00793          	li	a5,255
    794e:	eaf49de3          	bne	s1,a5,7808 <__addsf3+0x5c>
    7952:	08030d63          	beqz	t1,79ec <__addsf3+0x240>
    7956:	4601                	li	a2,0
    7958:	0ff00513          	li	a0,255
    795c:	004007b7          	lui	a5,0x400
    7960:	bf15                	j	7894 <__addsf3+0xe8>
    7962:	40980733          	sub	a4,a6,s1
    7966:	e8ed                	bnez	s1,7a58 <__addsf3+0x2ac>
    7968:	140e0263          	beqz	t3,7aac <__addsf3+0x300>
    796c:	177d                	addi	a4,a4,-1
    796e:	18070863          	beqz	a4,7afe <__addsf3+0x352>
    7972:	0ff00793          	li	a5,255
    7976:	0ef81963          	bne	a6,a5,7a68 <__addsf3+0x2bc>
    797a:	892e                	mv	s2,a1
    797c:	8336                	mv	t1,a3
    797e:	bfd1                	j	7952 <__addsf3+0x1a6>
    7980:	040e8b63          	beqz	t4,79d6 <__addsf3+0x22a>
    7984:	18fd                	addi	a7,a7,-1
    7986:	01de07b3          	add	a5,t3,t4
    798a:	f80887e3          	beqz	a7,7918 <__addsf3+0x16c>
    798e:	0ff00793          	li	a5,255
    7992:	f6f493e3          	bne	s1,a5,78f8 <__addsf3+0x14c>
    7996:	bf75                	j	7952 <__addsf3+0x1a6>
    7998:	08089563          	bnez	a7,7a22 <__addsf3+0x276>
    799c:	0485                	addi	s1,s1,1
    799e:	0fe4f713          	andi	a4,s1,254
    79a2:	12071363          	bnez	a4,7ac8 <__addsf3+0x31c>
    79a6:	10051763          	bnez	a0,7ab4 <__addsf3+0x308>
    79aa:	140e0f63          	beqz	t3,7b08 <__addsf3+0x35c>
    79ae:	ee0e83e3          	beqz	t4,7894 <__addsf3+0xe8>
    79b2:	01de07b3          	add	a5,t3,t4
    79b6:	00579713          	slli	a4,a5,0x5
    79ba:	4481                	li	s1,0
    79bc:	00075763          	bgez	a4,79ca <__addsf3+0x21e>
    79c0:	fc000737          	lui	a4,0xfc000
    79c4:	177d                	addi	a4,a4,-1
    79c6:	8ff9                	and	a5,a5,a4
    79c8:	4485                	li	s1,1
    79ca:	0077f713          	andi	a4,a5,7
    79ce:	e8071fe3          	bnez	a4,786c <__addsf3+0xc0>
    79d2:	0037d313          	srli	t1,a5,0x3
    79d6:	0ff00793          	li	a5,255
    79da:	f6f48ce3          	beq	s1,a5,7952 <__addsf3+0x1a6>
    79de:	00931793          	slli	a5,t1,0x9
    79e2:	83a5                	srli	a5,a5,0x9
    79e4:	0ff4f513          	andi	a0,s1,255
    79e8:	864a                	mv	a2,s2
    79ea:	b56d                	j	7894 <__addsf3+0xe8>
    79ec:	864a                	mv	a2,s2
    79ee:	0ff00513          	li	a0,255
    79f2:	4781                	li	a5,0
    79f4:	b545                	j	7894 <__addsf3+0xe8>
    79f6:	fc000737          	lui	a4,0xfc000
    79fa:	177d                	addi	a4,a4,-1
    79fc:	8ff9                	and	a5,a5,a4
    79fe:	0077f713          	andi	a4,a5,7
    7a02:	8c89                	sub	s1,s1,a0
    7a04:	e60714e3          	bnez	a4,786c <__addsf3+0xc0>
    7a08:	b7e9                	j	79d2 <__addsf3+0x226>
    7a0a:	41de0433          	sub	s0,t3,t4
    7a0e:	00541793          	slli	a5,s0,0x5
    7a12:	0c07c363          	bltz	a5,7ad8 <__addsf3+0x32c>
    7a16:	e20412e3          	bnez	s0,783a <__addsf3+0x8e>
    7a1a:	4601                	li	a2,0
    7a1c:	4501                	li	a0,0
    7a1e:	4781                	li	a5,0
    7a20:	bd95                	j	7894 <__addsf3+0xe8>
    7a22:	40980733          	sub	a4,a6,s1
    7a26:	c4ad                	beqz	s1,7a90 <__addsf3+0x2e4>
    7a28:	0ff00793          	li	a5,255
    7a2c:	f4f808e3          	beq	a6,a5,797c <__addsf3+0x1d0>
    7a30:	040007b7          	lui	a5,0x4000
    7a34:	00fe6e33          	or	t3,t3,a5
    7a38:	47ed                	li	a5,27
    7a3a:	0ce7cc63          	blt	a5,a4,7b12 <__addsf3+0x366>
    7a3e:	02000793          	li	a5,32
    7a42:	8f99                	sub	a5,a5,a4
    7a44:	00fe17b3          	sll	a5,t3,a5
    7a48:	00ee5733          	srl	a4,t3,a4
    7a4c:	00f037b3          	snez	a5,a5
    7a50:	8fd9                	or	a5,a5,a4
    7a52:	97f6                	add	a5,a5,t4
    7a54:	84c2                	mv	s1,a6
    7a56:	b5c9                	j	7918 <__addsf3+0x16c>
    7a58:	0ff00793          	li	a5,255
    7a5c:	f0f80fe3          	beq	a6,a5,797a <__addsf3+0x1ce>
    7a60:	040007b7          	lui	a5,0x4000
    7a64:	00fe6e33          	or	t3,t3,a5
    7a68:	47ed                	li	a5,27
    7a6a:	08e7c363          	blt	a5,a4,7af0 <__addsf3+0x344>
    7a6e:	02000693          	li	a3,32
    7a72:	8e99                	sub	a3,a3,a4
    7a74:	00de16b3          	sll	a3,t3,a3
    7a78:	00ee57b3          	srl	a5,t3,a4
    7a7c:	00d03733          	snez	a4,a3
    7a80:	8fd9                	or	a5,a5,a4
    7a82:	40fe87b3          	sub	a5,t4,a5
    7a86:	84c2                	mv	s1,a6
    7a88:	892e                	mv	s2,a1
    7a8a:	b345                	j	782a <__addsf3+0x7e>
    7a8c:	4785                	li	a5,1
    7a8e:	bb61                	j	7826 <__addsf3+0x7a>
    7a90:	060e0e63          	beqz	t3,7b0c <__addsf3+0x360>
    7a94:	177d                	addi	a4,a4,-1
    7a96:	01de07b3          	add	a5,t3,t4
    7a9a:	84c2                	mv	s1,a6
    7a9c:	e6070ee3          	beqz	a4,7918 <__addsf3+0x16c>
    7aa0:	0ff00793          	li	a5,255
    7aa4:	f8f81ae3          	bne	a6,a5,7a38 <__addsf3+0x28c>
    7aa8:	8336                	mv	t1,a3
    7aaa:	b565                	j	7952 <__addsf3+0x1a6>
    7aac:	8336                	mv	t1,a3
    7aae:	84c2                	mv	s1,a6
    7ab0:	892e                	mv	s2,a1
    7ab2:	b715                	j	79d6 <__addsf3+0x22a>
    7ab4:	ec0e04e3          	beqz	t3,797c <__addsf3+0x1d0>
    7ab8:	e80e8de3          	beqz	t4,7952 <__addsf3+0x1a6>
    7abc:	bd69                	j	7956 <__addsf3+0x1aa>
    7abe:	020e8d63          	beqz	t4,7af8 <__addsf3+0x34c>
    7ac2:	862e                	mv	a2,a1
    7ac4:	87b6                	mv	a5,a3
    7ac6:	b3f9                	j	7894 <__addsf3+0xe8>
    7ac8:	0ff00793          	li	a5,255
    7acc:	f2f481e3          	beq	s1,a5,79ee <__addsf3+0x242>
    7ad0:	01de07b3          	add	a5,t3,t4
    7ad4:	8385                	srli	a5,a5,0x1
    7ad6:	bdd5                	j	79ca <__addsf3+0x21e>
    7ad8:	41ce8433          	sub	s0,t4,t3
    7adc:	892e                	mv	s2,a1
    7ade:	bbb1                	j	783a <__addsf3+0x8e>
    7ae0:	fc0e1ce3          	bnez	t3,7ab8 <__addsf3+0x30c>
    7ae4:	e60e89e3          	beqz	t4,7956 <__addsf3+0x1aa>
    7ae8:	892e                	mv	s2,a1
    7aea:	bd49                	j	797c <__addsf3+0x1d0>
    7aec:	4785                	li	a5,1
    7aee:	b525                	j	7916 <__addsf3+0x16a>
    7af0:	4785                	li	a5,1
    7af2:	bf41                	j	7a82 <__addsf3+0x2d6>
    7af4:	ec079be3          	bnez	a5,79ca <__addsf3+0x21e>
    7af8:	4601                	li	a2,0
    7afa:	4781                	li	a5,0
    7afc:	bb61                	j	7894 <__addsf3+0xe8>
    7afe:	41ce87b3          	sub	a5,t4,t3
    7b02:	84c2                	mv	s1,a6
    7b04:	892e                	mv	s2,a1
    7b06:	b315                	j	782a <__addsf3+0x7e>
    7b08:	87b6                	mv	a5,a3
    7b0a:	b369                	j	7894 <__addsf3+0xe8>
    7b0c:	8336                	mv	t1,a3
    7b0e:	84c2                	mv	s1,a6
    7b10:	b5d9                	j	79d6 <__addsf3+0x22a>
    7b12:	4785                	li	a5,1
    7b14:	bf3d                	j	7a52 <__addsf3+0x2a6>

00007b16 <__divsf3>:
    7b16:	7139                	addi	sp,sp,-64
    7b18:	01755793          	srli	a5,a0,0x17
    7b1c:	d84a                	sw	s2,48(sp)
    7b1e:	d256                	sw	s5,36(sp)
    7b20:	ce5e                	sw	s7,28(sp)
    7b22:	00951a93          	slli	s5,a0,0x9
    7b26:	01f55913          	srli	s2,a0,0x1f
    7b2a:	de06                	sw	ra,60(sp)
    7b2c:	dc22                	sw	s0,56(sp)
    7b2e:	da26                	sw	s1,52(sp)
    7b30:	d64e                	sw	s3,44(sp)
    7b32:	d452                	sw	s4,40(sp)
    7b34:	d05a                	sw	s6,32(sp)
    7b36:	0ff7f793          	andi	a5,a5,255
    7b3a:	009ada93          	srli	s5,s5,0x9
    7b3e:	8bca                	mv	s7,s2
    7b40:	12078263          	beqz	a5,7c64 <__divsf3+0x14e>
    7b44:	0ff00713          	li	a4,255
    7b48:	12e78463          	beq	a5,a4,7c70 <__divsf3+0x15a>
    7b4c:	0a8e                	slli	s5,s5,0x3
    7b4e:	04000737          	lui	a4,0x4000
    7b52:	00eaeab3          	or	s5,s5,a4
    7b56:	f8178a13          	addi	s4,a5,-127 # 3ffff81 <_data_lma+0x3ff0d05>
    7b5a:	4401                	li	s0,0
    7b5c:	4b01                	li	s6,0
    7b5e:	0175d793          	srli	a5,a1,0x17
    7b62:	00959493          	slli	s1,a1,0x9
    7b66:	0ff7f793          	andi	a5,a5,255
    7b6a:	80a5                	srli	s1,s1,0x9
    7b6c:	01f5d993          	srli	s3,a1,0x1f
    7b70:	c7fd                	beqz	a5,7c5e <__divsf3+0x148>
    7b72:	0ff00713          	li	a4,255
    7b76:	02e78763          	beq	a5,a4,7ba4 <__divsf3+0x8e>
    7b7a:	048e                	slli	s1,s1,0x3
    7b7c:	f8178793          	addi	a5,a5,-127
    7b80:	04000737          	lui	a4,0x4000
    7b84:	8cd9                	or	s1,s1,a4
    7b86:	40fa0a33          	sub	s4,s4,a5
    7b8a:	4681                	li	a3,0
    7b8c:	8c55                	or	s0,s0,a3
    7b8e:	00007717          	auipc	a4,0x7
    7b92:	1f270713          	addi	a4,a4,498 # ed80 <TWO52+0xa0>
    7b96:	040a                	slli	s0,s0,0x2
    7b98:	943a                	add	s0,s0,a4
    7b9a:	401c                	lw	a5,0(s0)
    7b9c:	01394933          	xor	s2,s2,s3
    7ba0:	97ba                	add	a5,a5,a4
    7ba2:	8782                	jr	a5
    7ba4:	f01a0a13          	addi	s4,s4,-255
    7ba8:	e8f9                	bnez	s1,7c7e <__divsf3+0x168>
    7baa:	4689                	li	a3,2
    7bac:	8c55                	or	s0,s0,a3
    7bae:	00007717          	auipc	a4,0x7
    7bb2:	21270713          	addi	a4,a4,530 # edc0 <TWO52+0xe0>
    7bb6:	040a                	slli	s0,s0,0x2
    7bb8:	943a                	add	s0,s0,a4
    7bba:	401c                	lw	a5,0(s0)
    7bbc:	01394933          	xor	s2,s2,s3
    7bc0:	97ba                	add	a5,a5,a4
    7bc2:	8782                	jr	a5
    7bc4:	4901                	li	s2,0
    7bc6:	0ff00713          	li	a4,255
    7bca:	004007b7          	lui	a5,0x400
    7bce:	00979513          	slli	a0,a5,0x9
    7bd2:	50f2                	lw	ra,60(sp)
    7bd4:	5462                	lw	s0,56(sp)
    7bd6:	01771793          	slli	a5,a4,0x17
    7bda:	8125                	srli	a0,a0,0x9
    7bdc:	097e                	slli	s2,s2,0x1f
    7bde:	8d5d                	or	a0,a0,a5
    7be0:	01256533          	or	a0,a0,s2
    7be4:	54d2                	lw	s1,52(sp)
    7be6:	5942                	lw	s2,48(sp)
    7be8:	59b2                	lw	s3,44(sp)
    7bea:	5a22                	lw	s4,40(sp)
    7bec:	5a92                	lw	s5,36(sp)
    7bee:	5b02                	lw	s6,32(sp)
    7bf0:	4bf2                	lw	s7,28(sp)
    7bf2:	6121                	addi	sp,sp,64
    7bf4:	8082                	ret
    7bf6:	0ff00713          	li	a4,255
    7bfa:	4781                	li	a5,0
    7bfc:	bfc9                	j	7bce <__divsf3+0xb8>
    7bfe:	8aa6                	mv	s5,s1
    7c00:	8bce                	mv	s7,s3
    7c02:	8b36                	mv	s6,a3
    7c04:	4789                	li	a5,2
    7c06:	1afb0b63          	beq	s6,a5,7dbc <__divsf3+0x2a6>
    7c0a:	478d                	li	a5,3
    7c0c:	fafb0ce3          	beq	s6,a5,7bc4 <__divsf3+0xae>
    7c10:	4785                	li	a5,1
    7c12:	0afb0a63          	beq	s6,a5,7cc6 <__divsf3+0x1b0>
    7c16:	07fa0713          	addi	a4,s4,127
    7c1a:	001bf913          	andi	s2,s7,1
    7c1e:	12e05763          	blez	a4,7d4c <__divsf3+0x236>
    7c22:	007af793          	andi	a5,s5,7
    7c26:	c799                	beqz	a5,7c34 <__divsf3+0x11e>
    7c28:	00faf793          	andi	a5,s5,15
    7c2c:	4691                	li	a3,4
    7c2e:	00d78363          	beq	a5,a3,7c34 <__divsf3+0x11e>
    7c32:	0a91                	addi	s5,s5,4
    7c34:	004a9793          	slli	a5,s5,0x4
    7c38:	0007d963          	bgez	a5,7c4a <__divsf3+0x134>
    7c3c:	f80007b7          	lui	a5,0xf8000
    7c40:	17fd                	addi	a5,a5,-1
    7c42:	00fafab3          	and	s5,s5,a5
    7c46:	080a0713          	addi	a4,s4,128
    7c4a:	0fe00793          	li	a5,254
    7c4e:	fae7c4e3          	blt	a5,a4,7bf6 <__divsf3+0xe0>
    7c52:	006a9793          	slli	a5,s5,0x6
    7c56:	83a5                	srli	a5,a5,0x9
    7c58:	0ff77713          	andi	a4,a4,255
    7c5c:	bf8d                	j	7bce <__divsf3+0xb8>
    7c5e:	e4b9                	bnez	s1,7cac <__divsf3+0x196>
    7c60:	4685                	li	a3,1
    7c62:	b7a9                	j	7bac <__divsf3+0x96>
    7c64:	020a9463          	bnez	s5,7c8c <__divsf3+0x176>
    7c68:	4411                	li	s0,4
    7c6a:	4a01                	li	s4,0
    7c6c:	4b05                	li	s6,1
    7c6e:	bdc5                	j	7b5e <__divsf3+0x48>
    7c70:	000a9963          	bnez	s5,7c82 <__divsf3+0x16c>
    7c74:	4421                	li	s0,8
    7c76:	0ff00a13          	li	s4,255
    7c7a:	4b09                	li	s6,2
    7c7c:	b5cd                	j	7b5e <__divsf3+0x48>
    7c7e:	468d                	li	a3,3
    7c80:	b731                	j	7b8c <__divsf3+0x76>
    7c82:	4431                	li	s0,12
    7c84:	0ff00a13          	li	s4,255
    7c88:	4b0d                	li	s6,3
    7c8a:	bdd1                	j	7b5e <__divsf3+0x48>
    7c8c:	8556                	mv	a0,s5
    7c8e:	c62e                	sw	a1,12(sp)
    7c90:	525000ef          	jal	ra,89b4 <__clzsi2>
    7c94:	ffb50793          	addi	a5,a0,-5
    7c98:	00fa9ab3          	sll	s5,s5,a5
    7c9c:	f8a00793          	li	a5,-118
    7ca0:	40a78a33          	sub	s4,a5,a0
    7ca4:	4401                	li	s0,0
    7ca6:	4b01                	li	s6,0
    7ca8:	45b2                	lw	a1,12(sp)
    7caa:	bd55                	j	7b5e <__divsf3+0x48>
    7cac:	8526                	mv	a0,s1
    7cae:	507000ef          	jal	ra,89b4 <__clzsi2>
    7cb2:	ffb50713          	addi	a4,a0,-5
    7cb6:	00aa07b3          	add	a5,s4,a0
    7cba:	00e494b3          	sll	s1,s1,a4
    7cbe:	07678a13          	addi	s4,a5,118 # f8000076 <_eusrstack+0xd7ffb076>
    7cc2:	4681                	li	a3,0
    7cc4:	b5e1                	j	7b8c <__divsf3+0x76>
    7cc6:	001bf913          	andi	s2,s7,1
    7cca:	4701                	li	a4,0
    7ccc:	4781                	li	a5,0
    7cce:	b701                	j	7bce <__divsf3+0xb8>
    7cd0:	6641                	lui	a2,0x10
    7cd2:	00549513          	slli	a0,s1,0x5
    7cd6:	167d                	addi	a2,a2,-1
    7cd8:	01055793          	srli	a5,a0,0x10
    7cdc:	8e69                	and	a2,a2,a0
    7cde:	0a9afa63          	bgeu	s5,s1,7d92 <__divsf3+0x27c>
    7ce2:	02fad5b3          	divu	a1,s5,a5
    7ce6:	1a7d                	addi	s4,s4,-1
    7ce8:	86d6                	mv	a3,s5
    7cea:	4701                	li	a4,0
    7cec:	02c58833          	mul	a6,a1,a2
    7cf0:	02f6f6b3          	remu	a3,a3,a5
    7cf4:	06c2                	slli	a3,a3,0x10
    7cf6:	8f55                	or	a4,a4,a3
    7cf8:	01077b63          	bgeu	a4,a6,7d0e <__divsf3+0x1f8>
    7cfc:	972a                	add	a4,a4,a0
    7cfe:	fff58693          	addi	a3,a1,-1
    7d02:	0aa76863          	bltu	a4,a0,7db2 <__divsf3+0x29c>
    7d06:	0b077663          	bgeu	a4,a6,7db2 <__divsf3+0x29c>
    7d0a:	15f9                	addi	a1,a1,-2
    7d0c:	972a                	add	a4,a4,a0
    7d0e:	41070733          	sub	a4,a4,a6
    7d12:	02f756b3          	divu	a3,a4,a5
    7d16:	02f77733          	remu	a4,a4,a5
    7d1a:	02c68ab3          	mul	s5,a3,a2
    7d1e:	01071793          	slli	a5,a4,0x10
    7d22:	0157fb63          	bgeu	a5,s5,7d38 <__divsf3+0x222>
    7d26:	97aa                	add	a5,a5,a0
    7d28:	fff68713          	addi	a4,a3,-1 # 7dffffff <_eusrstack+0x5dffafff>
    7d2c:	08a7e163          	bltu	a5,a0,7dae <__divsf3+0x298>
    7d30:	0757ff63          	bgeu	a5,s5,7dae <__divsf3+0x298>
    7d34:	16f9                	addi	a3,a3,-2
    7d36:	97aa                	add	a5,a5,a0
    7d38:	05c2                	slli	a1,a1,0x10
    7d3a:	41578ab3          	sub	s5,a5,s5
    7d3e:	8dd5                	or	a1,a1,a3
    7d40:	01503ab3          	snez	s5,s5
    7d44:	0155eab3          	or	s5,a1,s5
    7d48:	8bca                	mv	s7,s2
    7d4a:	b5f1                	j	7c16 <__divsf3+0x100>
    7d4c:	4685                	li	a3,1
    7d4e:	8e99                	sub	a3,a3,a4
    7d50:	c711                	beqz	a4,7d5c <__divsf3+0x246>
    7d52:	466d                	li	a2,27
    7d54:	4701                	li	a4,0
    7d56:	4781                	li	a5,0
    7d58:	e6d64be3          	blt	a2,a3,7bce <__divsf3+0xb8>
    7d5c:	09ea0a13          	addi	s4,s4,158
    7d60:	014a9a33          	sll	s4,s5,s4
    7d64:	00dad7b3          	srl	a5,s5,a3
    7d68:	01403ab3          	snez	s5,s4
    7d6c:	0157e7b3          	or	a5,a5,s5
    7d70:	0077f713          	andi	a4,a5,7
    7d74:	c719                	beqz	a4,7d82 <__divsf3+0x26c>
    7d76:	00f7f713          	andi	a4,a5,15
    7d7a:	4691                	li	a3,4
    7d7c:	00d70363          	beq	a4,a3,7d82 <__divsf3+0x26c>
    7d80:	0791                	addi	a5,a5,4
    7d82:	00579713          	slli	a4,a5,0x5
    7d86:	02074863          	bltz	a4,7db6 <__divsf3+0x2a0>
    7d8a:	079a                	slli	a5,a5,0x6
    7d8c:	83a5                	srli	a5,a5,0x9
    7d8e:	4701                	li	a4,0
    7d90:	bd3d                	j	7bce <__divsf3+0xb8>
    7d92:	001ad693          	srli	a3,s5,0x1
    7d96:	02f6d5b3          	divu	a1,a3,a5
    7d9a:	01fa9713          	slli	a4,s5,0x1f
    7d9e:	8341                	srli	a4,a4,0x10
    7da0:	02c58833          	mul	a6,a1,a2
    7da4:	b7b1                	j	7cf0 <__divsf3+0x1da>
    7da6:	8bce                	mv	s7,s3
    7da8:	8b36                	mv	s6,a3
    7daa:	4a81                	li	s5,0
    7dac:	bda1                	j	7c04 <__divsf3+0xee>
    7dae:	86ba                	mv	a3,a4
    7db0:	b761                	j	7d38 <__divsf3+0x222>
    7db2:	85b6                	mv	a1,a3
    7db4:	bfa9                	j	7d0e <__divsf3+0x1f8>
    7db6:	4705                	li	a4,1
    7db8:	4781                	li	a5,0
    7dba:	bd11                	j	7bce <__divsf3+0xb8>
    7dbc:	001bf913          	andi	s2,s7,1
    7dc0:	0ff00713          	li	a4,255
    7dc4:	4781                	li	a5,0
    7dc6:	b521                	j	7bce <__divsf3+0xb8>

00007dc8 <__eqsf2>:
    7dc8:	01755693          	srli	a3,a0,0x17
    7dcc:	008007b7          	lui	a5,0x800
    7dd0:	17fd                	addi	a5,a5,-1
    7dd2:	0175d613          	srli	a2,a1,0x17
    7dd6:	0ff6f693          	andi	a3,a3,255
    7dda:	0ff00813          	li	a6,255
    7dde:	00a7f8b3          	and	a7,a5,a0
    7de2:	01f55713          	srli	a4,a0,0x1f
    7de6:	8fed                	and	a5,a5,a1
    7de8:	0ff67613          	andi	a2,a2,255
    7dec:	81fd                	srli	a1,a1,0x1f
    7dee:	03068463          	beq	a3,a6,7e16 <__eqsf2+0x4e>
    7df2:	0ff00513          	li	a0,255
    7df6:	02a60463          	beq	a2,a0,7e1e <__eqsf2+0x56>
    7dfa:	4505                	li	a0,1
    7dfc:	00c68363          	beq	a3,a2,7e02 <__eqsf2+0x3a>
    7e00:	8082                	ret
    7e02:	fef89fe3          	bne	a7,a5,7e00 <__eqsf2+0x38>
    7e06:	4501                	li	a0,0
    7e08:	feb70ce3          	beq	a4,a1,7e00 <__eqsf2+0x38>
    7e0c:	4505                	li	a0,1
    7e0e:	faed                	bnez	a3,7e00 <__eqsf2+0x38>
    7e10:	01103533          	snez	a0,a7
    7e14:	8082                	ret
    7e16:	4505                	li	a0,1
    7e18:	fc088de3          	beqz	a7,7df2 <__eqsf2+0x2a>
    7e1c:	8082                	ret
    7e1e:	4505                	li	a0,1
    7e20:	dfe9                	beqz	a5,7dfa <__eqsf2+0x32>
    7e22:	8082                	ret

00007e24 <__gesf2>:
    7e24:	01755693          	srli	a3,a0,0x17
    7e28:	008007b7          	lui	a5,0x800
    7e2c:	17fd                	addi	a5,a5,-1
    7e2e:	0175d613          	srli	a2,a1,0x17
    7e32:	0ff6f693          	andi	a3,a3,255
    7e36:	0ff00813          	li	a6,255
    7e3a:	00a7f8b3          	and	a7,a5,a0
    7e3e:	01f55713          	srli	a4,a0,0x1f
    7e42:	8fed                	and	a5,a5,a1
    7e44:	0ff67613          	andi	a2,a2,255
    7e48:	81fd                	srli	a1,a1,0x1f
    7e4a:	03068163          	beq	a3,a6,7e6c <__gesf2+0x48>
    7e4e:	01060c63          	beq	a2,a6,7e66 <__gesf2+0x42>
    7e52:	e28d                	bnez	a3,7e74 <__gesf2+0x50>
    7e54:	e211                	bnez	a2,7e58 <__gesf2+0x34>
    7e56:	c3b1                	beqz	a5,7e9a <__gesf2+0x76>
    7e58:	02088e63          	beqz	a7,7e94 <__gesf2+0x70>
    7e5c:	04b70563          	beq	a4,a1,7ea6 <__gesf2+0x82>
    7e60:	4505                	li	a0,1
    7e62:	e71d                	bnez	a4,7e90 <__gesf2+0x6c>
    7e64:	8082                	ret
    7e66:	d7f5                	beqz	a5,7e52 <__gesf2+0x2e>
    7e68:	5579                	li	a0,-2
    7e6a:	8082                	ret
    7e6c:	fe089ee3          	bnez	a7,7e68 <__gesf2+0x44>
    7e70:	02d60963          	beq	a2,a3,7ea2 <__gesf2+0x7e>
    7e74:	e211                	bnez	a2,7e78 <__gesf2+0x54>
    7e76:	d7ed                	beqz	a5,7e60 <__gesf2+0x3c>
    7e78:	feb714e3          	bne	a4,a1,7e60 <__gesf2+0x3c>
    7e7c:	fed642e3          	blt	a2,a3,7e60 <__gesf2+0x3c>
    7e80:	00c6c763          	blt	a3,a2,7e8e <__gesf2+0x6a>
    7e84:	fd17eee3          	bltu	a5,a7,7e60 <__gesf2+0x3c>
    7e88:	4501                	li	a0,0
    7e8a:	fcf8fde3          	bgeu	a7,a5,7e64 <__gesf2+0x40>
    7e8e:	e701                	bnez	a4,7e96 <__gesf2+0x72>
    7e90:	557d                	li	a0,-1
    7e92:	8082                	ret
    7e94:	ddf5                	beqz	a1,7e90 <__gesf2+0x6c>
    7e96:	4505                	li	a0,1
    7e98:	8082                	ret
    7e9a:	4501                	li	a0,0
    7e9c:	fc0892e3          	bnez	a7,7e60 <__gesf2+0x3c>
    7ea0:	8082                	ret
    7ea2:	dbf9                	beqz	a5,7e78 <__gesf2+0x54>
    7ea4:	b7d1                	j	7e68 <__gesf2+0x44>
    7ea6:	4681                	li	a3,0
    7ea8:	bfe1                	j	7e80 <__gesf2+0x5c>

00007eaa <__lesf2>:
    7eaa:	01755693          	srli	a3,a0,0x17
    7eae:	008007b7          	lui	a5,0x800
    7eb2:	17fd                	addi	a5,a5,-1
    7eb4:	0175d613          	srli	a2,a1,0x17
    7eb8:	0ff6f693          	andi	a3,a3,255
    7ebc:	0ff00813          	li	a6,255
    7ec0:	00a7f8b3          	and	a7,a5,a0
    7ec4:	01f55713          	srli	a4,a0,0x1f
    7ec8:	8fed                	and	a5,a5,a1
    7eca:	0ff67613          	andi	a2,a2,255
    7ece:	81fd                	srli	a1,a1,0x1f
    7ed0:	03068763          	beq	a3,a6,7efe <__lesf2+0x54>
    7ed4:	01060963          	beq	a2,a6,7ee6 <__lesf2+0x3c>
    7ed8:	ea85                	bnez	a3,7f08 <__lesf2+0x5e>
    7eda:	ea11                	bnez	a2,7eee <__lesf2+0x44>
    7edc:	eb89                	bnez	a5,7eee <__lesf2+0x44>
    7ede:	4501                	li	a0,0
    7ee0:	00089b63          	bnez	a7,7ef6 <__lesf2+0x4c>
    7ee4:	8082                	ret
    7ee6:	4509                	li	a0,2
    7ee8:	fff5                	bnez	a5,7ee4 <__lesf2+0x3a>
    7eea:	dae5                	beqz	a3,7eda <__lesf2+0x30>
    7eec:	a831                	j	7f08 <__lesf2+0x5e>
    7eee:	02088c63          	beqz	a7,7f26 <__lesf2+0x7c>
    7ef2:	04b70063          	beq	a4,a1,7f32 <__lesf2+0x88>
    7ef6:	4505                	li	a0,1
    7ef8:	d775                	beqz	a4,7ee4 <__lesf2+0x3a>
    7efa:	557d                	li	a0,-1
    7efc:	8082                	ret
    7efe:	4509                	li	a0,2
    7f00:	02089863          	bnez	a7,7f30 <__lesf2+0x86>
    7f04:	02d60463          	beq	a2,a3,7f2c <__lesf2+0x82>
    7f08:	e211                	bnez	a2,7f0c <__lesf2+0x62>
    7f0a:	d7f5                	beqz	a5,7ef6 <__lesf2+0x4c>
    7f0c:	feb715e3          	bne	a4,a1,7ef6 <__lesf2+0x4c>
    7f10:	fed643e3          	blt	a2,a3,7ef6 <__lesf2+0x4c>
    7f14:	00c6c763          	blt	a3,a2,7f22 <__lesf2+0x78>
    7f18:	fd17efe3          	bltu	a5,a7,7ef6 <__lesf2+0x4c>
    7f1c:	4501                	li	a0,0
    7f1e:	fcf8f3e3          	bgeu	a7,a5,7ee4 <__lesf2+0x3a>
    7f22:	e319                	bnez	a4,7f28 <__lesf2+0x7e>
    7f24:	bfd9                	j	7efa <__lesf2+0x50>
    7f26:	d9f1                	beqz	a1,7efa <__lesf2+0x50>
    7f28:	4505                	li	a0,1
    7f2a:	8082                	ret
    7f2c:	d3e5                	beqz	a5,7f0c <__lesf2+0x62>
    7f2e:	8082                	ret
    7f30:	8082                	ret
    7f32:	4681                	li	a3,0
    7f34:	b7c5                	j	7f14 <__lesf2+0x6a>

00007f36 <__mulsf3>:
    7f36:	7179                	addi	sp,sp,-48
    7f38:	d422                	sw	s0,40(sp)
    7f3a:	01755413          	srli	s0,a0,0x17
    7f3e:	ce4e                	sw	s3,28(sp)
    7f40:	cc52                	sw	s4,24(sp)
    7f42:	00951993          	slli	s3,a0,0x9
    7f46:	d606                	sw	ra,44(sp)
    7f48:	d226                	sw	s1,36(sp)
    7f4a:	d04a                	sw	s2,32(sp)
    7f4c:	ca56                	sw	s5,20(sp)
    7f4e:	c85a                	sw	s6,16(sp)
    7f50:	0ff47413          	andi	s0,s0,255
    7f54:	0099d993          	srli	s3,s3,0x9
    7f58:	01f55a13          	srli	s4,a0,0x1f
    7f5c:	c469                	beqz	s0,8026 <__mulsf3+0xf0>
    7f5e:	0ff00793          	li	a5,255
    7f62:	0ef40863          	beq	s0,a5,8052 <__mulsf3+0x11c>
    7f66:	00399793          	slli	a5,s3,0x3
    7f6a:	04000737          	lui	a4,0x4000
    7f6e:	00e7e9b3          	or	s3,a5,a4
    7f72:	f8140413          	addi	s0,s0,-127 # 3ffff81 <_data_lma+0x3ff0d05>
    7f76:	4481                	li	s1,0
    7f78:	4b01                	li	s6,0
    7f7a:	0175d713          	srli	a4,a1,0x17
    7f7e:	00959a93          	slli	s5,a1,0x9
    7f82:	0ff77713          	andi	a4,a4,255
    7f86:	009ada93          	srli	s5,s5,0x9
    7f8a:	01f5d913          	srli	s2,a1,0x1f
    7f8e:	cf45                	beqz	a4,8046 <__mulsf3+0x110>
    7f90:	0ff00793          	li	a5,255
    7f94:	02f70c63          	beq	a4,a5,7fcc <__mulsf3+0x96>
    7f98:	0a8e                	slli	s5,s5,0x3
    7f9a:	f8170713          	addi	a4,a4,-127 # 3ffff81 <_data_lma+0x3ff0d05>
    7f9e:	040007b7          	lui	a5,0x4000
    7fa2:	00faeab3          	or	s5,s5,a5
    7fa6:	943a                	add	s0,s0,a4
    7fa8:	4601                	li	a2,0
    7faa:	012a4533          	xor	a0,s4,s2
    7fae:	47bd                	li	a5,15
    7fb0:	86aa                	mv	a3,a0
    7fb2:	00140593          	addi	a1,s0,1
    7fb6:	1097e263          	bltu	a5,s1,80ba <__mulsf3+0x184>
    7fba:	00007717          	auipc	a4,0x7
    7fbe:	e4670713          	addi	a4,a4,-442 # ee00 <TWO52+0x120>
    7fc2:	048a                	slli	s1,s1,0x2
    7fc4:	94ba                	add	s1,s1,a4
    7fc6:	409c                	lw	a5,0(s1)
    7fc8:	97ba                	add	a5,a5,a4
    7fca:	8782                	jr	a5
    7fcc:	0ff40413          	addi	s0,s0,255
    7fd0:	0c0a9863          	bnez	s5,80a0 <__mulsf3+0x16a>
    7fd4:	0024e493          	ori	s1,s1,2
    7fd8:	4609                	li	a2,2
    7fda:	bfc1                	j	7faa <__mulsf3+0x74>
    7fdc:	4501                	li	a0,0
    7fde:	0ff00713          	li	a4,255
    7fe2:	004007b7          	lui	a5,0x400
    7fe6:	50b2                	lw	ra,44(sp)
    7fe8:	5422                	lw	s0,40(sp)
    7fea:	07a6                	slli	a5,a5,0x9
    7fec:	075e                	slli	a4,a4,0x17
    7fee:	83a5                	srli	a5,a5,0x9
    7ff0:	057e                	slli	a0,a0,0x1f
    7ff2:	8fd9                	or	a5,a5,a4
    7ff4:	5492                	lw	s1,36(sp)
    7ff6:	5902                	lw	s2,32(sp)
    7ff8:	49f2                	lw	s3,28(sp)
    7ffa:	4a62                	lw	s4,24(sp)
    7ffc:	4ad2                	lw	s5,20(sp)
    7ffe:	4b42                	lw	s6,16(sp)
    8000:	8d5d                	or	a0,a0,a5
    8002:	6145                	addi	sp,sp,48
    8004:	8082                	ret
    8006:	86ca                	mv	a3,s2
    8008:	89d6                	mv	s3,s5
    800a:	8b32                	mv	s6,a2
    800c:	4789                	li	a5,2
    800e:	0afb0163          	beq	s6,a5,80b0 <__mulsf3+0x17a>
    8012:	478d                	li	a5,3
    8014:	fcfb04e3          	beq	s6,a5,7fdc <__mulsf3+0xa6>
    8018:	4785                	li	a5,1
    801a:	8536                	mv	a0,a3
    801c:	1afb1263          	bne	s6,a5,81c0 <__mulsf3+0x28a>
    8020:	4701                	li	a4,0
    8022:	4781                	li	a5,0
    8024:	b7c9                	j	7fe6 <__mulsf3+0xb0>
    8026:	04099e63          	bnez	s3,8082 <__mulsf3+0x14c>
    802a:	0175d713          	srli	a4,a1,0x17
    802e:	00959a93          	slli	s5,a1,0x9
    8032:	0ff77713          	andi	a4,a4,255
    8036:	4491                	li	s1,4
    8038:	4401                	li	s0,0
    803a:	4b05                	li	s6,1
    803c:	009ada93          	srli	s5,s5,0x9
    8040:	01f5d913          	srli	s2,a1,0x1f
    8044:	f731                	bnez	a4,7f90 <__mulsf3+0x5a>
    8046:	000a9d63          	bnez	s5,8060 <__mulsf3+0x12a>
    804a:	0014e493          	ori	s1,s1,1
    804e:	4605                	li	a2,1
    8050:	bfa9                	j	7faa <__mulsf3+0x74>
    8052:	02099363          	bnez	s3,8078 <__mulsf3+0x142>
    8056:	44a1                	li	s1,8
    8058:	0ff00413          	li	s0,255
    805c:	4b09                	li	s6,2
    805e:	bf31                	j	7f7a <__mulsf3+0x44>
    8060:	8556                	mv	a0,s5
    8062:	153000ef          	jal	ra,89b4 <__clzsi2>
    8066:	ffb50793          	addi	a5,a0,-5
    806a:	8c09                	sub	s0,s0,a0
    806c:	00fa9ab3          	sll	s5,s5,a5
    8070:	f8a40413          	addi	s0,s0,-118
    8074:	4601                	li	a2,0
    8076:	bf15                	j	7faa <__mulsf3+0x74>
    8078:	44b1                	li	s1,12
    807a:	0ff00413          	li	s0,255
    807e:	4b0d                	li	s6,3
    8080:	bded                	j	7f7a <__mulsf3+0x44>
    8082:	854e                	mv	a0,s3
    8084:	c62e                	sw	a1,12(sp)
    8086:	12f000ef          	jal	ra,89b4 <__clzsi2>
    808a:	ffb50793          	addi	a5,a0,-5
    808e:	f8a00413          	li	s0,-118
    8092:	00f999b3          	sll	s3,s3,a5
    8096:	8c09                	sub	s0,s0,a0
    8098:	4481                	li	s1,0
    809a:	4b01                	li	s6,0
    809c:	45b2                	lw	a1,12(sp)
    809e:	bdf1                	j	7f7a <__mulsf3+0x44>
    80a0:	0034e493          	ori	s1,s1,3
    80a4:	460d                	li	a2,3
    80a6:	b711                	j	7faa <__mulsf3+0x74>
    80a8:	4789                	li	a5,2
    80aa:	86d2                	mv	a3,s4
    80ac:	f6fb13e3          	bne	s6,a5,8012 <__mulsf3+0xdc>
    80b0:	8536                	mv	a0,a3
    80b2:	0ff00713          	li	a4,255
    80b6:	4781                	li	a5,0
    80b8:	b73d                	j	7fe6 <__mulsf3+0xb0>
    80ba:	6341                	lui	t1,0x10
    80bc:	fff30693          	addi	a3,t1,-1 # ffff <_data_lma+0xd83>
    80c0:	0109d613          	srli	a2,s3,0x10
    80c4:	010ad893          	srli	a7,s5,0x10
    80c8:	00d9f7b3          	and	a5,s3,a3
    80cc:	00dafab3          	and	s5,s5,a3
    80d0:	03578833          	mul	a6,a5,s5
    80d4:	02f889b3          	mul	s3,a7,a5
    80d8:	01085713          	srli	a4,a6,0x10
    80dc:	03560ab3          	mul	s5,a2,s5
    80e0:	99d6                	add	s3,s3,s5
    80e2:	974e                	add	a4,a4,s3
    80e4:	03160633          	mul	a2,a2,a7
    80e8:	01577363          	bgeu	a4,s5,80ee <__mulsf3+0x1b8>
    80ec:	961a                	add	a2,a2,t1
    80ee:	67c1                	lui	a5,0x10
    80f0:	17fd                	addi	a5,a5,-1
    80f2:	00f776b3          	and	a3,a4,a5
    80f6:	00f87833          	and	a6,a6,a5
    80fa:	06c2                	slli	a3,a3,0x10
    80fc:	96c2                	add	a3,a3,a6
    80fe:	00669993          	slli	s3,a3,0x6
    8102:	01075793          	srli	a5,a4,0x10
    8106:	013039b3          	snez	s3,s3
    810a:	82e9                	srli	a3,a3,0x1a
    810c:	97b2                	add	a5,a5,a2
    810e:	079a                	slli	a5,a5,0x6
    8110:	00d9e6b3          	or	a3,s3,a3
    8114:	00d7e9b3          	or	s3,a5,a3
    8118:	00499793          	slli	a5,s3,0x4
    811c:	0007d963          	bgez	a5,812e <__mulsf3+0x1f8>
    8120:	0019d713          	srli	a4,s3,0x1
    8124:	0019f793          	andi	a5,s3,1
    8128:	00f769b3          	or	s3,a4,a5
    812c:	842e                	mv	s0,a1
    812e:	07f40713          	addi	a4,s0,127
    8132:	04e05063          	blez	a4,8172 <__mulsf3+0x23c>
    8136:	0079f793          	andi	a5,s3,7
    813a:	c799                	beqz	a5,8148 <__mulsf3+0x212>
    813c:	00f9f793          	andi	a5,s3,15
    8140:	4691                	li	a3,4
    8142:	00d78363          	beq	a5,a3,8148 <__mulsf3+0x212>
    8146:	0991                	addi	s3,s3,4
    8148:	00499793          	slli	a5,s3,0x4
    814c:	0007d963          	bgez	a5,815e <__mulsf3+0x228>
    8150:	f80007b7          	lui	a5,0xf8000
    8154:	17fd                	addi	a5,a5,-1
    8156:	00f9f9b3          	and	s3,s3,a5
    815a:	08040713          	addi	a4,s0,128
    815e:	0fe00793          	li	a5,254
    8162:	04e7cb63          	blt	a5,a4,81b8 <__mulsf3+0x282>
    8166:	00699793          	slli	a5,s3,0x6
    816a:	83a5                	srli	a5,a5,0x9
    816c:	0ff77713          	andi	a4,a4,255
    8170:	bd9d                	j	7fe6 <__mulsf3+0xb0>
    8172:	4785                	li	a5,1
    8174:	40e786b3          	sub	a3,a5,a4
    8178:	c711                	beqz	a4,8184 <__mulsf3+0x24e>
    817a:	466d                	li	a2,27
    817c:	4701                	li	a4,0
    817e:	4781                	li	a5,0
    8180:	e6d643e3          	blt	a2,a3,7fe6 <__mulsf3+0xb0>
    8184:	09e40713          	addi	a4,s0,158
    8188:	00e99733          	sll	a4,s3,a4
    818c:	00e03733          	snez	a4,a4
    8190:	00d9d7b3          	srl	a5,s3,a3
    8194:	8fd9                	or	a5,a5,a4
    8196:	0077f713          	andi	a4,a5,7
    819a:	c719                	beqz	a4,81a8 <__mulsf3+0x272>
    819c:	00f7f713          	andi	a4,a5,15
    81a0:	4691                	li	a3,4
    81a2:	00d70363          	beq	a4,a3,81a8 <__mulsf3+0x272>
    81a6:	0791                	addi	a5,a5,4
    81a8:	00579713          	slli	a4,a5,0x5
    81ac:	00074c63          	bltz	a4,81c4 <__mulsf3+0x28e>
    81b0:	079a                	slli	a5,a5,0x6
    81b2:	83a5                	srli	a5,a5,0x9
    81b4:	4701                	li	a4,0
    81b6:	bd05                	j	7fe6 <__mulsf3+0xb0>
    81b8:	0ff00713          	li	a4,255
    81bc:	4781                	li	a5,0
    81be:	b525                	j	7fe6 <__mulsf3+0xb0>
    81c0:	842e                	mv	s0,a1
    81c2:	b7b5                	j	812e <__mulsf3+0x1f8>
    81c4:	4705                	li	a4,1
    81c6:	4781                	li	a5,0
    81c8:	bd39                	j	7fe6 <__mulsf3+0xb0>

000081ca <__subsf3>:
    81ca:	00800737          	lui	a4,0x800
    81ce:	1141                	addi	sp,sp,-16
    81d0:	177d                	addi	a4,a4,-1
    81d2:	01755693          	srli	a3,a0,0x17
    81d6:	0175d813          	srli	a6,a1,0x17
    81da:	00a777b3          	and	a5,a4,a0
    81de:	0ff6f693          	andi	a3,a3,255
    81e2:	01f55e93          	srli	t4,a0,0x1f
    81e6:	00b77633          	and	a2,a4,a1
    81ea:	c226                	sw	s1,4(sp)
    81ec:	c04a                	sw	s2,0(sp)
    81ee:	0ff87813          	andi	a6,a6,255
    81f2:	c606                	sw	ra,12(sp)
    81f4:	c422                	sw	s0,8(sp)
    81f6:	0ff00313          	li	t1,255
    81fa:	8e3e                	mv	t3,a5
    81fc:	8936                	mv	s2,a3
    81fe:	84f6                	mv	s1,t4
    8200:	00379f13          	slli	t5,a5,0x3
    8204:	81fd                	srli	a1,a1,0x1f
    8206:	00361513          	slli	a0,a2,0x3
    820a:	410688b3          	sub	a7,a3,a6
    820e:	10680263          	beq	a6,t1,8312 <__subsf3+0x148>
    8212:	0015c593          	xori	a1,a1,1
    8216:	10be8c63          	beq	t4,a1,832e <__subsf3+0x164>
    821a:	0d105463          	blez	a7,82e2 <__subsf3+0x118>
    821e:	10081063          	bnez	a6,831e <__subsf3+0x154>
    8222:	1e050463          	beqz	a0,840a <__subsf3+0x240>
    8226:	18fd                	addi	a7,a7,-1
    8228:	40af07b3          	sub	a5,t5,a0
    822c:	02088663          	beqz	a7,8258 <__subsf3+0x8e>
    8230:	0ff00793          	li	a5,255
    8234:	16f68863          	beq	a3,a5,83a4 <__subsf3+0x1da>
    8238:	47ed                	li	a5,27
    823a:	2917c763          	blt	a5,a7,84c8 <__subsf3+0x2fe>
    823e:	02000713          	li	a4,32
    8242:	41170733          	sub	a4,a4,a7
    8246:	00e51733          	sll	a4,a0,a4
    824a:	011557b3          	srl	a5,a0,a7
    824e:	00e03733          	snez	a4,a4
    8252:	8fd9                	or	a5,a5,a4
    8254:	40ff07b3          	sub	a5,t5,a5
    8258:	00579713          	slli	a4,a5,0x5
    825c:	1a075163          	bgez	a4,83fe <__subsf3+0x234>
    8260:	04000437          	lui	s0,0x4000
    8264:	147d                	addi	s0,s0,-1
    8266:	8c7d                	and	s0,s0,a5
    8268:	8522                	mv	a0,s0
    826a:	27a9                	jal	89b4 <__clzsi2>
    826c:	156d                	addi	a0,a0,-5
    826e:	00a417b3          	sll	a5,s0,a0
    8272:	1b254e63          	blt	a0,s2,842e <__subsf3+0x264>
    8276:	41250533          	sub	a0,a0,s2
    827a:	00150413          	addi	s0,a0,1
    827e:	02000713          	li	a4,32
    8282:	8f01                	sub	a4,a4,s0
    8284:	00e79733          	sll	a4,a5,a4
    8288:	00e03733          	snez	a4,a4
    828c:	0087d7b3          	srl	a5,a5,s0
    8290:	8fd9                	or	a5,a5,a4
    8292:	4901                	li	s2,0
    8294:	0077f713          	andi	a4,a5,7
    8298:	c719                	beqz	a4,82a6 <__subsf3+0xdc>
    829a:	00f7f713          	andi	a4,a5,15
    829e:	4691                	li	a3,4
    82a0:	00d70363          	beq	a4,a3,82a6 <__subsf3+0xdc>
    82a4:	0791                	addi	a5,a5,4
    82a6:	00579713          	slli	a4,a5,0x5
    82aa:	14075e63          	bgez	a4,8406 <__subsf3+0x23c>
    82ae:	00190693          	addi	a3,s2,1 # 800001 <_data_lma+0x7f0d85>
    82b2:	0ff00713          	li	a4,255
    82b6:	0014fe93          	andi	t4,s1,1
    82ba:	16e68663          	beq	a3,a4,8426 <__subsf3+0x25c>
    82be:	079a                	slli	a5,a5,0x6
    82c0:	83a5                	srli	a5,a5,0x9
    82c2:	0ff6f693          	andi	a3,a3,255
    82c6:	07a6                	slli	a5,a5,0x9
    82c8:	40b2                	lw	ra,12(sp)
    82ca:	4422                	lw	s0,8(sp)
    82cc:	0097d513          	srli	a0,a5,0x9
    82d0:	06de                	slli	a3,a3,0x17
    82d2:	01fe9793          	slli	a5,t4,0x1f
    82d6:	8d55                	or	a0,a0,a3
    82d8:	4492                	lw	s1,4(sp)
    82da:	4902                	lw	s2,0(sp)
    82dc:	8d5d                	or	a0,a0,a5
    82de:	0141                	addi	sp,sp,16
    82e0:	8082                	ret
    82e2:	0a089263          	bnez	a7,8386 <__subsf3+0x1bc>
    82e6:	00168713          	addi	a4,a3,1
    82ea:	0fe77713          	andi	a4,a4,254
    82ee:	14071b63          	bnez	a4,8444 <__subsf3+0x27a>
    82f2:	22069463          	bnez	a3,851a <__subsf3+0x350>
    82f6:	200f0263          	beqz	t5,84fa <__subsf3+0x330>
    82fa:	d571                	beqz	a0,82c6 <__subsf3+0xfc>
    82fc:	40af07b3          	sub	a5,t5,a0
    8300:	00579713          	slli	a4,a5,0x5
    8304:	22075563          	bgez	a4,852e <__subsf3+0x364>
    8308:	41e507b3          	sub	a5,a0,t5
    830c:	4901                	li	s2,0
    830e:	84ae                	mv	s1,a1
    8310:	b751                	j	8294 <__subsf3+0xca>
    8312:	f00500e3          	beqz	a0,8212 <__subsf3+0x48>
    8316:	0abe8a63          	beq	t4,a1,83ca <__subsf3+0x200>
    831a:	fd1054e3          	blez	a7,82e2 <__subsf3+0x118>
    831e:	0ff00793          	li	a5,255
    8322:	08f68163          	beq	a3,a5,83a4 <__subsf3+0x1da>
    8326:	040007b7          	lui	a5,0x4000
    832a:	8d5d                	or	a0,a0,a5
    832c:	b731                	j	8238 <__subsf3+0x6e>
    832e:	09105e63          	blez	a7,83ca <__subsf3+0x200>
    8332:	08080163          	beqz	a6,83b4 <__subsf3+0x1ea>
    8336:	0ff00793          	li	a5,255
    833a:	06f68563          	beq	a3,a5,83a4 <__subsf3+0x1da>
    833e:	040007b7          	lui	a5,0x4000
    8342:	8d5d                	or	a0,a0,a5
    8344:	47ed                	li	a5,27
    8346:	1f17c063          	blt	a5,a7,8526 <__subsf3+0x35c>
    834a:	02000713          	li	a4,32
    834e:	41170733          	sub	a4,a4,a7
    8352:	00e51733          	sll	a4,a0,a4
    8356:	011557b3          	srl	a5,a0,a7
    835a:	00e03733          	snez	a4,a4
    835e:	8fd9                	or	a5,a5,a4
    8360:	97fa                	add	a5,a5,t5
    8362:	00579713          	slli	a4,a5,0x5
    8366:	08075c63          	bgez	a4,83fe <__subsf3+0x234>
    836a:	0905                	addi	s2,s2,1
    836c:	0ff00713          	li	a4,255
    8370:	0ae90b63          	beq	s2,a4,8426 <__subsf3+0x25c>
    8374:	7e0006b7          	lui	a3,0x7e000
    8378:	0017d713          	srli	a4,a5,0x1
    837c:	16fd                	addi	a3,a3,-1
    837e:	8b85                	andi	a5,a5,1
    8380:	8f75                	and	a4,a4,a3
    8382:	8fd9                	or	a5,a5,a4
    8384:	bf01                	j	8294 <__subsf3+0xca>
    8386:	40d80733          	sub	a4,a6,a3
    838a:	10069563          	bnez	a3,8494 <__subsf3+0x2ca>
    838e:	140f0d63          	beqz	t5,84e8 <__subsf3+0x31e>
    8392:	177d                	addi	a4,a4,-1
    8394:	1a070363          	beqz	a4,853a <__subsf3+0x370>
    8398:	0ff00793          	li	a5,255
    839c:	10f81463          	bne	a6,a5,84a4 <__subsf3+0x2da>
    83a0:	84ae                	mv	s1,a1
    83a2:	8e32                	mv	t3,a2
    83a4:	060e0f63          	beqz	t3,8422 <__subsf3+0x258>
    83a8:	4e81                	li	t4,0
    83aa:	0ff00693          	li	a3,255
    83ae:	004007b7          	lui	a5,0x400
    83b2:	bf11                	j	82c6 <__subsf3+0xfc>
    83b4:	c939                	beqz	a0,840a <__subsf3+0x240>
    83b6:	18fd                	addi	a7,a7,-1
    83b8:	00af07b3          	add	a5,t5,a0
    83bc:	fa0883e3          	beqz	a7,8362 <__subsf3+0x198>
    83c0:	0ff00793          	li	a5,255
    83c4:	f8f690e3          	bne	a3,a5,8344 <__subsf3+0x17a>
    83c8:	bff1                	j	83a4 <__subsf3+0x1da>
    83ca:	08089963          	bnez	a7,845c <__subsf3+0x292>
    83ce:	00168913          	addi	s2,a3,1 # 7e000001 <_eusrstack+0x5dffb001>
    83d2:	0fe97713          	andi	a4,s2,254
    83d6:	12071663          	bnez	a4,8502 <__subsf3+0x338>
    83da:	10069b63          	bnez	a3,84f0 <__subsf3+0x326>
    83de:	160f0363          	beqz	t5,8544 <__subsf3+0x37a>
    83e2:	ee0502e3          	beqz	a0,82c6 <__subsf3+0xfc>
    83e6:	00af07b3          	add	a5,t5,a0
    83ea:	00579713          	slli	a4,a5,0x5
    83ee:	4901                	li	s2,0
    83f0:	00075763          	bgez	a4,83fe <__subsf3+0x234>
    83f4:	fc000737          	lui	a4,0xfc000
    83f8:	177d                	addi	a4,a4,-1
    83fa:	8ff9                	and	a5,a5,a4
    83fc:	4905                	li	s2,1
    83fe:	0077f713          	andi	a4,a5,7
    8402:	e8071ce3          	bnez	a4,829a <__subsf3+0xd0>
    8406:	0037de13          	srli	t3,a5,0x3
    840a:	0ff00793          	li	a5,255
    840e:	f8f90be3          	beq	s2,a5,83a4 <__subsf3+0x1da>
    8412:	009e1793          	slli	a5,t3,0x9
    8416:	83a5                	srli	a5,a5,0x9
    8418:	0ff97693          	andi	a3,s2,255
    841c:	0014fe93          	andi	t4,s1,1
    8420:	b55d                	j	82c6 <__subsf3+0xfc>
    8422:	0014fe93          	andi	t4,s1,1
    8426:	0ff00693          	li	a3,255
    842a:	4781                	li	a5,0
    842c:	bd69                	j	82c6 <__subsf3+0xfc>
    842e:	fc000737          	lui	a4,0xfc000
    8432:	177d                	addi	a4,a4,-1
    8434:	8ff9                	and	a5,a5,a4
    8436:	0077f713          	andi	a4,a5,7
    843a:	40a90933          	sub	s2,s2,a0
    843e:	e4071ee3          	bnez	a4,829a <__subsf3+0xd0>
    8442:	b7d1                	j	8406 <__subsf3+0x23c>
    8444:	40af0433          	sub	s0,t5,a0
    8448:	00541793          	slli	a5,s0,0x5
    844c:	0c07c363          	bltz	a5,8512 <__subsf3+0x348>
    8450:	e0041ce3          	bnez	s0,8268 <__subsf3+0x9e>
    8454:	4e81                	li	t4,0
    8456:	4681                	li	a3,0
    8458:	4781                	li	a5,0
    845a:	b5b5                	j	82c6 <__subsf3+0xfc>
    845c:	40d80733          	sub	a4,a6,a3
    8460:	c6b5                	beqz	a3,84cc <__subsf3+0x302>
    8462:	0ff00793          	li	a5,255
    8466:	f2f80ee3          	beq	a6,a5,83a2 <__subsf3+0x1d8>
    846a:	040007b7          	lui	a5,0x4000
    846e:	00ff6f33          	or	t5,t5,a5
    8472:	47ed                	li	a5,27
    8474:	0ce7cd63          	blt	a5,a4,854e <__subsf3+0x384>
    8478:	02000793          	li	a5,32
    847c:	8f99                	sub	a5,a5,a4
    847e:	00ff17b3          	sll	a5,t5,a5
    8482:	00ef5733          	srl	a4,t5,a4
    8486:	00f037b3          	snez	a5,a5
    848a:	8f5d                	or	a4,a4,a5
    848c:	00a707b3          	add	a5,a4,a0
    8490:	8942                	mv	s2,a6
    8492:	bdc1                	j	8362 <__subsf3+0x198>
    8494:	0ff00793          	li	a5,255
    8498:	f0f804e3          	beq	a6,a5,83a0 <__subsf3+0x1d6>
    849c:	040007b7          	lui	a5,0x4000
    84a0:	00ff6f33          	or	t5,t5,a5
    84a4:	47ed                	li	a5,27
    84a6:	08e7c263          	blt	a5,a4,852a <__subsf3+0x360>
    84aa:	02000793          	li	a5,32
    84ae:	8f99                	sub	a5,a5,a4
    84b0:	00ff17b3          	sll	a5,t5,a5
    84b4:	00ef5733          	srl	a4,t5,a4
    84b8:	00f037b3          	snez	a5,a5
    84bc:	8fd9                	or	a5,a5,a4
    84be:	40f507b3          	sub	a5,a0,a5
    84c2:	8942                	mv	s2,a6
    84c4:	84ae                	mv	s1,a1
    84c6:	bb49                	j	8258 <__subsf3+0x8e>
    84c8:	4785                	li	a5,1
    84ca:	b369                	j	8254 <__subsf3+0x8a>
    84cc:	060f0e63          	beqz	t5,8548 <__subsf3+0x37e>
    84d0:	177d                	addi	a4,a4,-1
    84d2:	00af07b3          	add	a5,t5,a0
    84d6:	8942                	mv	s2,a6
    84d8:	e80705e3          	beqz	a4,8362 <__subsf3+0x198>
    84dc:	0ff00793          	li	a5,255
    84e0:	f8f819e3          	bne	a6,a5,8472 <__subsf3+0x2a8>
    84e4:	8e32                	mv	t3,a2
    84e6:	bd7d                	j	83a4 <__subsf3+0x1da>
    84e8:	8e32                	mv	t3,a2
    84ea:	8942                	mv	s2,a6
    84ec:	84ae                	mv	s1,a1
    84ee:	bf31                	j	840a <__subsf3+0x240>
    84f0:	ea0f09e3          	beqz	t5,83a2 <__subsf3+0x1d8>
    84f4:	ea0508e3          	beqz	a0,83a4 <__subsf3+0x1da>
    84f8:	bd45                	j	83a8 <__subsf3+0x1de>
    84fa:	cd0d                	beqz	a0,8534 <__subsf3+0x36a>
    84fc:	8eae                	mv	t4,a1
    84fe:	87b2                	mv	a5,a2
    8500:	b3d9                	j	82c6 <__subsf3+0xfc>
    8502:	0ff00793          	li	a5,255
    8506:	f2f900e3          	beq	s2,a5,8426 <__subsf3+0x25c>
    850a:	00af07b3          	add	a5,t5,a0
    850e:	8385                	srli	a5,a5,0x1
    8510:	b5fd                	j	83fe <__subsf3+0x234>
    8512:	41e50433          	sub	s0,a0,t5
    8516:	84ae                	mv	s1,a1
    8518:	bb81                	j	8268 <__subsf3+0x9e>
    851a:	fc0f1de3          	bnez	t5,84f4 <__subsf3+0x32a>
    851e:	e80505e3          	beqz	a0,83a8 <__subsf3+0x1de>
    8522:	84ae                	mv	s1,a1
    8524:	bdbd                	j	83a2 <__subsf3+0x1d8>
    8526:	4785                	li	a5,1
    8528:	bd25                	j	8360 <__subsf3+0x196>
    852a:	4785                	li	a5,1
    852c:	bf49                	j	84be <__subsf3+0x2f4>
    852e:	4901                	li	s2,0
    8530:	ec0797e3          	bnez	a5,83fe <__subsf3+0x234>
    8534:	4e81                	li	t4,0
    8536:	4781                	li	a5,0
    8538:	b379                	j	82c6 <__subsf3+0xfc>
    853a:	41e507b3          	sub	a5,a0,t5
    853e:	8942                	mv	s2,a6
    8540:	84ae                	mv	s1,a1
    8542:	bb19                	j	8258 <__subsf3+0x8e>
    8544:	87b2                	mv	a5,a2
    8546:	b341                	j	82c6 <__subsf3+0xfc>
    8548:	8e32                	mv	t3,a2
    854a:	8942                	mv	s2,a6
    854c:	bd7d                	j	840a <__subsf3+0x240>
    854e:	4705                	li	a4,1
    8550:	bf35                	j	848c <__subsf3+0x2c2>

00008552 <__fixsfsi>:
    8552:	00800637          	lui	a2,0x800
    8556:	01755713          	srli	a4,a0,0x17
    855a:	fff60793          	addi	a5,a2,-1 # 7fffff <_data_lma+0x7f0d83>
    855e:	0ff77713          	andi	a4,a4,255
    8562:	07e00593          	li	a1,126
    8566:	00a7f6b3          	and	a3,a5,a0
    856a:	01f55793          	srli	a5,a0,0x1f
    856e:	00e5fc63          	bgeu	a1,a4,8586 <__fixsfsi+0x34>
    8572:	09d00593          	li	a1,157
    8576:	00e5fa63          	bgeu	a1,a4,858a <__fixsfsi+0x38>
    857a:	80000537          	lui	a0,0x80000
    857e:	fff54513          	not	a0,a0
    8582:	953e                	add	a0,a0,a5
    8584:	8082                	ret
    8586:	4501                	li	a0,0
    8588:	8082                	ret
    858a:	09500593          	li	a1,149
    858e:	8ed1                	or	a3,a3,a2
    8590:	00e5cd63          	blt	a1,a4,85aa <__fixsfsi+0x58>
    8594:	09600613          	li	a2,150
    8598:	40e60733          	sub	a4,a2,a4
    859c:	00e6d733          	srl	a4,a3,a4
    85a0:	40e00533          	neg	a0,a4
    85a4:	f3f5                	bnez	a5,8588 <__fixsfsi+0x36>
    85a6:	853a                	mv	a0,a4
    85a8:	8082                	ret
    85aa:	f6a70713          	addi	a4,a4,-150 # fbffff6a <_eusrstack+0xdbffaf6a>
    85ae:	00e69733          	sll	a4,a3,a4
    85b2:	b7fd                	j	85a0 <__fixsfsi+0x4e>

000085b4 <__fixunssfsi>:
    85b4:	01755713          	srli	a4,a0,0x17
    85b8:	00800637          	lui	a2,0x800
    85bc:	fff60793          	addi	a5,a2,-1 # 7fffff <_data_lma+0x7f0d83>
    85c0:	0ff77713          	andi	a4,a4,255
    85c4:	07e00593          	li	a1,126
    85c8:	00a7f6b3          	and	a3,a5,a0
    85cc:	01f55793          	srli	a5,a0,0x1f
    85d0:	4501                	li	a0,0
    85d2:	00e5f463          	bgeu	a1,a4,85da <__fixunssfsi+0x26>
    85d6:	c399                	beqz	a5,85dc <__fixunssfsi+0x28>
    85d8:	8082                	ret
    85da:	8082                	ret
    85dc:	09e00793          	li	a5,158
    85e0:	557d                	li	a0,-1
    85e2:	fee7ebe3          	bltu	a5,a4,85d8 <__fixunssfsi+0x24>
    85e6:	09500593          	li	a1,149
    85ea:	00c6e7b3          	or	a5,a3,a2
    85ee:	00e5d763          	bge	a1,a4,85fc <__fixunssfsi+0x48>
    85f2:	f6a70713          	addi	a4,a4,-150
    85f6:	00e79533          	sll	a0,a5,a4
    85fa:	8082                	ret
    85fc:	09600513          	li	a0,150
    8600:	40e50733          	sub	a4,a0,a4
    8604:	00e7d533          	srl	a0,a5,a4
    8608:	8082                	ret

0000860a <__floatsisf>:
    860a:	1141                	addi	sp,sp,-16
    860c:	c606                	sw	ra,12(sp)
    860e:	c422                	sw	s0,8(sp)
    8610:	c226                	sw	s1,4(sp)
    8612:	cd0d                	beqz	a0,864c <__floatsisf+0x42>
    8614:	41f55793          	srai	a5,a0,0x1f
    8618:	00a7c433          	xor	s0,a5,a0
    861c:	8c1d                	sub	s0,s0,a5
    861e:	84aa                	mv	s1,a0
    8620:	8522                	mv	a0,s0
    8622:	2e49                	jal	89b4 <__clzsi2>
    8624:	09e00793          	li	a5,158
    8628:	40a78733          	sub	a4,a5,a0
    862c:	09600793          	li	a5,150
    8630:	80fd                	srli	s1,s1,0x1f
    8632:	02e7cc63          	blt	a5,a4,866a <__floatsisf+0x60>
    8636:	46a1                	li	a3,8
    8638:	0ff77793          	andi	a5,a4,255
    863c:	00a6d563          	bge	a3,a0,8646 <__floatsisf+0x3c>
    8640:	1561                	addi	a0,a0,-8
    8642:	00a41433          	sll	s0,s0,a0
    8646:	0426                	slli	s0,s0,0x9
    8648:	8025                	srli	s0,s0,0x9
    864a:	a021                	j	8652 <__floatsisf+0x48>
    864c:	4481                	li	s1,0
    864e:	4781                	li	a5,0
    8650:	4401                	li	s0,0
    8652:	0426                	slli	s0,s0,0x9
    8654:	00945513          	srli	a0,s0,0x9
    8658:	40b2                	lw	ra,12(sp)
    865a:	4422                	lw	s0,8(sp)
    865c:	07de                	slli	a5,a5,0x17
    865e:	04fe                	slli	s1,s1,0x1f
    8660:	8d5d                	or	a0,a0,a5
    8662:	8d45                	or	a0,a0,s1
    8664:	4492                	lw	s1,4(sp)
    8666:	0141                	addi	sp,sp,16
    8668:	8082                	ret
    866a:	09900793          	li	a5,153
    866e:	00e7dd63          	bge	a5,a4,8688 <__floatsisf+0x7e>
    8672:	01b50793          	addi	a5,a0,27 # 8000001b <_eusrstack+0x5fffb01b>
    8676:	4695                	li	a3,5
    8678:	00f417b3          	sll	a5,s0,a5
    867c:	8e89                	sub	a3,a3,a0
    867e:	00d45433          	srl	s0,s0,a3
    8682:	00f037b3          	snez	a5,a5
    8686:	8c5d                	or	s0,s0,a5
    8688:	4795                	li	a5,5
    868a:	00a7d663          	bge	a5,a0,8696 <__floatsisf+0x8c>
    868e:	ffb50793          	addi	a5,a0,-5
    8692:	00f41433          	sll	s0,s0,a5
    8696:	fc0006b7          	lui	a3,0xfc000
    869a:	16fd                	addi	a3,a3,-1
    869c:	00747793          	andi	a5,s0,7
    86a0:	00d47633          	and	a2,s0,a3
    86a4:	c385                	beqz	a5,86c4 <__floatsisf+0xba>
    86a6:	00f47793          	andi	a5,s0,15
    86aa:	4591                	li	a1,4
    86ac:	00b78c63          	beq	a5,a1,86c4 <__floatsisf+0xba>
    86b0:	0611                	addi	a2,a2,4
    86b2:	00561793          	slli	a5,a2,0x5
    86b6:	0007d763          	bgez	a5,86c4 <__floatsisf+0xba>
    86ba:	09f00793          	li	a5,159
    86be:	8e75                	and	a2,a2,a3
    86c0:	40a78733          	sub	a4,a5,a0
    86c4:	00661413          	slli	s0,a2,0x6
    86c8:	8025                	srli	s0,s0,0x9
    86ca:	0ff77793          	andi	a5,a4,255
    86ce:	b751                	j	8652 <__floatsisf+0x48>

000086d0 <__floatunsisf>:
    86d0:	1141                	addi	sp,sp,-16
    86d2:	c606                	sw	ra,12(sp)
    86d4:	c422                	sw	s0,8(sp)
    86d6:	cd15                	beqz	a0,8712 <__floatunsisf+0x42>
    86d8:	842a                	mv	s0,a0
    86da:	2ce9                	jal	89b4 <__clzsi2>
    86dc:	09e00793          	li	a5,158
    86e0:	40a78733          	sub	a4,a5,a0
    86e4:	09600793          	li	a5,150
    86e8:	04e7c063          	blt	a5,a4,8728 <__floatunsisf+0x58>
    86ec:	46a1                	li	a3,8
    86ee:	0ff77793          	andi	a5,a4,255
    86f2:	00a6d563          	bge	a3,a0,86fc <__floatunsisf+0x2c>
    86f6:	1561                	addi	a0,a0,-8
    86f8:	00a41433          	sll	s0,s0,a0
    86fc:	0426                	slli	s0,s0,0x9
    86fe:	8025                	srli	s0,s0,0x9
    8700:	0426                	slli	s0,s0,0x9
    8702:	00945513          	srli	a0,s0,0x9
    8706:	40b2                	lw	ra,12(sp)
    8708:	4422                	lw	s0,8(sp)
    870a:	07de                	slli	a5,a5,0x17
    870c:	8d5d                	or	a0,a0,a5
    870e:	0141                	addi	sp,sp,16
    8710:	8082                	ret
    8712:	4401                	li	s0,0
    8714:	0426                	slli	s0,s0,0x9
    8716:	00945513          	srli	a0,s0,0x9
    871a:	40b2                	lw	ra,12(sp)
    871c:	4422                	lw	s0,8(sp)
    871e:	4781                	li	a5,0
    8720:	07de                	slli	a5,a5,0x17
    8722:	8d5d                	or	a0,a0,a5
    8724:	0141                	addi	sp,sp,16
    8726:	8082                	ret
    8728:	09900793          	li	a5,153
    872c:	00e7dd63          	bge	a5,a4,8746 <__floatunsisf+0x76>
    8730:	01b50793          	addi	a5,a0,27
    8734:	4695                	li	a3,5
    8736:	00f417b3          	sll	a5,s0,a5
    873a:	8e89                	sub	a3,a3,a0
    873c:	00f037b3          	snez	a5,a5
    8740:	00d45433          	srl	s0,s0,a3
    8744:	8c5d                	or	s0,s0,a5
    8746:	4795                	li	a5,5
    8748:	00a7d663          	bge	a5,a0,8754 <__floatunsisf+0x84>
    874c:	ffb50793          	addi	a5,a0,-5
    8750:	00f41433          	sll	s0,s0,a5
    8754:	fc0006b7          	lui	a3,0xfc000
    8758:	16fd                	addi	a3,a3,-1
    875a:	00747793          	andi	a5,s0,7
    875e:	00d47633          	and	a2,s0,a3
    8762:	c385                	beqz	a5,8782 <__floatunsisf+0xb2>
    8764:	00f47793          	andi	a5,s0,15
    8768:	4591                	li	a1,4
    876a:	00b78c63          	beq	a5,a1,8782 <__floatunsisf+0xb2>
    876e:	0611                	addi	a2,a2,4
    8770:	00561793          	slli	a5,a2,0x5
    8774:	0007d763          	bgez	a5,8782 <__floatunsisf+0xb2>
    8778:	09f00793          	li	a5,159
    877c:	8e75                	and	a2,a2,a3
    877e:	40a78733          	sub	a4,a5,a0
    8782:	00661413          	slli	s0,a2,0x6
    8786:	8025                	srli	s0,s0,0x9
    8788:	0426                	slli	s0,s0,0x9
    878a:	00945513          	srli	a0,s0,0x9
    878e:	40b2                	lw	ra,12(sp)
    8790:	4422                	lw	s0,8(sp)
    8792:	0ff77793          	andi	a5,a4,255
    8796:	07de                	slli	a5,a5,0x17
    8798:	8d5d                	or	a0,a0,a5
    879a:	0141                	addi	sp,sp,16
    879c:	8082                	ret

0000879e <__extendsfdf2>:
    879e:	01755713          	srli	a4,a0,0x17
    87a2:	0ff77713          	andi	a4,a4,255
    87a6:	1141                	addi	sp,sp,-16
    87a8:	00170793          	addi	a5,a4,1
    87ac:	c422                	sw	s0,8(sp)
    87ae:	c226                	sw	s1,4(sp)
    87b0:	00951413          	slli	s0,a0,0x9
    87b4:	c606                	sw	ra,12(sp)
    87b6:	0fe7f793          	andi	a5,a5,254
    87ba:	8025                	srli	s0,s0,0x9
    87bc:	01f55493          	srli	s1,a0,0x1f
    87c0:	c785                	beqz	a5,87e8 <__extendsfdf2+0x4a>
    87c2:	00345793          	srli	a5,s0,0x3
    87c6:	38070713          	addi	a4,a4,896
    87ca:	0476                	slli	s0,s0,0x1d
    87cc:	07b2                	slli	a5,a5,0xc
    87ce:	0752                	slli	a4,a4,0x14
    87d0:	83b1                	srli	a5,a5,0xc
    87d2:	01f49513          	slli	a0,s1,0x1f
    87d6:	8fd9                	or	a5,a5,a4
    87d8:	8fc9                	or	a5,a5,a0
    87da:	40b2                	lw	ra,12(sp)
    87dc:	8522                	mv	a0,s0
    87de:	4422                	lw	s0,8(sp)
    87e0:	4492                	lw	s1,4(sp)
    87e2:	85be                	mv	a1,a5
    87e4:	0141                	addi	sp,sp,16
    87e6:	8082                	ret
    87e8:	eb05                	bnez	a4,8818 <__extendsfdf2+0x7a>
    87ea:	c439                	beqz	s0,8838 <__extendsfdf2+0x9a>
    87ec:	8522                	mv	a0,s0
    87ee:	22d9                	jal	89b4 <__clzsi2>
    87f0:	47a9                	li	a5,10
    87f2:	04a7c663          	blt	a5,a0,883e <__extendsfdf2+0xa0>
    87f6:	472d                	li	a4,11
    87f8:	8f09                	sub	a4,a4,a0
    87fa:	01550793          	addi	a5,a0,21
    87fe:	00e45733          	srl	a4,s0,a4
    8802:	00f41433          	sll	s0,s0,a5
    8806:	00c71793          	slli	a5,a4,0xc
    880a:	38900713          	li	a4,905
    880e:	8f09                	sub	a4,a4,a0
    8810:	83b1                	srli	a5,a5,0xc
    8812:	7ff77713          	andi	a4,a4,2047
    8816:	bf5d                	j	87cc <__extendsfdf2+0x2e>
    8818:	cc01                	beqz	s0,8830 <__extendsfdf2+0x92>
    881a:	00345713          	srli	a4,s0,0x3
    881e:	000807b7          	lui	a5,0x80
    8822:	8fd9                	or	a5,a5,a4
    8824:	07b2                	slli	a5,a5,0xc
    8826:	0476                	slli	s0,s0,0x1d
    8828:	83b1                	srli	a5,a5,0xc
    882a:	7ff00713          	li	a4,2047
    882e:	bf79                	j	87cc <__extendsfdf2+0x2e>
    8830:	7ff00713          	li	a4,2047
    8834:	4781                	li	a5,0
    8836:	bf59                	j	87cc <__extendsfdf2+0x2e>
    8838:	4701                	li	a4,0
    883a:	4781                	li	a5,0
    883c:	bf41                	j	87cc <__extendsfdf2+0x2e>
    883e:	ff550713          	addi	a4,a0,-11
    8842:	00e41733          	sll	a4,s0,a4
    8846:	4401                	li	s0,0
    8848:	bf7d                	j	8806 <__extendsfdf2+0x68>

0000884a <__truncdfsf2>:
    884a:	0145d693          	srli	a3,a1,0x14
    884e:	00c59793          	slli	a5,a1,0xc
    8852:	7ff6f693          	andi	a3,a3,2047
    8856:	83b1                	srli	a5,a5,0xc
    8858:	00168613          	addi	a2,a3,1 # fc000001 <_eusrstack+0xdbffb001>
    885c:	078e                	slli	a5,a5,0x3
    885e:	01d55713          	srli	a4,a0,0x1d
    8862:	7fe67613          	andi	a2,a2,2046
    8866:	81fd                	srli	a1,a1,0x1f
    8868:	8f5d                	or	a4,a4,a5
    886a:	00351893          	slli	a7,a0,0x3
    886e:	ce35                	beqz	a2,88ea <__truncdfsf2+0xa0>
    8870:	c8068813          	addi	a6,a3,-896
    8874:	0fe00793          	li	a5,254
    8878:	0107dd63          	bge	a5,a6,8892 <__truncdfsf2+0x48>
    887c:	4781                	li	a5,0
    887e:	00979513          	slli	a0,a5,0x9
    8882:	0ff00693          	li	a3,255
    8886:	06de                	slli	a3,a3,0x17
    8888:	8125                	srli	a0,a0,0x9
    888a:	05fe                	slli	a1,a1,0x1f
    888c:	8d55                	or	a0,a0,a3
    888e:	8d4d                	or	a0,a0,a1
    8890:	8082                	ret
    8892:	0b005563          	blez	a6,893c <__truncdfsf2+0xf2>
    8896:	00651793          	slli	a5,a0,0x6
    889a:	070e                	slli	a4,a4,0x3
    889c:	00f037b3          	snez	a5,a5
    88a0:	8fd9                	or	a5,a5,a4
    88a2:	01d8d893          	srli	a7,a7,0x1d
    88a6:	0117e7b3          	or	a5,a5,a7
    88aa:	0077f713          	andi	a4,a5,7
    88ae:	10070163          	beqz	a4,89b0 <__truncdfsf2+0x166>
    88b2:	00f7f713          	andi	a4,a5,15
    88b6:	4691                	li	a3,4
    88b8:	00d70363          	beq	a4,a3,88be <__truncdfsf2+0x74>
    88bc:	0791                	addi	a5,a5,4
    88be:	04000737          	lui	a4,0x4000
    88c2:	8f7d                	and	a4,a4,a5
    88c4:	c775                	beqz	a4,89b0 <__truncdfsf2+0x166>
    88c6:	00180713          	addi	a4,a6,1
    88ca:	0ff00613          	li	a2,255
    88ce:	0ff77693          	andi	a3,a4,255
    88d2:	fac705e3          	beq	a4,a2,887c <__truncdfsf2+0x32>
    88d6:	079a                	slli	a5,a5,0x6
    88d8:	83a5                	srli	a5,a5,0x9
    88da:	00979513          	slli	a0,a5,0x9
    88de:	06de                	slli	a3,a3,0x17
    88e0:	8125                	srli	a0,a0,0x9
    88e2:	05fe                	slli	a1,a1,0x1f
    88e4:	8d55                	or	a0,a0,a3
    88e6:	8d4d                	or	a0,a0,a1
    88e8:	8082                	ret
    88ea:	011767b3          	or	a5,a4,a7
    88ee:	ee99                	bnez	a3,890c <__truncdfsf2+0xc2>
    88f0:	cf85                	beqz	a5,8928 <__truncdfsf2+0xde>
    88f2:	4795                	li	a5,5
    88f4:	079a                	slli	a5,a5,0x6
    88f6:	83a5                	srli	a5,a5,0x9
    88f8:	00979513          	slli	a0,a5,0x9
    88fc:	0ff6f693          	andi	a3,a3,255
    8900:	06de                	slli	a3,a3,0x17
    8902:	8125                	srli	a0,a0,0x9
    8904:	05fe                	slli	a1,a1,0x1f
    8906:	8d55                	or	a0,a0,a3
    8908:	8d4d                	or	a0,a0,a1
    890a:	8082                	ret
    890c:	dba5                	beqz	a5,887c <__truncdfsf2+0x32>
    890e:	004007b7          	lui	a5,0x400
    8912:	00979513          	slli	a0,a5,0x9
    8916:	0ff00693          	li	a3,255
    891a:	06de                	slli	a3,a3,0x17
    891c:	4581                	li	a1,0
    891e:	8125                	srli	a0,a0,0x9
    8920:	05fe                	slli	a1,a1,0x1f
    8922:	8d55                	or	a0,a0,a3
    8924:	8d4d                	or	a0,a0,a1
    8926:	8082                	ret
    8928:	4781                	li	a5,0
    892a:	00979513          	slli	a0,a5,0x9
    892e:	4681                	li	a3,0
    8930:	06de                	slli	a3,a3,0x17
    8932:	8125                	srli	a0,a0,0x9
    8934:	05fe                	slli	a1,a1,0x1f
    8936:	8d55                	or	a0,a0,a3
    8938:	8d4d                	or	a0,a0,a1
    893a:	8082                	ret
    893c:	57a5                	li	a5,-23
    893e:	04f84863          	blt	a6,a5,898e <__truncdfsf2+0x144>
    8942:	47f9                	li	a5,30
    8944:	00800637          	lui	a2,0x800
    8948:	410787b3          	sub	a5,a5,a6
    894c:	457d                	li	a0,31
    894e:	8e59                	or	a2,a2,a4
    8950:	04f55163          	bge	a0,a5,8992 <__truncdfsf2+0x148>
    8954:	5779                	li	a4,-2
    8956:	41070733          	sub	a4,a4,a6
    895a:	02000513          	li	a0,32
    895e:	00e65733          	srl	a4,a2,a4
    8962:	00a78863          	beq	a5,a0,8972 <__truncdfsf2+0x128>
    8966:	ca268693          	addi	a3,a3,-862
    896a:	00d616b3          	sll	a3,a2,a3
    896e:	00d8e8b3          	or	a7,a7,a3
    8972:	011037b3          	snez	a5,a7
    8976:	8fd9                	or	a5,a5,a4
    8978:	0077f713          	andi	a4,a5,7
    897c:	4801                	li	a6,0
    897e:	fb15                	bnez	a4,88b2 <__truncdfsf2+0x68>
    8980:	00579713          	slli	a4,a5,0x5
    8984:	4685                	li	a3,1
    8986:	f40748e3          	bltz	a4,88d6 <__truncdfsf2+0x8c>
    898a:	4681                	li	a3,0
    898c:	b7a5                	j	88f4 <__truncdfsf2+0xaa>
    898e:	4681                	li	a3,0
    8990:	b78d                	j	88f2 <__truncdfsf2+0xa8>
    8992:	c8268693          	addi	a3,a3,-894
    8996:	00d89733          	sll	a4,a7,a3
    899a:	00e03733          	snez	a4,a4
    899e:	00d616b3          	sll	a3,a2,a3
    89a2:	00f8d8b3          	srl	a7,a7,a5
    89a6:	00d767b3          	or	a5,a4,a3
    89aa:	00f8e7b3          	or	a5,a7,a5
    89ae:	b7e9                	j	8978 <__truncdfsf2+0x12e>
    89b0:	86c2                	mv	a3,a6
    89b2:	b789                	j	88f4 <__truncdfsf2+0xaa>

000089b4 <__clzsi2>:
    89b4:	67c1                	lui	a5,0x10
    89b6:	02f57c63          	bgeu	a0,a5,89ee <__clzsi2+0x3a>
    89ba:	0ff00793          	li	a5,255
    89be:	02000713          	li	a4,32
    89c2:	00a7eb63          	bltu	a5,a0,89d8 <__clzsi2+0x24>
    89c6:	00006797          	auipc	a5,0x6
    89ca:	47a78793          	addi	a5,a5,1146 # ee40 <__clz_tab>
    89ce:	97aa                	add	a5,a5,a0
    89d0:	2388                	lbu	a0,0(a5)
    89d2:	40a70533          	sub	a0,a4,a0
    89d6:	8082                	ret
    89d8:	8121                	srli	a0,a0,0x8
    89da:	00006797          	auipc	a5,0x6
    89de:	46678793          	addi	a5,a5,1126 # ee40 <__clz_tab>
    89e2:	97aa                	add	a5,a5,a0
    89e4:	2388                	lbu	a0,0(a5)
    89e6:	4761                	li	a4,24
    89e8:	40a70533          	sub	a0,a4,a0
    89ec:	8082                	ret
    89ee:	010007b7          	lui	a5,0x1000
    89f2:	00f56d63          	bltu	a0,a5,8a0c <__clzsi2+0x58>
    89f6:	8161                	srli	a0,a0,0x18
    89f8:	00006797          	auipc	a5,0x6
    89fc:	44878793          	addi	a5,a5,1096 # ee40 <__clz_tab>
    8a00:	97aa                	add	a5,a5,a0
    8a02:	2388                	lbu	a0,0(a5)
    8a04:	4721                	li	a4,8
    8a06:	40a70533          	sub	a0,a4,a0
    8a0a:	8082                	ret
    8a0c:	8141                	srli	a0,a0,0x10
    8a0e:	00006797          	auipc	a5,0x6
    8a12:	43278793          	addi	a5,a5,1074 # ee40 <__clz_tab>
    8a16:	97aa                	add	a5,a5,a0
    8a18:	2388                	lbu	a0,0(a5)
    8a1a:	4741                	li	a4,16
    8a1c:	40a70533          	sub	a0,a4,a0
    8a20:	8082                	ret

00008a22 <atof>:
    8a22:	4581                	li	a1,0
    8a24:	0ad0106f          	j	a2d0 <strtod>

00008a28 <atoi>:
    8a28:	4629                	li	a2,10
    8a2a:	4581                	li	a1,0
    8a2c:	1fb0106f          	j	a426 <strtol>

00008a30 <__errno>:
    8a30:	84418793          	addi	a5,gp,-1980 # 20000234 <_impure_ptr>
    8a34:	4388                	lw	a0,0(a5)
    8a36:	8082                	ret

00008a38 <malloc>:
    8a38:	84418793          	addi	a5,gp,-1980 # 20000234 <_impure_ptr>
    8a3c:	85aa                	mv	a1,a0
    8a3e:	4388                	lw	a0,0(a5)
    8a40:	a06d                	j	8aea <_malloc_r>

00008a42 <_free_r>:
    8a42:	c1dd                	beqz	a1,8ae8 <_free_r+0xa6>
    8a44:	ffc5a783          	lw	a5,-4(a1)
    8a48:	1141                	addi	sp,sp,-16
    8a4a:	c422                	sw	s0,8(sp)
    8a4c:	c606                	sw	ra,12(sp)
    8a4e:	c226                	sw	s1,4(sp)
    8a50:	ffc58413          	addi	s0,a1,-4
    8a54:	0007d363          	bgez	a5,8a5a <_free_r+0x18>
    8a58:	943e                	add	s0,s0,a5
    8a5a:	84aa                	mv	s1,a0
    8a5c:	7cf020ef          	jal	ra,ba2a <__malloc_lock>
    8a60:	8e418793          	addi	a5,gp,-1820 # 200002d4 <__malloc_free_list>
    8a64:	439c                	lw	a5,0(a5)
    8a66:	ef81                	bnez	a5,8a7e <_free_r+0x3c>
    8a68:	00042223          	sw	zero,4(s0) # 4000004 <_data_lma+0x3ff0d88>
    8a6c:	8e81a223          	sw	s0,-1820(gp) # 200002d4 <__malloc_free_list>
    8a70:	4422                	lw	s0,8(sp)
    8a72:	40b2                	lw	ra,12(sp)
    8a74:	8526                	mv	a0,s1
    8a76:	4492                	lw	s1,4(sp)
    8a78:	0141                	addi	sp,sp,16
    8a7a:	7b30206f          	j	ba2c <__malloc_unlock>
    8a7e:	00f47e63          	bgeu	s0,a5,8a9a <_free_r+0x58>
    8a82:	4014                	lw	a3,0(s0)
    8a84:	00d40733          	add	a4,s0,a3
    8a88:	00e79663          	bne	a5,a4,8a94 <_free_r+0x52>
    8a8c:	4398                	lw	a4,0(a5)
    8a8e:	43dc                	lw	a5,4(a5)
    8a90:	9736                	add	a4,a4,a3
    8a92:	c018                	sw	a4,0(s0)
    8a94:	c05c                	sw	a5,4(s0)
    8a96:	bfd9                	j	8a6c <_free_r+0x2a>
    8a98:	87ba                	mv	a5,a4
    8a9a:	43d8                	lw	a4,4(a5)
    8a9c:	c319                	beqz	a4,8aa2 <_free_r+0x60>
    8a9e:	fee47de3          	bgeu	s0,a4,8a98 <_free_r+0x56>
    8aa2:	4394                	lw	a3,0(a5)
    8aa4:	00d78633          	add	a2,a5,a3
    8aa8:	00861f63          	bne	a2,s0,8ac6 <_free_r+0x84>
    8aac:	4010                	lw	a2,0(s0)
    8aae:	96b2                	add	a3,a3,a2
    8ab0:	c394                	sw	a3,0(a5)
    8ab2:	00d78633          	add	a2,a5,a3
    8ab6:	fac71de3          	bne	a4,a2,8a70 <_free_r+0x2e>
    8aba:	4310                	lw	a2,0(a4)
    8abc:	4358                	lw	a4,4(a4)
    8abe:	96b2                	add	a3,a3,a2
    8ac0:	c394                	sw	a3,0(a5)
    8ac2:	c3d8                	sw	a4,4(a5)
    8ac4:	b775                	j	8a70 <_free_r+0x2e>
    8ac6:	00c47563          	bgeu	s0,a2,8ad0 <_free_r+0x8e>
    8aca:	47b1                	li	a5,12
    8acc:	c09c                	sw	a5,0(s1)
    8ace:	b74d                	j	8a70 <_free_r+0x2e>
    8ad0:	4010                	lw	a2,0(s0)
    8ad2:	00c406b3          	add	a3,s0,a2
    8ad6:	00d71663          	bne	a4,a3,8ae2 <_free_r+0xa0>
    8ada:	4314                	lw	a3,0(a4)
    8adc:	4358                	lw	a4,4(a4)
    8ade:	96b2                	add	a3,a3,a2
    8ae0:	c014                	sw	a3,0(s0)
    8ae2:	c058                	sw	a4,4(s0)
    8ae4:	c3c0                	sw	s0,4(a5)
    8ae6:	b769                	j	8a70 <_free_r+0x2e>
    8ae8:	8082                	ret

00008aea <_malloc_r>:
    8aea:	1101                	addi	sp,sp,-32
    8aec:	ca26                	sw	s1,20(sp)
    8aee:	00358493          	addi	s1,a1,3
    8af2:	98f1                	andi	s1,s1,-4
    8af4:	ce06                	sw	ra,28(sp)
    8af6:	cc22                	sw	s0,24(sp)
    8af8:	c84a                	sw	s2,16(sp)
    8afa:	c64e                	sw	s3,12(sp)
    8afc:	04a1                	addi	s1,s1,8
    8afe:	47b1                	li	a5,12
    8b00:	04f4f563          	bgeu	s1,a5,8b4a <_malloc_r+0x60>
    8b04:	44b1                	li	s1,12
    8b06:	04b4e463          	bltu	s1,a1,8b4e <_malloc_r+0x64>
    8b0a:	892a                	mv	s2,a0
    8b0c:	71f020ef          	jal	ra,ba2a <__malloc_lock>
    8b10:	8e418793          	addi	a5,gp,-1820 # 200002d4 <__malloc_free_list>
    8b14:	4398                	lw	a4,0(a5)
    8b16:	843a                	mv	s0,a4
    8b18:	e429                	bnez	s0,8b62 <_malloc_r+0x78>
    8b1a:	8e818793          	addi	a5,gp,-1816 # 200002d8 <__malloc_sbrk_start>
    8b1e:	439c                	lw	a5,0(a5)
    8b20:	e799                	bnez	a5,8b2e <_malloc_r+0x44>
    8b22:	4581                	li	a1,0
    8b24:	854a                	mv	a0,s2
    8b26:	281000ef          	jal	ra,95a6 <_sbrk_r>
    8b2a:	8ea1a423          	sw	a0,-1816(gp) # 200002d8 <__malloc_sbrk_start>
    8b2e:	85a6                	mv	a1,s1
    8b30:	854a                	mv	a0,s2
    8b32:	275000ef          	jal	ra,95a6 <_sbrk_r>
    8b36:	59fd                	li	s3,-1
    8b38:	07351963          	bne	a0,s3,8baa <_malloc_r+0xc0>
    8b3c:	47b1                	li	a5,12
    8b3e:	00f92023          	sw	a5,0(s2)
    8b42:	854a                	mv	a0,s2
    8b44:	6e9020ef          	jal	ra,ba2c <__malloc_unlock>
    8b48:	a029                	j	8b52 <_malloc_r+0x68>
    8b4a:	fa04dee3          	bgez	s1,8b06 <_malloc_r+0x1c>
    8b4e:	47b1                	li	a5,12
    8b50:	c11c                	sw	a5,0(a0)
    8b52:	4501                	li	a0,0
    8b54:	40f2                	lw	ra,28(sp)
    8b56:	4462                	lw	s0,24(sp)
    8b58:	44d2                	lw	s1,20(sp)
    8b5a:	4942                	lw	s2,16(sp)
    8b5c:	49b2                	lw	s3,12(sp)
    8b5e:	6105                	addi	sp,sp,32
    8b60:	8082                	ret
    8b62:	401c                	lw	a5,0(s0)
    8b64:	8f85                	sub	a5,a5,s1
    8b66:	0207cf63          	bltz	a5,8ba4 <_malloc_r+0xba>
    8b6a:	46ad                	li	a3,11
    8b6c:	00f6f663          	bgeu	a3,a5,8b78 <_malloc_r+0x8e>
    8b70:	c01c                	sw	a5,0(s0)
    8b72:	943e                	add	s0,s0,a5
    8b74:	c004                	sw	s1,0(s0)
    8b76:	a031                	j	8b82 <_malloc_r+0x98>
    8b78:	405c                	lw	a5,4(s0)
    8b7a:	02871363          	bne	a4,s0,8ba0 <_malloc_r+0xb6>
    8b7e:	8ef1a223          	sw	a5,-1820(gp) # 200002d4 <__malloc_free_list>
    8b82:	854a                	mv	a0,s2
    8b84:	6a9020ef          	jal	ra,ba2c <__malloc_unlock>
    8b88:	00b40513          	addi	a0,s0,11
    8b8c:	00440793          	addi	a5,s0,4
    8b90:	9961                	andi	a0,a0,-8
    8b92:	40f50733          	sub	a4,a0,a5
    8b96:	df5d                	beqz	a4,8b54 <_malloc_r+0x6a>
    8b98:	943a                	add	s0,s0,a4
    8b9a:	8f89                	sub	a5,a5,a0
    8b9c:	c01c                	sw	a5,0(s0)
    8b9e:	bf5d                	j	8b54 <_malloc_r+0x6a>
    8ba0:	c35c                	sw	a5,4(a4)
    8ba2:	b7c5                	j	8b82 <_malloc_r+0x98>
    8ba4:	8722                	mv	a4,s0
    8ba6:	4040                	lw	s0,4(s0)
    8ba8:	bf85                	j	8b18 <_malloc_r+0x2e>
    8baa:	00350413          	addi	s0,a0,3
    8bae:	9871                	andi	s0,s0,-4
    8bb0:	fc8502e3          	beq	a0,s0,8b74 <_malloc_r+0x8a>
    8bb4:	40a405b3          	sub	a1,s0,a0
    8bb8:	854a                	mv	a0,s2
    8bba:	1ed000ef          	jal	ra,95a6 <_sbrk_r>
    8bbe:	fb351be3          	bne	a0,s3,8b74 <_malloc_r+0x8a>
    8bc2:	bfad                	j	8b3c <_malloc_r+0x52>

00008bc4 <__cvt>:
    8bc4:	7179                	addi	sp,sp,-48
    8bc6:	d422                	sw	s0,40(sp)
    8bc8:	d04a                	sw	s2,32(sp)
    8bca:	cc52                	sw	s4,24(sp)
    8bcc:	ca56                	sw	s5,20(sp)
    8bce:	c85a                	sw	s6,16(sp)
    8bd0:	d606                	sw	ra,44(sp)
    8bd2:	d226                	sw	s1,36(sp)
    8bd4:	ce4e                	sw	s3,28(sp)
    8bd6:	8a3a                	mv	s4,a4
    8bd8:	8aae                	mv	s5,a1
    8bda:	8432                	mv	s0,a2
    8bdc:	8936                	mv	s2,a3
    8bde:	8b42                	mv	s6,a6
    8be0:	4701                	li	a4,0
    8be2:	00065863          	bgez	a2,8bf2 <__cvt+0x2e>
    8be6:	80000737          	lui	a4,0x80000
    8bea:	00c74433          	xor	s0,a4,a2
    8bee:	02d00713          	li	a4,45
    8bf2:	a398                	sb	a4,0(a5)
    8bf4:	fdf8f493          	andi	s1,a7,-33
    8bf8:	04600793          	li	a5,70
    8bfc:	468d                	li	a3,3
    8bfe:	00f48863          	beq	s1,a5,8c0e <__cvt+0x4a>
    8c02:	04500793          	li	a5,69
    8c06:	4689                	li	a3,2
    8c08:	00f49363          	bne	s1,a5,8c0e <__cvt+0x4a>
    8c0c:	0905                	addi	s2,s2,1
    8c0e:	87da                	mv	a5,s6
    8c10:	00c10893          	addi	a7,sp,12
    8c14:	00810813          	addi	a6,sp,8
    8c18:	874a                	mv	a4,s2
    8c1a:	85d6                	mv	a1,s5
    8c1c:	8622                	mv	a2,s0
    8c1e:	19f010ef          	jal	ra,a5bc <_dtoa_r>
    8c22:	04700793          	li	a5,71
    8c26:	89aa                	mv	s3,a0
    8c28:	00f49663          	bne	s1,a5,8c34 <__cvt+0x70>
    8c2c:	001a7a13          	andi	s4,s4,1
    8c30:	040a0a63          	beqz	s4,8c84 <__cvt+0xc0>
    8c34:	04600793          	li	a5,70
    8c38:	01298a33          	add	s4,s3,s2
    8c3c:	02f49763          	bne	s1,a5,8c6a <__cvt+0xa6>
    8c40:	0009c703          	lbu	a4,0(s3)
    8c44:	03000793          	li	a5,48
    8c48:	00f71e63          	bne	a4,a5,8c64 <__cvt+0xa0>
    8c4c:	4601                	li	a2,0
    8c4e:	4681                	li	a3,0
    8c50:	8556                	mv	a0,s5
    8c52:	85a2                	mv	a1,s0
    8c54:	bbbfd0ef          	jal	ra,680e <__eqdf2>
    8c58:	c511                	beqz	a0,8c64 <__cvt+0xa0>
    8c5a:	4785                	li	a5,1
    8c5c:	41278933          	sub	s2,a5,s2
    8c60:	012b2023          	sw	s2,0(s6)
    8c64:	000b2783          	lw	a5,0(s6)
    8c68:	9a3e                	add	s4,s4,a5
    8c6a:	4601                	li	a2,0
    8c6c:	4681                	li	a3,0
    8c6e:	8556                	mv	a0,s5
    8c70:	85a2                	mv	a1,s0
    8c72:	b9dfd0ef          	jal	ra,680e <__eqdf2>
    8c76:	e111                	bnez	a0,8c7a <__cvt+0xb6>
    8c78:	c652                	sw	s4,12(sp)
    8c7a:	03000713          	li	a4,48
    8c7e:	47b2                	lw	a5,12(sp)
    8c80:	0347e263          	bltu	a5,s4,8ca4 <__cvt+0xe0>
    8c84:	47b2                	lw	a5,12(sp)
    8c86:	5742                	lw	a4,48(sp)
    8c88:	50b2                	lw	ra,44(sp)
    8c8a:	5422                	lw	s0,40(sp)
    8c8c:	413787b3          	sub	a5,a5,s3
    8c90:	c31c                	sw	a5,0(a4)
    8c92:	854e                	mv	a0,s3
    8c94:	5492                	lw	s1,36(sp)
    8c96:	5902                	lw	s2,32(sp)
    8c98:	49f2                	lw	s3,28(sp)
    8c9a:	4a62                	lw	s4,24(sp)
    8c9c:	4ad2                	lw	s5,20(sp)
    8c9e:	4b42                	lw	s6,16(sp)
    8ca0:	6145                	addi	sp,sp,48
    8ca2:	8082                	ret
    8ca4:	00178693          	addi	a3,a5,1
    8ca8:	c636                	sw	a3,12(sp)
    8caa:	a398                	sb	a4,0(a5)
    8cac:	bfc9                	j	8c7e <__cvt+0xba>

00008cae <__exponent>:
    8cae:	a110                	sb	a2,0(a0)
    8cb0:	00250713          	addi	a4,a0,2
    8cb4:	02b00793          	li	a5,43
    8cb8:	0005d663          	bgez	a1,8cc4 <__exponent+0x16>
    8cbc:	40b005b3          	neg	a1,a1
    8cc0:	02d00793          	li	a5,45
    8cc4:	b11c                	sb	a5,1(a0)
    8cc6:	47a5                	li	a5,9
    8cc8:	04b7da63          	bge	a5,a1,8d1c <__exponent+0x6e>
    8ccc:	1141                	addi	sp,sp,-16
    8cce:	00f10793          	addi	a5,sp,15
    8cd2:	88be                	mv	a7,a5
    8cd4:	4829                	li	a6,10
    8cd6:	06300313          	li	t1,99
    8cda:	0305e6b3          	rem	a3,a1,a6
    8cde:	fff78613          	addi	a2,a5,-1
    8ce2:	03068693          	addi	a3,a3,48
    8ce6:	fed78fa3          	sb	a3,-1(a5)
    8cea:	0305c6b3          	div	a3,a1,a6
    8cee:	00b34d63          	blt	t1,a1,8d08 <__exponent+0x5a>
    8cf2:	03068693          	addi	a3,a3,48
    8cf6:	17f9                	addi	a5,a5,-2
    8cf8:	fed60fa3          	sb	a3,-1(a2) # 7fffff <_data_lma+0x7f0d83>
    8cfc:	0117e963          	bltu	a5,a7,8d0e <__exponent+0x60>
    8d00:	40a70533          	sub	a0,a4,a0
    8d04:	0141                	addi	sp,sp,16
    8d06:	8082                	ret
    8d08:	87b2                	mv	a5,a2
    8d0a:	85b6                	mv	a1,a3
    8d0c:	b7f9                	j	8cda <__exponent+0x2c>
    8d0e:	0785                	addi	a5,a5,1
    8d10:	fff7c683          	lbu	a3,-1(a5)
    8d14:	0705                	addi	a4,a4,1
    8d16:	fed70fa3          	sb	a3,-1(a4) # 7fffffff <_eusrstack+0x5fffafff>
    8d1a:	b7cd                	j	8cfc <__exponent+0x4e>
    8d1c:	03000793          	li	a5,48
    8d20:	00450713          	addi	a4,a0,4
    8d24:	03058593          	addi	a1,a1,48
    8d28:	a13c                	sb	a5,2(a0)
    8d2a:	b12c                	sb	a1,3(a0)
    8d2c:	40a70533          	sub	a0,a4,a0
    8d30:	8082                	ret

00008d32 <_printf_float>:
    8d32:	7119                	addi	sp,sp,-128
    8d34:	ce3a                	sw	a4,28(sp)
    8d36:	de86                	sw	ra,124(sp)
    8d38:	dca2                	sw	s0,120(sp)
    8d3a:	daa6                	sw	s1,116(sp)
    8d3c:	842e                	mv	s0,a1
    8d3e:	d8ca                	sw	s2,112(sp)
    8d40:	d6ce                	sw	s3,108(sp)
    8d42:	d4d2                	sw	s4,104(sp)
    8d44:	89b6                	mv	s3,a3
    8d46:	d0da                	sw	s6,96(sp)
    8d48:	cede                	sw	s7,92(sp)
    8d4a:	cce2                	sw	s8,88(sp)
    8d4c:	8932                	mv	s2,a2
    8d4e:	d2d6                	sw	s5,100(sp)
    8d50:	cae6                	sw	s9,84(sp)
    8d52:	c8ea                	sw	s10,80(sp)
    8d54:	c6ee                	sw	s11,76(sp)
    8d56:	84aa                	mv	s1,a0
    8d58:	3bf020ef          	jal	ra,b916 <_localeconv_r>
    8d5c:	00052b83          	lw	s7,0(a0)
    8d60:	855e                	mv	a0,s7
    8d62:	06f000ef          	jal	ra,95d0 <strlen>
    8d66:	00042b03          	lw	s6,0(s0)
    8d6a:	4772                	lw	a4,28(sp)
    8d6c:	dc02                	sw	zero,56(sp)
    8d6e:	100b7693          	andi	a3,s6,256
    8d72:	8c2a                	mv	s8,a0
    8d74:	01844a03          	lbu	s4,24(s0)
    8d78:	431c                	lw	a5,0(a4)
    8d7a:	caf1                	beqz	a3,8e4e <_printf_float+0x11c>
    8d7c:	00478693          	addi	a3,a5,4
    8d80:	c314                	sw	a3,0(a4)
    8d82:	439c                	lw	a5,0(a5)
    8d84:	1008                	addi	a0,sp,32
    8d86:	4398                	lw	a4,0(a5)
    8d88:	d03a                	sw	a4,32(sp)
    8d8a:	43d8                	lw	a4,4(a5)
    8d8c:	d23a                	sw	a4,36(sp)
    8d8e:	4798                	lw	a4,8(a5)
    8d90:	d43a                	sw	a4,40(sp)
    8d92:	47dc                	lw	a5,12(a5)
    8d94:	d63e                	sw	a5,44(sp)
    8d96:	28b030ef          	jal	ra,c820 <__trunctfdf2>
    8d9a:	c428                	sw	a0,72(s0)
    8d9c:	c46c                	sw	a1,76(s0)
    8d9e:	04c42c83          	lw	s9,76(s0)
    8da2:	00006717          	auipc	a4,0x6
    8da6:	19e70713          	addi	a4,a4,414 # ef40 <__clz_tab+0x100>
    8daa:	04842a83          	lw	s5,72(s0)
    8dae:	00072d03          	lw	s10,0(a4)
    8db2:	00472d83          	lw	s11,4(a4)
    8db6:	001c9793          	slli	a5,s9,0x1
    8dba:	8385                	srli	a5,a5,0x1
    8dbc:	866a                	mv	a2,s10
    8dbe:	86ee                	mv	a3,s11
    8dc0:	8556                	mv	a0,s5
    8dc2:	85be                	mv	a1,a5
    8dc4:	ce3e                	sw	a5,28(sp)
    8dc6:	80dfe0ef          	jal	ra,75d2 <__unorddf2>
    8dca:	ed41                	bnez	a0,8e62 <_printf_float+0x130>
    8dcc:	47f2                	lw	a5,28(sp)
    8dce:	866a                	mv	a2,s10
    8dd0:	86ee                	mv	a3,s11
    8dd2:	8556                	mv	a0,s5
    8dd4:	85be                	mv	a1,a5
    8dd6:	b51fd0ef          	jal	ra,6926 <__ledf2>
    8dda:	08a05463          	blez	a0,8e62 <_printf_float+0x130>
    8dde:	4601                	li	a2,0
    8de0:	4681                	li	a3,0
    8de2:	8556                	mv	a0,s5
    8de4:	85e6                	mv	a1,s9
    8de6:	b41fd0ef          	jal	ra,6926 <__ledf2>
    8dea:	00055663          	bgez	a0,8df6 <_printf_float+0xc4>
    8dee:	02d00793          	li	a5,45
    8df2:	04f401a3          	sb	a5,67(s0)
    8df6:	04700793          	li	a5,71
    8dfa:	00006a97          	auipc	s5,0x6
    8dfe:	14ea8a93          	addi	s5,s5,334 # ef48 <__clz_tab+0x108>
    8e02:	0147f663          	bgeu	a5,s4,8e0e <_printf_float+0xdc>
    8e06:	00006a97          	auipc	s5,0x6
    8e0a:	146a8a93          	addi	s5,s5,326 # ef4c <__clz_tab+0x10c>
    8e0e:	ffbb7b13          	andi	s6,s6,-5
    8e12:	478d                	li	a5,3
    8e14:	01642023          	sw	s6,0(s0)
    8e18:	c81c                	sw	a5,16(s0)
    8e1a:	4b01                	li	s6,0
    8e1c:	874e                	mv	a4,s3
    8e1e:	86ca                	mv	a3,s2
    8e20:	1870                	addi	a2,sp,60
    8e22:	85a2                	mv	a1,s0
    8e24:	8526                	mv	a0,s1
    8e26:	2ec1                	jal	91f6 <_printf_common>
    8e28:	5cfd                	li	s9,-1
    8e2a:	15951e63          	bne	a0,s9,8f86 <_printf_float+0x254>
    8e2e:	557d                	li	a0,-1
    8e30:	50f6                	lw	ra,124(sp)
    8e32:	5466                	lw	s0,120(sp)
    8e34:	54d6                	lw	s1,116(sp)
    8e36:	5946                	lw	s2,112(sp)
    8e38:	59b6                	lw	s3,108(sp)
    8e3a:	5a26                	lw	s4,104(sp)
    8e3c:	5a96                	lw	s5,100(sp)
    8e3e:	5b06                	lw	s6,96(sp)
    8e40:	4bf6                	lw	s7,92(sp)
    8e42:	4c66                	lw	s8,88(sp)
    8e44:	4cd6                	lw	s9,84(sp)
    8e46:	4d46                	lw	s10,80(sp)
    8e48:	4db6                	lw	s11,76(sp)
    8e4a:	6109                	addi	sp,sp,128
    8e4c:	8082                	ret
    8e4e:	079d                	addi	a5,a5,7
    8e50:	9be1                	andi	a5,a5,-8
    8e52:	00878693          	addi	a3,a5,8
    8e56:	c314                	sw	a3,0(a4)
    8e58:	4398                	lw	a4,0(a5)
    8e5a:	43dc                	lw	a5,4(a5)
    8e5c:	c438                	sw	a4,72(s0)
    8e5e:	c47c                	sw	a5,76(s0)
    8e60:	bf3d                	j	8d9e <_printf_float+0x6c>
    8e62:	8656                	mv	a2,s5
    8e64:	86e6                	mv	a3,s9
    8e66:	8556                	mv	a0,s5
    8e68:	85e6                	mv	a1,s9
    8e6a:	f68fe0ef          	jal	ra,75d2 <__unorddf2>
    8e6e:	cd11                	beqz	a0,8e8a <_printf_float+0x158>
    8e70:	04700793          	li	a5,71
    8e74:	00006a97          	auipc	s5,0x6
    8e78:	0dca8a93          	addi	s5,s5,220 # ef50 <__clz_tab+0x110>
    8e7c:	f947f9e3          	bgeu	a5,s4,8e0e <_printf_float+0xdc>
    8e80:	00006a97          	auipc	s5,0x6
    8e84:	0d4a8a93          	addi	s5,s5,212 # ef54 <__clz_tab+0x114>
    8e88:	b759                	j	8e0e <_printf_float+0xdc>
    8e8a:	405c                	lw	a5,4(s0)
    8e8c:	577d                	li	a4,-1
    8e8e:	0dfa7d13          	andi	s10,s4,223
    8e92:	08e79563          	bne	a5,a4,8f1c <_printf_float+0x1ea>
    8e96:	4799                	li	a5,6
    8e98:	c05c                	sw	a5,4(s0)
    8e9a:	4054                	lw	a3,4(s0)
    8e9c:	400b6713          	ori	a4,s6,1024
    8ea0:	183c                	addi	a5,sp,56
    8ea2:	85d6                	mv	a1,s5
    8ea4:	c03e                	sw	a5,0(sp)
    8ea6:	c018                	sw	a4,0(s0)
    8ea8:	03310793          	addi	a5,sp,51
    8eac:	c202                	sw	zero,4(sp)
    8eae:	88d2                	mv	a7,s4
    8eb0:	03410813          	addi	a6,sp,52
    8eb4:	8666                	mv	a2,s9
    8eb6:	8526                	mv	a0,s1
    8eb8:	d0dff0ef          	jal	ra,8bc4 <__cvt>
    8ebc:	04700793          	li	a5,71
    8ec0:	8aaa                	mv	s5,a0
    8ec2:	55d2                	lw	a1,52(sp)
    8ec4:	00fd1b63          	bne	s10,a5,8eda <_printf_float+0x1a8>
    8ec8:	57f5                	li	a5,-3
    8eca:	00f5c563          	blt	a1,a5,8ed4 <_printf_float+0x1a2>
    8ece:	405c                	lw	a5,4(s0)
    8ed0:	08b7d863          	bge	a5,a1,8f60 <_printf_float+0x22e>
    8ed4:	1a79                	addi	s4,s4,-2
    8ed6:	0ffa7a13          	andi	s4,s4,255
    8eda:	06500793          	li	a5,101
    8ede:	0547e663          	bltu	a5,s4,8f2a <_printf_float+0x1f8>
    8ee2:	15fd                	addi	a1,a1,-1
    8ee4:	8652                	mv	a2,s4
    8ee6:	05040513          	addi	a0,s0,80
    8eea:	da2e                	sw	a1,52(sp)
    8eec:	dc3ff0ef          	jal	ra,8cae <__exponent>
    8ef0:	5762                	lw	a4,56(sp)
    8ef2:	4685                	li	a3,1
    8ef4:	8b2a                	mv	s6,a0
    8ef6:	00a707b3          	add	a5,a4,a0
    8efa:	c81c                	sw	a5,16(s0)
    8efc:	00e6c563          	blt	a3,a4,8f06 <_printf_float+0x1d4>
    8f00:	4018                	lw	a4,0(s0)
    8f02:	8b05                	andi	a4,a4,1
    8f04:	c319                	beqz	a4,8f0a <_printf_float+0x1d8>
    8f06:	0785                	addi	a5,a5,1
    8f08:	c81c                	sw	a5,16(s0)
    8f0a:	03314783          	lbu	a5,51(sp)
    8f0e:	f00787e3          	beqz	a5,8e1c <_printf_float+0xea>
    8f12:	02d00793          	li	a5,45
    8f16:	04f401a3          	sb	a5,67(s0)
    8f1a:	b709                	j	8e1c <_printf_float+0xea>
    8f1c:	04700713          	li	a4,71
    8f20:	f6ed1de3          	bne	s10,a4,8e9a <_printf_float+0x168>
    8f24:	fbbd                	bnez	a5,8e9a <_printf_float+0x168>
    8f26:	4785                	li	a5,1
    8f28:	bf85                	j	8e98 <_printf_float+0x166>
    8f2a:	06600793          	li	a5,102
    8f2e:	02fa1b63          	bne	s4,a5,8f64 <_printf_float+0x232>
    8f32:	405c                	lw	a5,4(s0)
    8f34:	00b05b63          	blez	a1,8f4a <_printf_float+0x218>
    8f38:	c80c                	sw	a1,16(s0)
    8f3a:	e781                	bnez	a5,8f42 <_printf_float+0x210>
    8f3c:	4018                	lw	a4,0(s0)
    8f3e:	8b05                	andi	a4,a4,1
    8f40:	cf09                	beqz	a4,8f5a <_printf_float+0x228>
    8f42:	0785                	addi	a5,a5,1
    8f44:	97ae                	add	a5,a5,a1
    8f46:	c81c                	sw	a5,16(s0)
    8f48:	a809                	j	8f5a <_printf_float+0x228>
    8f4a:	e789                	bnez	a5,8f54 <_printf_float+0x222>
    8f4c:	4018                	lw	a4,0(s0)
    8f4e:	4685                	li	a3,1
    8f50:	8b05                	andi	a4,a4,1
    8f52:	c319                	beqz	a4,8f58 <_printf_float+0x226>
    8f54:	00278693          	addi	a3,a5,2
    8f58:	c814                	sw	a3,16(s0)
    8f5a:	cc2c                	sw	a1,88(s0)
    8f5c:	4b01                	li	s6,0
    8f5e:	b775                	j	8f0a <_printf_float+0x1d8>
    8f60:	06700a13          	li	s4,103
    8f64:	57e2                	lw	a5,56(sp)
    8f66:	00f5c963          	blt	a1,a5,8f78 <_printf_float+0x246>
    8f6a:	401c                	lw	a5,0(s0)
    8f6c:	c80c                	sw	a1,16(s0)
    8f6e:	8b85                	andi	a5,a5,1
    8f70:	d7ed                	beqz	a5,8f5a <_printf_float+0x228>
    8f72:	00158793          	addi	a5,a1,1
    8f76:	bfc1                	j	8f46 <_printf_float+0x214>
    8f78:	4705                	li	a4,1
    8f7a:	00b04463          	bgtz	a1,8f82 <_printf_float+0x250>
    8f7e:	4709                	li	a4,2
    8f80:	8f0d                	sub	a4,a4,a1
    8f82:	97ba                	add	a5,a5,a4
    8f84:	b7c9                	j	8f46 <_printf_float+0x214>
    8f86:	401c                	lw	a5,0(s0)
    8f88:	4007f713          	andi	a4,a5,1024
    8f8c:	e315                	bnez	a4,8fb0 <_printf_float+0x27e>
    8f8e:	4814                	lw	a3,16(s0)
    8f90:	8656                	mv	a2,s5
    8f92:	85ca                	mv	a1,s2
    8f94:	8526                	mv	a0,s1
    8f96:	9982                	jalr	s3
    8f98:	e9950be3          	beq	a0,s9,8e2e <_printf_float+0xfc>
    8f9c:	401c                	lw	a5,0(s0)
    8f9e:	8b89                	andi	a5,a5,2
    8fa0:	24079663          	bnez	a5,91ec <_printf_float+0x4ba>
    8fa4:	57f2                	lw	a5,60(sp)
    8fa6:	4448                	lw	a0,12(s0)
    8fa8:	e8f554e3          	bge	a0,a5,8e30 <_printf_float+0xfe>
    8fac:	853e                	mv	a0,a5
    8fae:	b549                	j	8e30 <_printf_float+0xfe>
    8fb0:	06500713          	li	a4,101
    8fb4:	19477b63          	bgeu	a4,s4,914a <_printf_float+0x418>
    8fb8:	4428                	lw	a0,72(s0)
    8fba:	446c                	lw	a1,76(s0)
    8fbc:	4601                	li	a2,0
    8fbe:	4681                	li	a3,0
    8fc0:	84ffd0ef          	jal	ra,680e <__eqdf2>
    8fc4:	e939                	bnez	a0,901a <_printf_float+0x2e8>
    8fc6:	4685                	li	a3,1
    8fc8:	00006617          	auipc	a2,0x6
    8fcc:	f9060613          	addi	a2,a2,-112 # ef58 <__clz_tab+0x118>
    8fd0:	85ca                	mv	a1,s2
    8fd2:	8526                	mv	a0,s1
    8fd4:	9982                	jalr	s3
    8fd6:	e5950ce3          	beq	a0,s9,8e2e <_printf_float+0xfc>
    8fda:	5752                	lw	a4,52(sp)
    8fdc:	57e2                	lw	a5,56(sp)
    8fde:	00f74563          	blt	a4,a5,8fe8 <_printf_float+0x2b6>
    8fe2:	401c                	lw	a5,0(s0)
    8fe4:	8b85                	andi	a5,a5,1
    8fe6:	dbdd                	beqz	a5,8f9c <_printf_float+0x26a>
    8fe8:	86e2                	mv	a3,s8
    8fea:	865e                	mv	a2,s7
    8fec:	85ca                	mv	a1,s2
    8fee:	8526                	mv	a0,s1
    8ff0:	9982                	jalr	s3
    8ff2:	57fd                	li	a5,-1
    8ff4:	e2f50de3          	beq	a0,a5,8e2e <_printf_float+0xfc>
    8ff8:	4a01                	li	s4,0
    8ffa:	01a40a93          	addi	s5,s0,26
    8ffe:	5b7d                	li	s6,-1
    9000:	57e2                	lw	a5,56(sp)
    9002:	17fd                	addi	a5,a5,-1
    9004:	f8fa5ce3          	bge	s4,a5,8f9c <_printf_float+0x26a>
    9008:	4685                	li	a3,1
    900a:	8656                	mv	a2,s5
    900c:	85ca                	mv	a1,s2
    900e:	8526                	mv	a0,s1
    9010:	9982                	jalr	s3
    9012:	e1650ee3          	beq	a0,s6,8e2e <_printf_float+0xfc>
    9016:	0a05                	addi	s4,s4,1
    9018:	b7e5                	j	9000 <_printf_float+0x2ce>
    901a:	57d2                	lw	a5,52(sp)
    901c:	06f04663          	bgtz	a5,9088 <_printf_float+0x356>
    9020:	4685                	li	a3,1
    9022:	00006617          	auipc	a2,0x6
    9026:	f3660613          	addi	a2,a2,-202 # ef58 <__clz_tab+0x118>
    902a:	85ca                	mv	a1,s2
    902c:	8526                	mv	a0,s1
    902e:	9982                	jalr	s3
    9030:	df950fe3          	beq	a0,s9,8e2e <_printf_float+0xfc>
    9034:	57d2                	lw	a5,52(sp)
    9036:	5762                	lw	a4,56(sp)
    9038:	8fd9                	or	a5,a5,a4
    903a:	e781                	bnez	a5,9042 <_printf_float+0x310>
    903c:	401c                	lw	a5,0(s0)
    903e:	8b85                	andi	a5,a5,1
    9040:	dfb1                	beqz	a5,8f9c <_printf_float+0x26a>
    9042:	86e2                	mv	a3,s8
    9044:	865e                	mv	a2,s7
    9046:	85ca                	mv	a1,s2
    9048:	8526                	mv	a0,s1
    904a:	9982                	jalr	s3
    904c:	57fd                	li	a5,-1
    904e:	def500e3          	beq	a0,a5,8e2e <_printf_float+0xfc>
    9052:	4a01                	li	s4,0
    9054:	01a40b13          	addi	s6,s0,26
    9058:	5bfd                	li	s7,-1
    905a:	57d2                	lw	a5,52(sp)
    905c:	40f007b3          	neg	a5,a5
    9060:	00fa4b63          	blt	s4,a5,9076 <_printf_float+0x344>
    9064:	56e2                	lw	a3,56(sp)
    9066:	8656                	mv	a2,s5
    9068:	85ca                	mv	a1,s2
    906a:	8526                	mv	a0,s1
    906c:	9982                	jalr	s3
    906e:	57fd                	li	a5,-1
    9070:	f2f516e3          	bne	a0,a5,8f9c <_printf_float+0x26a>
    9074:	bb6d                	j	8e2e <_printf_float+0xfc>
    9076:	4685                	li	a3,1
    9078:	865a                	mv	a2,s6
    907a:	85ca                	mv	a1,s2
    907c:	8526                	mv	a0,s1
    907e:	9982                	jalr	s3
    9080:	db7507e3          	beq	a0,s7,8e2e <_printf_float+0xfc>
    9084:	0a05                	addi	s4,s4,1
    9086:	bfd1                	j	905a <_printf_float+0x328>
    9088:	4c3c                	lw	a5,88(s0)
    908a:	5a62                	lw	s4,56(sp)
    908c:	0147d363          	bge	a5,s4,9092 <_printf_float+0x360>
    9090:	8a3e                	mv	s4,a5
    9092:	01405a63          	blez	s4,90a6 <_printf_float+0x374>
    9096:	86d2                	mv	a3,s4
    9098:	8656                	mv	a2,s5
    909a:	85ca                	mv	a1,s2
    909c:	8526                	mv	a0,s1
    909e:	9982                	jalr	s3
    90a0:	57fd                	li	a5,-1
    90a2:	d8f506e3          	beq	a0,a5,8e2e <_printf_float+0xfc>
    90a6:	4c81                	li	s9,0
    90a8:	01a40d13          	addi	s10,s0,26
    90ac:	5dfd                	li	s11,-1
    90ae:	a809                	j	90c0 <_printf_float+0x38e>
    90b0:	4685                	li	a3,1
    90b2:	866a                	mv	a2,s10
    90b4:	85ca                	mv	a1,s2
    90b6:	8526                	mv	a0,s1
    90b8:	9982                	jalr	s3
    90ba:	d7b50ae3          	beq	a0,s11,8e2e <_printf_float+0xfc>
    90be:	0c85                	addi	s9,s9,1
    90c0:	05842b03          	lw	s6,88(s0)
    90c4:	87d2                	mv	a5,s4
    90c6:	000a5363          	bgez	s4,90cc <_printf_float+0x39a>
    90ca:	4781                	li	a5,0
    90cc:	40fb07b3          	sub	a5,s6,a5
    90d0:	fefcc0e3          	blt	s9,a5,90b0 <_printf_float+0x37e>
    90d4:	5752                	lw	a4,52(sp)
    90d6:	57e2                	lw	a5,56(sp)
    90d8:	02f74d63          	blt	a4,a5,9112 <_printf_float+0x3e0>
    90dc:	401c                	lw	a5,0(s0)
    90de:	8b85                	andi	a5,a5,1
    90e0:	eb8d                	bnez	a5,9112 <_printf_float+0x3e0>
    90e2:	57e2                	lw	a5,56(sp)
    90e4:	5752                	lw	a4,52(sp)
    90e6:	40e78a33          	sub	s4,a5,a4
    90ea:	00eb4463          	blt	s6,a4,90f2 <_printf_float+0x3c0>
    90ee:	41678a33          	sub	s4,a5,s6
    90f2:	01405b63          	blez	s4,9108 <_printf_float+0x3d6>
    90f6:	86d2                	mv	a3,s4
    90f8:	016a8633          	add	a2,s5,s6
    90fc:	85ca                	mv	a1,s2
    90fe:	8526                	mv	a0,s1
    9100:	9982                	jalr	s3
    9102:	57fd                	li	a5,-1
    9104:	d2f505e3          	beq	a0,a5,8e2e <_printf_float+0xfc>
    9108:	4a81                	li	s5,0
    910a:	01a40b13          	addi	s6,s0,26
    910e:	5bfd                	li	s7,-1
    9110:	a015                	j	9134 <_printf_float+0x402>
    9112:	86e2                	mv	a3,s8
    9114:	865e                	mv	a2,s7
    9116:	85ca                	mv	a1,s2
    9118:	8526                	mv	a0,s1
    911a:	9982                	jalr	s3
    911c:	57fd                	li	a5,-1
    911e:	fcf512e3          	bne	a0,a5,90e2 <_printf_float+0x3b0>
    9122:	b331                	j	8e2e <_printf_float+0xfc>
    9124:	4685                	li	a3,1
    9126:	865a                	mv	a2,s6
    9128:	85ca                	mv	a1,s2
    912a:	8526                	mv	a0,s1
    912c:	9982                	jalr	s3
    912e:	d17500e3          	beq	a0,s7,8e2e <_printf_float+0xfc>
    9132:	0a85                	addi	s5,s5,1
    9134:	5752                	lw	a4,52(sp)
    9136:	57e2                	lw	a5,56(sp)
    9138:	8f99                	sub	a5,a5,a4
    913a:	8752                	mv	a4,s4
    913c:	000a5363          	bgez	s4,9142 <_printf_float+0x410>
    9140:	4701                	li	a4,0
    9142:	8f99                	sub	a5,a5,a4
    9144:	fefac0e3          	blt	s5,a5,9124 <_printf_float+0x3f2>
    9148:	bd91                	j	8f9c <_printf_float+0x26a>
    914a:	56e2                	lw	a3,56(sp)
    914c:	4705                	li	a4,1
    914e:	00d74463          	blt	a4,a3,9156 <_printf_float+0x424>
    9152:	8b85                	andi	a5,a5,1
    9154:	c7b5                	beqz	a5,91c0 <_printf_float+0x48e>
    9156:	4685                	li	a3,1
    9158:	8656                	mv	a2,s5
    915a:	85ca                	mv	a1,s2
    915c:	8526                	mv	a0,s1
    915e:	9982                	jalr	s3
    9160:	5a7d                	li	s4,-1
    9162:	cd4506e3          	beq	a0,s4,8e2e <_printf_float+0xfc>
    9166:	86e2                	mv	a3,s8
    9168:	865e                	mv	a2,s7
    916a:	85ca                	mv	a1,s2
    916c:	8526                	mv	a0,s1
    916e:	9982                	jalr	s3
    9170:	cb450fe3          	beq	a0,s4,8e2e <_printf_float+0xfc>
    9174:	4428                	lw	a0,72(s0)
    9176:	446c                	lw	a1,76(s0)
    9178:	4601                	li	a2,0
    917a:	4681                	li	a3,0
    917c:	e92fd0ef          	jal	ra,680e <__eqdf2>
    9180:	c91d                	beqz	a0,91b6 <_printf_float+0x484>
    9182:	56e2                	lw	a3,56(sp)
    9184:	001a8613          	addi	a2,s5,1
    9188:	85ca                	mv	a1,s2
    918a:	16fd                	addi	a3,a3,-1
    918c:	8526                	mv	a0,s1
    918e:	9982                	jalr	s3
    9190:	c9450fe3          	beq	a0,s4,8e2e <_printf_float+0xfc>
    9194:	86da                	mv	a3,s6
    9196:	05040613          	addi	a2,s0,80
    919a:	b5f9                	j	9068 <_printf_float+0x336>
    919c:	4685                	li	a3,1
    919e:	8656                	mv	a2,s5
    91a0:	85ca                	mv	a1,s2
    91a2:	8526                	mv	a0,s1
    91a4:	9982                	jalr	s3
    91a6:	c97504e3          	beq	a0,s7,8e2e <_printf_float+0xfc>
    91aa:	0a05                	addi	s4,s4,1
    91ac:	57e2                	lw	a5,56(sp)
    91ae:	17fd                	addi	a5,a5,-1
    91b0:	fefa46e3          	blt	s4,a5,919c <_printf_float+0x46a>
    91b4:	b7c5                	j	9194 <_printf_float+0x462>
    91b6:	4a01                	li	s4,0
    91b8:	01a40a93          	addi	s5,s0,26
    91bc:	5bfd                	li	s7,-1
    91be:	b7fd                	j	91ac <_printf_float+0x47a>
    91c0:	4685                	li	a3,1
    91c2:	8656                	mv	a2,s5
    91c4:	85ca                	mv	a1,s2
    91c6:	8526                	mv	a0,s1
    91c8:	9982                	jalr	s3
    91ca:	fd9515e3          	bne	a0,s9,9194 <_printf_float+0x462>
    91ce:	b185                	j	8e2e <_printf_float+0xfc>
    91d0:	4685                	li	a3,1
    91d2:	8656                	mv	a2,s5
    91d4:	85ca                	mv	a1,s2
    91d6:	8526                	mv	a0,s1
    91d8:	9982                	jalr	s3
    91da:	c5650ae3          	beq	a0,s6,8e2e <_printf_float+0xfc>
    91de:	0a05                	addi	s4,s4,1
    91e0:	445c                	lw	a5,12(s0)
    91e2:	5772                	lw	a4,60(sp)
    91e4:	8f99                	sub	a5,a5,a4
    91e6:	fefa45e3          	blt	s4,a5,91d0 <_printf_float+0x49e>
    91ea:	bb6d                	j	8fa4 <_printf_float+0x272>
    91ec:	4a01                	li	s4,0
    91ee:	01940a93          	addi	s5,s0,25
    91f2:	5b7d                	li	s6,-1
    91f4:	b7f5                	j	91e0 <_printf_float+0x4ae>

000091f6 <_printf_common>:
    91f6:	7179                	addi	sp,sp,-48
    91f8:	ca56                	sw	s5,20(sp)
    91fa:	499c                	lw	a5,16(a1)
    91fc:	8aba                	mv	s5,a4
    91fe:	4598                	lw	a4,8(a1)
    9200:	d422                	sw	s0,40(sp)
    9202:	d226                	sw	s1,36(sp)
    9204:	ce4e                	sw	s3,28(sp)
    9206:	cc52                	sw	s4,24(sp)
    9208:	d606                	sw	ra,44(sp)
    920a:	d04a                	sw	s2,32(sp)
    920c:	c85a                	sw	s6,16(sp)
    920e:	c65e                	sw	s7,12(sp)
    9210:	89aa                	mv	s3,a0
    9212:	842e                	mv	s0,a1
    9214:	84b2                	mv	s1,a2
    9216:	8a36                	mv	s4,a3
    9218:	00e7d363          	bge	a5,a4,921e <_printf_common+0x28>
    921c:	87ba                	mv	a5,a4
    921e:	c09c                	sw	a5,0(s1)
    9220:	04344703          	lbu	a4,67(s0)
    9224:	c319                	beqz	a4,922a <_printf_common+0x34>
    9226:	0785                	addi	a5,a5,1
    9228:	c09c                	sw	a5,0(s1)
    922a:	401c                	lw	a5,0(s0)
    922c:	0207f793          	andi	a5,a5,32
    9230:	c781                	beqz	a5,9238 <_printf_common+0x42>
    9232:	409c                	lw	a5,0(s1)
    9234:	0789                	addi	a5,a5,2
    9236:	c09c                	sw	a5,0(s1)
    9238:	00042903          	lw	s2,0(s0)
    923c:	00697913          	andi	s2,s2,6
    9240:	00091a63          	bnez	s2,9254 <_printf_common+0x5e>
    9244:	01940b13          	addi	s6,s0,25
    9248:	5bfd                	li	s7,-1
    924a:	445c                	lw	a5,12(s0)
    924c:	4098                	lw	a4,0(s1)
    924e:	8f99                	sub	a5,a5,a4
    9250:	04f94c63          	blt	s2,a5,92a8 <_printf_common+0xb2>
    9254:	401c                	lw	a5,0(s0)
    9256:	04344683          	lbu	a3,67(s0)
    925a:	0207f793          	andi	a5,a5,32
    925e:	00d036b3          	snez	a3,a3
    9262:	eba5                	bnez	a5,92d2 <_printf_common+0xdc>
    9264:	04340613          	addi	a2,s0,67
    9268:	85d2                	mv	a1,s4
    926a:	854e                	mv	a0,s3
    926c:	9a82                	jalr	s5
    926e:	57fd                	li	a5,-1
    9270:	04f50363          	beq	a0,a5,92b6 <_printf_common+0xc0>
    9274:	401c                	lw	a5,0(s0)
    9276:	4611                	li	a2,4
    9278:	4098                	lw	a4,0(s1)
    927a:	8b99                	andi	a5,a5,6
    927c:	4454                	lw	a3,12(s0)
    927e:	4481                	li	s1,0
    9280:	00c79763          	bne	a5,a2,928e <_printf_common+0x98>
    9284:	40e684b3          	sub	s1,a3,a4
    9288:	0004d363          	bgez	s1,928e <_printf_common+0x98>
    928c:	4481                	li	s1,0
    928e:	441c                	lw	a5,8(s0)
    9290:	4818                	lw	a4,16(s0)
    9292:	00f75463          	bge	a4,a5,929a <_printf_common+0xa4>
    9296:	8f99                	sub	a5,a5,a4
    9298:	94be                	add	s1,s1,a5
    929a:	4901                	li	s2,0
    929c:	0469                	addi	s0,s0,26
    929e:	5b7d                	li	s6,-1
    92a0:	05249863          	bne	s1,s2,92f0 <_printf_common+0xfa>
    92a4:	4501                	li	a0,0
    92a6:	a809                	j	92b8 <_printf_common+0xc2>
    92a8:	4685                	li	a3,1
    92aa:	865a                	mv	a2,s6
    92ac:	85d2                	mv	a1,s4
    92ae:	854e                	mv	a0,s3
    92b0:	9a82                	jalr	s5
    92b2:	01751e63          	bne	a0,s7,92ce <_printf_common+0xd8>
    92b6:	557d                	li	a0,-1
    92b8:	50b2                	lw	ra,44(sp)
    92ba:	5422                	lw	s0,40(sp)
    92bc:	5492                	lw	s1,36(sp)
    92be:	5902                	lw	s2,32(sp)
    92c0:	49f2                	lw	s3,28(sp)
    92c2:	4a62                	lw	s4,24(sp)
    92c4:	4ad2                	lw	s5,20(sp)
    92c6:	4b42                	lw	s6,16(sp)
    92c8:	4bb2                	lw	s7,12(sp)
    92ca:	6145                	addi	sp,sp,48
    92cc:	8082                	ret
    92ce:	0905                	addi	s2,s2,1
    92d0:	bfad                	j	924a <_printf_common+0x54>
    92d2:	00d40733          	add	a4,s0,a3
    92d6:	03000613          	li	a2,48
    92da:	04c701a3          	sb	a2,67(a4)
    92de:	04544703          	lbu	a4,69(s0)
    92e2:	00168793          	addi	a5,a3,1
    92e6:	97a2                	add	a5,a5,s0
    92e8:	0689                	addi	a3,a3,2
    92ea:	04e781a3          	sb	a4,67(a5)
    92ee:	bf9d                	j	9264 <_printf_common+0x6e>
    92f0:	4685                	li	a3,1
    92f2:	8622                	mv	a2,s0
    92f4:	85d2                	mv	a1,s4
    92f6:	854e                	mv	a0,s3
    92f8:	9a82                	jalr	s5
    92fa:	fb650ee3          	beq	a0,s6,92b6 <_printf_common+0xc0>
    92fe:	0905                	addi	s2,s2,1
    9300:	b745                	j	92a0 <_printf_common+0xaa>

00009302 <_printf_i>:
    9302:	7179                	addi	sp,sp,-48
    9304:	d422                	sw	s0,40(sp)
    9306:	d226                	sw	s1,36(sp)
    9308:	d04a                	sw	s2,32(sp)
    930a:	ce4e                	sw	s3,28(sp)
    930c:	d606                	sw	ra,44(sp)
    930e:	cc52                	sw	s4,24(sp)
    9310:	ca56                	sw	s5,20(sp)
    9312:	c85a                	sw	s6,16(sp)
    9314:	89b6                	mv	s3,a3
    9316:	2d94                	lbu	a3,24(a1)
    9318:	06900793          	li	a5,105
    931c:	8932                	mv	s2,a2
    931e:	84aa                	mv	s1,a0
    9320:	842e                	mv	s0,a1
    9322:	04358613          	addi	a2,a1,67
    9326:	02f68d63          	beq	a3,a5,9360 <_printf_i+0x5e>
    932a:	06d7e263          	bltu	a5,a3,938e <_printf_i+0x8c>
    932e:	05800793          	li	a5,88
    9332:	18f68763          	beq	a3,a5,94c0 <_printf_i+0x1be>
    9336:	00d7ed63          	bltu	a5,a3,9350 <_printf_i+0x4e>
    933a:	20068f63          	beqz	a3,9558 <_printf_i+0x256>
    933e:	04300793          	li	a5,67
    9342:	0af68f63          	beq	a3,a5,9400 <_printf_i+0xfe>
    9346:	04240a93          	addi	s5,s0,66
    934a:	04d40123          	sb	a3,66(s0)
    934e:	a0d1                	j	9412 <_printf_i+0x110>
    9350:	06300793          	li	a5,99
    9354:	0af68663          	beq	a3,a5,9400 <_printf_i+0xfe>
    9358:	06400793          	li	a5,100
    935c:	fef695e3          	bne	a3,a5,9346 <_printf_i+0x44>
    9360:	401c                	lw	a5,0(s0)
    9362:	4308                	lw	a0,0(a4)
    9364:	0807f693          	andi	a3,a5,128
    9368:	00450593          	addi	a1,a0,4
    936c:	c6cd                	beqz	a3,9416 <_printf_i+0x114>
    936e:	411c                	lw	a5,0(a0)
    9370:	c30c                	sw	a1,0(a4)
    9372:	0007d863          	bgez	a5,9382 <_printf_i+0x80>
    9376:	02d00713          	li	a4,45
    937a:	40f007b3          	neg	a5,a5
    937e:	04e401a3          	sb	a4,67(s0)
    9382:	00006697          	auipc	a3,0x6
    9386:	bda68693          	addi	a3,a3,-1062 # ef5c <__clz_tab+0x11c>
    938a:	4729                	li	a4,10
    938c:	a86d                	j	9446 <_printf_i+0x144>
    938e:	07000793          	li	a5,112
    9392:	16f68363          	beq	a3,a5,94f8 <_printf_i+0x1f6>
    9396:	02d7e563          	bltu	a5,a3,93c0 <_printf_i+0xbe>
    939a:	06e00793          	li	a5,110
    939e:	18f68a63          	beq	a3,a5,9532 <_printf_i+0x230>
    93a2:	06f00793          	li	a5,111
    93a6:	faf690e3          	bne	a3,a5,9346 <_printf_i+0x44>
    93aa:	400c                	lw	a1,0(s0)
    93ac:	431c                	lw	a5,0(a4)
    93ae:	0805f813          	andi	a6,a1,128
    93b2:	00478513          	addi	a0,a5,4
    93b6:	06080863          	beqz	a6,9426 <_printf_i+0x124>
    93ba:	c308                	sw	a0,0(a4)
    93bc:	439c                	lw	a5,0(a5)
    93be:	a88d                	j	9430 <_printf_i+0x12e>
    93c0:	07500793          	li	a5,117
    93c4:	fef683e3          	beq	a3,a5,93aa <_printf_i+0xa8>
    93c8:	07800793          	li	a5,120
    93cc:	12f68a63          	beq	a3,a5,9500 <_printf_i+0x1fe>
    93d0:	07300793          	li	a5,115
    93d4:	f6f699e3          	bne	a3,a5,9346 <_printf_i+0x44>
    93d8:	431c                	lw	a5,0(a4)
    93da:	41d0                	lw	a2,4(a1)
    93dc:	4581                	li	a1,0
    93de:	00478693          	addi	a3,a5,4
    93e2:	c314                	sw	a3,0(a4)
    93e4:	0007aa83          	lw	s5,0(a5)
    93e8:	8556                	mv	a0,s5
    93ea:	576020ef          	jal	ra,b960 <memchr>
    93ee:	c501                	beqz	a0,93f6 <_printf_i+0xf4>
    93f0:	41550533          	sub	a0,a0,s5
    93f4:	c048                	sw	a0,4(s0)
    93f6:	405c                	lw	a5,4(s0)
    93f8:	c81c                	sw	a5,16(s0)
    93fa:	040401a3          	sb	zero,67(s0)
    93fe:	a861                	j	9496 <_printf_i+0x194>
    9400:	431c                	lw	a5,0(a4)
    9402:	04240a93          	addi	s5,s0,66
    9406:	00478693          	addi	a3,a5,4
    940a:	439c                	lw	a5,0(a5)
    940c:	c314                	sw	a3,0(a4)
    940e:	04f40123          	sb	a5,66(s0)
    9412:	4785                	li	a5,1
    9414:	b7d5                	j	93f8 <_printf_i+0xf6>
    9416:	0407f693          	andi	a3,a5,64
    941a:	411c                	lw	a5,0(a0)
    941c:	c30c                	sw	a1,0(a4)
    941e:	dab1                	beqz	a3,9372 <_printf_i+0x70>
    9420:	07c2                	slli	a5,a5,0x10
    9422:	87c1                	srai	a5,a5,0x10
    9424:	b7b9                	j	9372 <_printf_i+0x70>
    9426:	0405f593          	andi	a1,a1,64
    942a:	c308                	sw	a0,0(a4)
    942c:	d9c1                	beqz	a1,93bc <_printf_i+0xba>
    942e:	239e                	lhu	a5,0(a5)
    9430:	06f00713          	li	a4,111
    9434:	0ee68763          	beq	a3,a4,9522 <_printf_i+0x220>
    9438:	00006697          	auipc	a3,0x6
    943c:	b2468693          	addi	a3,a3,-1244 # ef5c <__clz_tab+0x11c>
    9440:	4729                	li	a4,10
    9442:	040401a3          	sb	zero,67(s0)
    9446:	404c                	lw	a1,4(s0)
    9448:	c40c                	sw	a1,8(s0)
    944a:	0005c563          	bltz	a1,9454 <_printf_i+0x152>
    944e:	4008                	lw	a0,0(s0)
    9450:	996d                	andi	a0,a0,-5
    9452:	c008                	sw	a0,0(s0)
    9454:	e399                	bnez	a5,945a <_printf_i+0x158>
    9456:	8ab2                	mv	s5,a2
    9458:	cd89                	beqz	a1,9472 <_printf_i+0x170>
    945a:	8ab2                	mv	s5,a2
    945c:	02e7f5b3          	remu	a1,a5,a4
    9460:	1afd                	addi	s5,s5,-1
    9462:	95b6                	add	a1,a1,a3
    9464:	218c                	lbu	a1,0(a1)
    9466:	00ba8023          	sb	a1,0(s5)
    946a:	02e7d5b3          	divu	a1,a5,a4
    946e:	0ce7f063          	bgeu	a5,a4,952e <_printf_i+0x22c>
    9472:	47a1                	li	a5,8
    9474:	00f71e63          	bne	a4,a5,9490 <_printf_i+0x18e>
    9478:	401c                	lw	a5,0(s0)
    947a:	8b85                	andi	a5,a5,1
    947c:	cb91                	beqz	a5,9490 <_printf_i+0x18e>
    947e:	4058                	lw	a4,4(s0)
    9480:	481c                	lw	a5,16(s0)
    9482:	00e7c763          	blt	a5,a4,9490 <_printf_i+0x18e>
    9486:	03000793          	li	a5,48
    948a:	fefa8fa3          	sb	a5,-1(s5)
    948e:	1afd                	addi	s5,s5,-1
    9490:	41560633          	sub	a2,a2,s5
    9494:	c810                	sw	a2,16(s0)
    9496:	874e                	mv	a4,s3
    9498:	86ca                	mv	a3,s2
    949a:	0070                	addi	a2,sp,12
    949c:	85a2                	mv	a1,s0
    949e:	8526                	mv	a0,s1
    94a0:	d57ff0ef          	jal	ra,91f6 <_printf_common>
    94a4:	5a7d                	li	s4,-1
    94a6:	0b451d63          	bne	a0,s4,9560 <_printf_i+0x25e>
    94aa:	557d                	li	a0,-1
    94ac:	50b2                	lw	ra,44(sp)
    94ae:	5422                	lw	s0,40(sp)
    94b0:	5492                	lw	s1,36(sp)
    94b2:	5902                	lw	s2,32(sp)
    94b4:	49f2                	lw	s3,28(sp)
    94b6:	4a62                	lw	s4,24(sp)
    94b8:	4ad2                	lw	s5,20(sp)
    94ba:	4b42                	lw	s6,16(sp)
    94bc:	6145                	addi	sp,sp,48
    94be:	8082                	ret
    94c0:	04d582a3          	sb	a3,69(a1)
    94c4:	00006697          	auipc	a3,0x6
    94c8:	a9868693          	addi	a3,a3,-1384 # ef5c <__clz_tab+0x11c>
    94cc:	400c                	lw	a1,0(s0)
    94ce:	4308                	lw	a0,0(a4)
    94d0:	0805f813          	andi	a6,a1,128
    94d4:	411c                	lw	a5,0(a0)
    94d6:	0511                	addi	a0,a0,4
    94d8:	02080d63          	beqz	a6,9512 <_printf_i+0x210>
    94dc:	c308                	sw	a0,0(a4)
    94de:	0015f713          	andi	a4,a1,1
    94e2:	c701                	beqz	a4,94ea <_printf_i+0x1e8>
    94e4:	0205e593          	ori	a1,a1,32
    94e8:	c00c                	sw	a1,0(s0)
    94ea:	4741                	li	a4,16
    94ec:	fbb9                	bnez	a5,9442 <_printf_i+0x140>
    94ee:	400c                	lw	a1,0(s0)
    94f0:	fdf5f593          	andi	a1,a1,-33
    94f4:	c00c                	sw	a1,0(s0)
    94f6:	b7b1                	j	9442 <_printf_i+0x140>
    94f8:	419c                	lw	a5,0(a1)
    94fa:	0207e793          	ori	a5,a5,32
    94fe:	c19c                	sw	a5,0(a1)
    9500:	07800793          	li	a5,120
    9504:	04f402a3          	sb	a5,69(s0)
    9508:	00006697          	auipc	a3,0x6
    950c:	a6868693          	addi	a3,a3,-1432 # ef70 <__clz_tab+0x130>
    9510:	bf75                	j	94cc <_printf_i+0x1ca>
    9512:	0405f813          	andi	a6,a1,64
    9516:	c308                	sw	a0,0(a4)
    9518:	fc0803e3          	beqz	a6,94de <_printf_i+0x1dc>
    951c:	07c2                	slli	a5,a5,0x10
    951e:	83c1                	srli	a5,a5,0x10
    9520:	bf7d                	j	94de <_printf_i+0x1dc>
    9522:	00006697          	auipc	a3,0x6
    9526:	a3a68693          	addi	a3,a3,-1478 # ef5c <__clz_tab+0x11c>
    952a:	4721                	li	a4,8
    952c:	bf19                	j	9442 <_printf_i+0x140>
    952e:	87ae                	mv	a5,a1
    9530:	b735                	j	945c <_printf_i+0x15a>
    9532:	4194                	lw	a3,0(a1)
    9534:	431c                	lw	a5,0(a4)
    9536:	49cc                	lw	a1,20(a1)
    9538:	0806f813          	andi	a6,a3,128
    953c:	00478513          	addi	a0,a5,4
    9540:	00080663          	beqz	a6,954c <_printf_i+0x24a>
    9544:	c308                	sw	a0,0(a4)
    9546:	439c                	lw	a5,0(a5)
    9548:	c38c                	sw	a1,0(a5)
    954a:	a039                	j	9558 <_printf_i+0x256>
    954c:	c308                	sw	a0,0(a4)
    954e:	0406f693          	andi	a3,a3,64
    9552:	439c                	lw	a5,0(a5)
    9554:	daf5                	beqz	a3,9548 <_printf_i+0x246>
    9556:	a38e                	sh	a1,0(a5)
    9558:	00042823          	sw	zero,16(s0)
    955c:	8ab2                	mv	s5,a2
    955e:	bf25                	j	9496 <_printf_i+0x194>
    9560:	4814                	lw	a3,16(s0)
    9562:	8656                	mv	a2,s5
    9564:	85ca                	mv	a1,s2
    9566:	8526                	mv	a0,s1
    9568:	9982                	jalr	s3
    956a:	f54500e3          	beq	a0,s4,94aa <_printf_i+0x1a8>
    956e:	401c                	lw	a5,0(s0)
    9570:	8b89                	andi	a5,a5,2
    9572:	e78d                	bnez	a5,959c <_printf_i+0x29a>
    9574:	47b2                	lw	a5,12(sp)
    9576:	4448                	lw	a0,12(s0)
    9578:	f2f55ae3          	bge	a0,a5,94ac <_printf_i+0x1aa>
    957c:	853e                	mv	a0,a5
    957e:	b73d                	j	94ac <_printf_i+0x1aa>
    9580:	4685                	li	a3,1
    9582:	8656                	mv	a2,s5
    9584:	85ca                	mv	a1,s2
    9586:	8526                	mv	a0,s1
    9588:	9982                	jalr	s3
    958a:	f36500e3          	beq	a0,s6,94aa <_printf_i+0x1a8>
    958e:	0a05                	addi	s4,s4,1
    9590:	445c                	lw	a5,12(s0)
    9592:	4732                	lw	a4,12(sp)
    9594:	8f99                	sub	a5,a5,a4
    9596:	fefa45e3          	blt	s4,a5,9580 <_printf_i+0x27e>
    959a:	bfe9                	j	9574 <_printf_i+0x272>
    959c:	4a01                	li	s4,0
    959e:	01940a93          	addi	s5,s0,25
    95a2:	5b7d                	li	s6,-1
    95a4:	b7f5                	j	9590 <_printf_i+0x28e>

000095a6 <_sbrk_r>:
    95a6:	1141                	addi	sp,sp,-16
    95a8:	c422                	sw	s0,8(sp)
    95aa:	842a                	mv	s0,a0
    95ac:	852e                	mv	a0,a1
    95ae:	c401ac23          	sw	zero,-936(gp) # 20000648 <errno>
    95b2:	c606                	sw	ra,12(sp)
    95b4:	f92fa0ef          	jal	ra,3d46 <_sbrk>
    95b8:	57fd                	li	a5,-1
    95ba:	00f51763          	bne	a0,a5,95c8 <_sbrk_r+0x22>
    95be:	c5818793          	addi	a5,gp,-936 # 20000648 <errno>
    95c2:	439c                	lw	a5,0(a5)
    95c4:	c391                	beqz	a5,95c8 <_sbrk_r+0x22>
    95c6:	c01c                	sw	a5,0(s0)
    95c8:	40b2                	lw	ra,12(sp)
    95ca:	4422                	lw	s0,8(sp)
    95cc:	0141                	addi	sp,sp,16
    95ce:	8082                	ret

000095d0 <strlen>:
    95d0:	87aa                	mv	a5,a0
    95d2:	0785                	addi	a5,a5,1
    95d4:	fff7c703          	lbu	a4,-1(a5)
    95d8:	ff6d                	bnez	a4,95d2 <strlen+0x2>
    95da:	40a78533          	sub	a0,a5,a0
    95de:	157d                	addi	a0,a0,-1
    95e0:	8082                	ret

000095e2 <strstr>:
    95e2:	2118                	lbu	a4,0(a0)
    95e4:	219c                	lbu	a5,0(a1)
    95e6:	e701                	bnez	a4,95ee <strstr+0xc>
    95e8:	c391                	beqz	a5,95ec <strstr+0xa>
    95ea:	4501                	li	a0,0
    95ec:	8082                	ret
    95ee:	4781                	li	a5,0
    95f0:	a039                	j	95fe <strstr+0x1c>
    95f2:	311c                	lbu	a5,1(a0)
    95f4:	00150713          	addi	a4,a0,1
    95f8:	dbed                	beqz	a5,95ea <strstr+0x8>
    95fa:	4781                	li	a5,0
    95fc:	853a                	mv	a0,a4
    95fe:	00f58733          	add	a4,a1,a5
    9602:	2318                	lbu	a4,0(a4)
    9604:	d765                	beqz	a4,95ec <strstr+0xa>
    9606:	00f506b3          	add	a3,a0,a5
    960a:	2294                	lbu	a3,0(a3)
    960c:	fee693e3          	bne	a3,a4,95f2 <strstr+0x10>
    9610:	0785                	addi	a5,a5,1
    9612:	872a                	mv	a4,a0
    9614:	b7e5                	j	95fc <strstr+0x1a>

00009616 <sulp>:
    9616:	1101                	addi	sp,sp,-32
    9618:	cc22                	sw	s0,24(sp)
    961a:	872a                	mv	a4,a0
    961c:	842e                	mv	s0,a1
    961e:	853a                	mv	a0,a4
    9620:	85a2                	mv	a1,s0
    9622:	c632                	sw	a2,12(sp)
    9624:	ce06                	sw	ra,28(sp)
    9626:	2d5020ef          	jal	ra,c0fa <__ulp>
    962a:	4632                	lw	a2,12(sp)
    962c:	882a                	mv	a6,a0
    962e:	88ae                	mv	a7,a1
    9630:	c605                	beqz	a2,9658 <sulp+0x42>
    9632:	8051                	srli	s0,s0,0x14
    9634:	7ff47413          	andi	s0,s0,2047
    9638:	06b00793          	li	a5,107
    963c:	8f81                	sub	a5,a5,s0
    963e:	00f05d63          	blez	a5,9658 <sulp+0x42>
    9642:	07d2                	slli	a5,a5,0x14
    9644:	3ff00737          	lui	a4,0x3ff00
    9648:	4801                	li	a6,0
    964a:	973e                	add	a4,a4,a5
    964c:	8642                	mv	a2,a6
    964e:	86ba                	mv	a3,a4
    9650:	b8cfd0ef          	jal	ra,69dc <__muldf3>
    9654:	882a                	mv	a6,a0
    9656:	88ae                	mv	a7,a1
    9658:	40f2                	lw	ra,28(sp)
    965a:	4462                	lw	s0,24(sp)
    965c:	8542                	mv	a0,a6
    965e:	85c6                	mv	a1,a7
    9660:	6105                	addi	sp,sp,32
    9662:	8082                	ret

00009664 <_strtod_l>:
    9664:	7135                	addi	sp,sp,-160
    9666:	c94a                	sw	s2,144(sp)
    9668:	892a                	mv	s2,a0
    966a:	8536                	mv	a0,a3
    966c:	d432                	sw	a2,40(sp)
    966e:	c636                	sw	a3,12(sp)
    9670:	cf06                	sw	ra,156(sp)
    9672:	cd22                	sw	s0,152(sp)
    9674:	cb26                	sw	s1,148(sp)
    9676:	c74e                	sw	s3,140(sp)
    9678:	d8ea                	sw	s10,112(sp)
    967a:	d6ee                	sw	s11,108(sp)
    967c:	8d2e                	mv	s10,a1
    967e:	c552                	sw	s4,136(sp)
    9680:	c356                	sw	s5,132(sp)
    9682:	c15a                	sw	s6,128(sp)
    9684:	dede                	sw	s7,124(sp)
    9686:	dce2                	sw	s8,120(sp)
    9688:	dae6                	sw	s9,116(sp)
    968a:	c882                	sw	zero,80(sp)
    968c:	284020ef          	jal	ra,b910 <__localeconv_l>
    9690:	8daa                	mv	s11,a0
    9692:	4108                	lw	a0,0(a0)
    9694:	4481                	li	s1,0
    9696:	4401                	li	s0,0
    9698:	f39ff0ef          	jal	ra,95d0 <strlen>
    969c:	46b2                	lw	a3,12(sp)
    969e:	89aa                	mv	s3,a0
    96a0:	c6ea                	sw	s10,76(sp)
    96a2:	4635                	li	a2,13
    96a4:	02b00593          	li	a1,43
    96a8:	02d00513          	li	a0,45
    96ac:	02000813          	li	a6,32
    96b0:	48a5                	li	a7,9
    96b2:	47b6                	lw	a5,76(sp)
    96b4:	2398                	lbu	a4,0(a5)
    96b6:	08e66b63          	bltu	a2,a4,974c <_strtod_l+0xe8>
    96ba:	09177f63          	bgeu	a4,a7,9758 <_strtod_l+0xf4>
    96be:	c755                	beqz	a4,976a <_strtod_l+0x106>
    96c0:	c802                	sw	zero,16(sp)
    96c2:	4a36                	lw	s4,76(sp)
    96c4:	03000793          	li	a5,48
    96c8:	4a81                	li	s5,0
    96ca:	000a4703          	lbu	a4,0(s4)
    96ce:	12f71b63          	bne	a4,a5,9804 <_strtod_l+0x1a0>
    96d2:	001a4783          	lbu	a5,1(s4)
    96d6:	05800713          	li	a4,88
    96da:	00e78863          	beq	a5,a4,96ea <_strtod_l+0x86>
    96de:	07800613          	li	a2,120
    96e2:	03000713          	li	a4,48
    96e6:	10c79663          	bne	a5,a2,97f2 <_strtod_l+0x18e>
    96ea:	47c2                	lw	a5,16(sp)
    96ec:	8836                	mv	a6,a3
    96ee:	0898                	addi	a4,sp,80
    96f0:	08d4                	addi	a3,sp,84
    96f2:	00006617          	auipc	a2,0x6
    96f6:	8d660613          	addi	a2,a2,-1834 # efc8 <fpi.3395>
    96fa:	00ec                	addi	a1,sp,76
    96fc:	854a                	mv	a0,s2
    96fe:	38b010ef          	jal	ra,b288 <__gethex>
    9702:	00757993          	andi	s3,a0,7
    9706:	8aaa                	mv	s5,a0
    9708:	00098863          	beqz	s3,9718 <_strtod_l+0xb4>
    970c:	4799                	li	a5,6
    970e:	06f99763          	bne	s3,a5,977c <_strtod_l+0x118>
    9712:	0a05                	addi	s4,s4,1
    9714:	c6d2                	sw	s4,76(sp)
    9716:	c802                	sw	zero,16(sp)
    9718:	57a2                	lw	a5,40(sp)
    971a:	c781                	beqz	a5,9722 <_strtod_l+0xbe>
    971c:	47b6                	lw	a5,76(sp)
    971e:	5722                	lw	a4,40(sp)
    9720:	c31c                	sw	a5,0(a4)
    9722:	47c2                	lw	a5,16(sp)
    9724:	c7b9                	beqz	a5,9772 <_strtod_l+0x10e>
    9726:	800005b7          	lui	a1,0x80000
    972a:	8da1                	xor	a1,a1,s0
    972c:	40fa                	lw	ra,156(sp)
    972e:	446a                	lw	s0,152(sp)
    9730:	8526                	mv	a0,s1
    9732:	494a                	lw	s2,144(sp)
    9734:	44da                	lw	s1,148(sp)
    9736:	49ba                	lw	s3,140(sp)
    9738:	4a2a                	lw	s4,136(sp)
    973a:	4a9a                	lw	s5,132(sp)
    973c:	4b0a                	lw	s6,128(sp)
    973e:	5bf6                	lw	s7,124(sp)
    9740:	5c66                	lw	s8,120(sp)
    9742:	5cd6                	lw	s9,116(sp)
    9744:	5d46                	lw	s10,112(sp)
    9746:	5db6                	lw	s11,108(sp)
    9748:	610d                	addi	sp,sp,160
    974a:	8082                	ret
    974c:	00b70963          	beq	a4,a1,975e <_strtod_l+0xfa>
    9750:	02a70363          	beq	a4,a0,9776 <_strtod_l+0x112>
    9754:	f70716e3          	bne	a4,a6,96c0 <_strtod_l+0x5c>
    9758:	0785                	addi	a5,a5,1
    975a:	c6be                	sw	a5,76(sp)
    975c:	bf99                	j	96b2 <_strtod_l+0x4e>
    975e:	c802                	sw	zero,16(sp)
    9760:	00178713          	addi	a4,a5,1
    9764:	c6ba                	sw	a4,76(sp)
    9766:	339c                	lbu	a5,1(a5)
    9768:	ffa9                	bnez	a5,96c2 <_strtod_l+0x5e>
    976a:	57a2                	lw	a5,40(sp)
    976c:	c6ea                	sw	s10,76(sp)
    976e:	c802                	sw	zero,16(sp)
    9770:	f7d5                	bnez	a5,971c <_strtod_l+0xb8>
    9772:	85a2                	mv	a1,s0
    9774:	bf65                	j	972c <_strtod_l+0xc8>
    9776:	4705                	li	a4,1
    9778:	c83a                	sw	a4,16(sp)
    977a:	b7dd                	j	9760 <_strtod_l+0xfc>
    977c:	4646                	lw	a2,80(sp)
    977e:	ca11                	beqz	a2,9792 <_strtod_l+0x12e>
    9780:	03500593          	li	a1,53
    9784:	08a8                	addi	a0,sp,88
    9786:	3b7020ef          	jal	ra,c33c <__copybits>
    978a:	45c6                	lw	a1,80(sp)
    978c:	854a                	mv	a0,s2
    978e:	32c020ef          	jal	ra,baba <_Bfree>
    9792:	19fd                	addi	s3,s3,-1
    9794:	4791                	li	a5,4
    9796:	0137ee63          	bltu	a5,s3,97b2 <_strtod_l+0x14e>
    979a:	00005717          	auipc	a4,0x5
    979e:	7ea70713          	addi	a4,a4,2026 # ef84 <__clz_tab+0x144>
    97a2:	098a                	slli	s3,s3,0x2
    97a4:	99ba                	add	s3,s3,a4
    97a6:	0009a783          	lw	a5,0(s3)
    97aa:	97ba                	add	a5,a5,a4
    97ac:	8782                	jr	a5
    97ae:	44e6                	lw	s1,88(sp)
    97b0:	4476                	lw	s0,92(sp)
    97b2:	008afa93          	andi	s5,s5,8
    97b6:	f60a81e3          	beqz	s5,9718 <_strtod_l+0xb4>
    97ba:	800007b7          	lui	a5,0x80000
    97be:	8c5d                	or	s0,s0,a5
    97c0:	bfa1                	j	9718 <_strtod_l+0xb4>
    97c2:	45f6                	lw	a1,92(sp)
    97c4:	fff00437          	lui	s0,0xfff00
    97c8:	147d                	addi	s0,s0,-1
    97ca:	0085f7b3          	and	a5,a1,s0
    97ce:	4456                	lw	s0,84(sp)
    97d0:	44e6                	lw	s1,88(sp)
    97d2:	43340413          	addi	s0,s0,1075 # fff00433 <_eusrstack+0xdfefb433>
    97d6:	01441593          	slli	a1,s0,0x14
    97da:	00b7e433          	or	s0,a5,a1
    97de:	bfd1                	j	97b2 <_strtod_l+0x14e>
    97e0:	7ff00437          	lui	s0,0x7ff00
    97e4:	b7f9                	j	97b2 <_strtod_l+0x14e>
    97e6:	800005b7          	lui	a1,0x80000
    97ea:	fff5c413          	not	s0,a1
    97ee:	54fd                	li	s1,-1
    97f0:	b7c9                	j	97b2 <_strtod_l+0x14e>
    97f2:	47b6                	lw	a5,76(sp)
    97f4:	00178693          	addi	a3,a5,1 # 80000001 <_eusrstack+0x5fffb001>
    97f8:	c6b6                	sw	a3,76(sp)
    97fa:	339c                	lbu	a5,1(a5)
    97fc:	fee78be3          	beq	a5,a4,97f2 <_strtod_l+0x18e>
    9800:	df81                	beqz	a5,9718 <_strtod_l+0xb4>
    9802:	4a85                	li	s5,1
    9804:	4cb6                	lw	s9,76(sp)
    9806:	4a01                	li	s4,0
    9808:	4b81                	li	s7,0
    980a:	4c01                	li	s8,0
    980c:	46a5                	li	a3,9
    980e:	45a1                	li	a1,8
    9810:	47a9                	li	a5,10
    9812:	4536                	lw	a0,76(sp)
    9814:	00054b03          	lbu	s6,0(a0)
    9818:	fd0b0713          	addi	a4,s6,-48
    981c:	0ff77613          	andi	a2,a4,255
    9820:	04c6fd63          	bgeu	a3,a2,987a <_strtod_l+0x216>
    9824:	000da583          	lw	a1,0(s11)
    9828:	864e                	mv	a2,s3
    982a:	6ff020ef          	jal	ra,c728 <strncmp>
    982e:	c13d                	beqz	a0,9894 <_strtod_l+0x230>
    9830:	87da                	mv	a5,s6
    9832:	8de2                	mv	s11,s8
    9834:	4681                	li	a3,0
    9836:	4b01                	li	s6,0
    9838:	4501                	li	a0,0
    983a:	06500713          	li	a4,101
    983e:	00e78763          	beq	a5,a4,984c <_strtod_l+0x1e8>
    9842:	04500713          	li	a4,69
    9846:	4981                	li	s3,0
    9848:	16e79563          	bne	a5,a4,99b2 <_strtod_l+0x34e>
    984c:	000d9663          	bnez	s11,9858 <_strtod_l+0x1f4>
    9850:	0156e7b3          	or	a5,a3,s5
    9854:	db99                	beqz	a5,976a <_strtod_l+0x106>
    9856:	4d81                	li	s11,0
    9858:	4d36                	lw	s10,76(sp)
    985a:	02b00713          	li	a4,43
    985e:	001d0793          	addi	a5,s10,1
    9862:	c6be                	sw	a5,76(sp)
    9864:	001d4783          	lbu	a5,1(s10)
    9868:	0ce78f63          	beq	a5,a4,9946 <_strtod_l+0x2e2>
    986c:	02d00713          	li	a4,45
    9870:	4801                	li	a6,0
    9872:	0ee79063          	bne	a5,a4,9952 <_strtod_l+0x2ee>
    9876:	4805                	li	a6,1
    9878:	a8c1                	j	9948 <_strtod_l+0x2e4>
    987a:	0185c963          	blt	a1,s8,988c <_strtod_l+0x228>
    987e:	02fb8bb3          	mul	s7,s7,a5
    9882:	9bba                	add	s7,s7,a4
    9884:	0505                	addi	a0,a0,1
    9886:	0c05                	addi	s8,s8,1
    9888:	c6aa                	sw	a0,76(sp)
    988a:	b761                	j	9812 <_strtod_l+0x1ae>
    988c:	02fa0a33          	mul	s4,s4,a5
    9890:	9a3a                	add	s4,s4,a4
    9892:	bfcd                	j	9884 <_strtod_l+0x220>
    9894:	4536                	lw	a0,76(sp)
    9896:	4681                	li	a3,0
    9898:	954e                	add	a0,a0,s3
    989a:	c6aa                	sw	a0,76(sp)
    989c:	211c                	lbu	a5,0(a0)
    989e:	060c0b63          	beqz	s8,9914 <_strtod_l+0x2b0>
    98a2:	4b01                	li	s6,0
    98a4:	8de2                	mv	s11,s8
    98a6:	fd078713          	addi	a4,a5,-48
    98aa:	4625                	li	a2,9
    98ac:	02e67563          	bgeu	a2,a4,98d6 <_strtod_l+0x272>
    98b0:	4505                	li	a0,1
    98b2:	b761                	j	983a <_strtod_l+0x1d6>
    98b4:	47b6                	lw	a5,76(sp)
    98b6:	0685                	addi	a3,a3,1
    98b8:	00178613          	addi	a2,a5,1
    98bc:	c6b2                	sw	a2,76(sp)
    98be:	339c                	lbu	a5,1(a5)
    98c0:	fee78ae3          	beq	a5,a4,98b4 <_strtod_l+0x250>
    98c4:	fcf78713          	addi	a4,a5,-49
    98c8:	4621                	li	a2,8
    98ca:	1ee666e3          	bltu	a2,a4,a2b6 <_strtod_l+0xc52>
    98ce:	4cb6                	lw	s9,76(sp)
    98d0:	8b36                	mv	s6,a3
    98d2:	4d81                	li	s11,0
    98d4:	4681                	li	a3,0
    98d6:	fd078793          	addi	a5,a5,-48
    98da:	00168713          	addi	a4,a3,1
    98de:	c785                	beqz	a5,9906 <_strtod_l+0x2a2>
    98e0:	9b3a                	add	s6,s6,a4
    98e2:	01b68533          	add	a0,a3,s11
    98e6:	876e                	mv	a4,s11
    98e8:	4821                	li	a6,8
    98ea:	48c1                	li	a7,16
    98ec:	4629                	li	a2,10
    98ee:	02a71663          	bne	a4,a0,991a <_strtod_l+0x2b6>
    98f2:	0d85                	addi	s11,s11,1
    98f4:	9db6                	add	s11,s11,a3
    98f6:	46a1                	li	a3,8
    98f8:	02e6ce63          	blt	a3,a4,9934 <_strtod_l+0x2d0>
    98fc:	4729                	li	a4,10
    98fe:	02eb8bb3          	mul	s7,s7,a4
    9902:	4701                	li	a4,0
    9904:	9bbe                	add	s7,s7,a5
    9906:	47b6                	lw	a5,76(sp)
    9908:	00178693          	addi	a3,a5,1
    990c:	c6b6                	sw	a3,76(sp)
    990e:	339c                	lbu	a5,1(a5)
    9910:	86ba                	mv	a3,a4
    9912:	bf51                	j	98a6 <_strtod_l+0x242>
    9914:	03000713          	li	a4,48
    9918:	b765                	j	98c0 <_strtod_l+0x25c>
    991a:	00170593          	addi	a1,a4,1
    991e:	00e84663          	blt	a6,a4,992a <_strtod_l+0x2c6>
    9922:	02cb8bb3          	mul	s7,s7,a2
    9926:	872e                	mv	a4,a1
    9928:	b7d9                	j	98ee <_strtod_l+0x28a>
    992a:	feb8cee3          	blt	a7,a1,9926 <_strtod_l+0x2c2>
    992e:	02ca0a33          	mul	s4,s4,a2
    9932:	bfd5                	j	9926 <_strtod_l+0x2c2>
    9934:	46c1                	li	a3,16
    9936:	4701                	li	a4,0
    9938:	fdb6c7e3          	blt	a3,s11,9906 <_strtod_l+0x2a2>
    993c:	46a9                	li	a3,10
    993e:	02da0a33          	mul	s4,s4,a3
    9942:	9a3e                	add	s4,s4,a5
    9944:	b7c9                	j	9906 <_strtod_l+0x2a2>
    9946:	4801                	li	a6,0
    9948:	002d0793          	addi	a5,s10,2
    994c:	c6be                	sw	a5,76(sp)
    994e:	002d4783          	lbu	a5,2(s10)
    9952:	fd078713          	addi	a4,a5,-48
    9956:	4625                	li	a2,9
    9958:	0ce66563          	bltu	a2,a4,9a22 <_strtod_l+0x3be>
    995c:	03000713          	li	a4,48
    9960:	0ae78563          	beq	a5,a4,9a0a <_strtod_l+0x3a6>
    9964:	fcf78713          	addi	a4,a5,-49
    9968:	4621                	li	a2,8
    996a:	4981                	li	s3,0
    996c:	04e66363          	bltu	a2,a4,99b2 <_strtod_l+0x34e>
    9970:	48b6                	lw	a7,76(sp)
    9972:	fd078713          	addi	a4,a5,-48
    9976:	4325                	li	t1,9
    9978:	4e29                	li	t3,10
    997a:	47b6                	lw	a5,76(sp)
    997c:	00178613          	addi	a2,a5,1
    9980:	c6b2                	sw	a2,76(sp)
    9982:	339c                	lbu	a5,1(a5)
    9984:	fd078593          	addi	a1,a5,-48
    9988:	0ff5f593          	andi	a1,a1,255
    998c:	08b37563          	bgeu	t1,a1,9a16 <_strtod_l+0x3b2>
    9990:	6995                	lui	s3,0x5
    9992:	41160633          	sub	a2,a2,a7
    9996:	e1f98993          	addi	s3,s3,-481 # 4e1f <__ieee754_pow+0x5c5>
    999a:	48a1                	li	a7,8
    999c:	85ce                	mv	a1,s3
    999e:	00c8c663          	blt	a7,a2,99aa <_strtod_l+0x346>
    99a2:	89ba                	mv	s3,a4
    99a4:	00e5d363          	bge	a1,a4,99aa <_strtod_l+0x346>
    99a8:	89ae                	mv	s3,a1
    99aa:	00080463          	beqz	a6,99b2 <_strtod_l+0x34e>
    99ae:	413009b3          	neg	s3,s3
    99b2:	0c0d9663          	bnez	s11,9a7e <_strtod_l+0x41a>
    99b6:	00dae6b3          	or	a3,s5,a3
    99ba:	d4069fe3          	bnez	a3,9718 <_strtod_l+0xb4>
    99be:	da0516e3          	bnez	a0,976a <_strtod_l+0x106>
    99c2:	04e00713          	li	a4,78
    99c6:	06e78963          	beq	a5,a4,9a38 <_strtod_l+0x3d4>
    99ca:	04f74f63          	blt	a4,a5,9a28 <_strtod_l+0x3c4>
    99ce:	04900713          	li	a4,73
    99d2:	d8e79ce3          	bne	a5,a4,976a <_strtod_l+0x106>
    99d6:	00005597          	auipc	a1,0x5
    99da:	5e258593          	addi	a1,a1,1506 # efb8 <__clz_tab+0x178>
    99de:	00e8                	addi	a0,sp,76
    99e0:	59f010ef          	jal	ra,b77e <__match>
    99e4:	d80503e3          	beqz	a0,976a <_strtod_l+0x106>
    99e8:	47b6                	lw	a5,76(sp)
    99ea:	00005597          	auipc	a1,0x5
    99ee:	5d258593          	addi	a1,a1,1490 # efbc <__clz_tab+0x17c>
    99f2:	00e8                	addi	a0,sp,76
    99f4:	17fd                	addi	a5,a5,-1
    99f6:	c6be                	sw	a5,76(sp)
    99f8:	587010ef          	jal	ra,b77e <__match>
    99fc:	e501                	bnez	a0,9a04 <_strtod_l+0x3a0>
    99fe:	47b6                	lw	a5,76(sp)
    9a00:	0785                	addi	a5,a5,1
    9a02:	c6be                	sw	a5,76(sp)
    9a04:	7ff00437          	lui	s0,0x7ff00
    9a08:	bb01                	j	9718 <_strtod_l+0xb4>
    9a0a:	47b6                	lw	a5,76(sp)
    9a0c:	00178613          	addi	a2,a5,1
    9a10:	c6b2                	sw	a2,76(sp)
    9a12:	339c                	lbu	a5,1(a5)
    9a14:	b7b1                	j	9960 <_strtod_l+0x2fc>
    9a16:	03c70733          	mul	a4,a4,t3
    9a1a:	97ba                	add	a5,a5,a4
    9a1c:	fd078713          	addi	a4,a5,-48
    9a20:	bfa9                	j	997a <_strtod_l+0x316>
    9a22:	c6ea                	sw	s10,76(sp)
    9a24:	4981                	li	s3,0
    9a26:	b771                	j	99b2 <_strtod_l+0x34e>
    9a28:	06900713          	li	a4,105
    9a2c:	fae785e3          	beq	a5,a4,99d6 <_strtod_l+0x372>
    9a30:	06e00713          	li	a4,110
    9a34:	d2e79be3          	bne	a5,a4,976a <_strtod_l+0x106>
    9a38:	00005597          	auipc	a1,0x5
    9a3c:	58c58593          	addi	a1,a1,1420 # efc4 <__clz_tab+0x184>
    9a40:	00e8                	addi	a0,sp,76
    9a42:	53d010ef          	jal	ra,b77e <__match>
    9a46:	d20502e3          	beqz	a0,976a <_strtod_l+0x106>
    9a4a:	47b6                	lw	a5,76(sp)
    9a4c:	2398                	lbu	a4,0(a5)
    9a4e:	02800793          	li	a5,40
    9a52:	02f71363          	bne	a4,a5,9a78 <_strtod_l+0x414>
    9a56:	08b0                	addi	a2,sp,88
    9a58:	00005597          	auipc	a1,0x5
    9a5c:	58458593          	addi	a1,a1,1412 # efdc <fpinan.3431>
    9a60:	00e8                	addi	a0,sp,76
    9a62:	54b010ef          	jal	ra,b7ac <__hexnan>
    9a66:	4795                	li	a5,5
    9a68:	00f51863          	bne	a0,a5,9a78 <_strtod_l+0x414>
    9a6c:	45f6                	lw	a1,92(sp)
    9a6e:	7ff00437          	lui	s0,0x7ff00
    9a72:	44e6                	lw	s1,88(sp)
    9a74:	8c4d                	or	s0,s0,a1
    9a76:	b14d                	j	9718 <_strtod_l+0xb4>
    9a78:	fff80437          	lui	s0,0xfff80
    9a7c:	b971                	j	9718 <_strtod_l+0xb4>
    9a7e:	41698ab3          	sub	s5,s3,s6
    9a82:	000c1363          	bnez	s8,9a88 <_strtod_l+0x424>
    9a86:	8c6e                	mv	s8,s11
    9a88:	47c1                	li	a5,16
    9a8a:	8d6e                	mv	s10,s11
    9a8c:	01b7d363          	bge	a5,s11,9a92 <_strtod_l+0x42e>
    9a90:	4d41                	li	s10,16
    9a92:	855e                	mv	a0,s7
    9a94:	cb1fd0ef          	jal	ra,7744 <__floatunsidf>
    9a98:	47a5                	li	a5,9
    9a9a:	84aa                	mv	s1,a0
    9a9c:	842e                	mv	s0,a1
    9a9e:	03b7dc63          	bge	a5,s11,9ad6 <_strtod_l+0x472>
    9aa2:	ff7d0793          	addi	a5,s10,-9
    9aa6:	00379713          	slli	a4,a5,0x3
    9aaa:	00005797          	auipc	a5,0x5
    9aae:	5e678793          	addi	a5,a5,1510 # f090 <__mprec_tens>
    9ab2:	97ba                	add	a5,a5,a4
    9ab4:	4390                	lw	a2,0(a5)
    9ab6:	43d4                	lw	a3,4(a5)
    9ab8:	f25fc0ef          	jal	ra,69dc <__muldf3>
    9abc:	842a                	mv	s0,a0
    9abe:	8552                	mv	a0,s4
    9ac0:	84ae                	mv	s1,a1
    9ac2:	c83fd0ef          	jal	ra,7744 <__floatunsidf>
    9ac6:	862a                	mv	a2,a0
    9ac8:	86ae                	mv	a3,a1
    9aca:	8522                	mv	a0,s0
    9acc:	85a6                	mv	a1,s1
    9ace:	85cfc0ef          	jal	ra,5b2a <__adddf3>
    9ad2:	84aa                	mv	s1,a0
    9ad4:	842e                	mv	s0,a1
    9ad6:	47bd                	li	a5,15
    9ad8:	09b7cd63          	blt	a5,s11,9b72 <_strtod_l+0x50e>
    9adc:	c20a8ee3          	beqz	s5,9718 <_strtod_l+0xb4>
    9ae0:	07505463          	blez	s5,9b48 <_strtod_l+0x4e4>
    9ae4:	4759                	li	a4,22
    9ae6:	03574363          	blt	a4,s5,9b0c <_strtod_l+0x4a8>
    9aea:	0a8e                	slli	s5,s5,0x3
    9aec:	00005797          	auipc	a5,0x5
    9af0:	5a478793          	addi	a5,a5,1444 # f090 <__mprec_tens>
    9af4:	9abe                	add	s5,s5,a5
    9af6:	000aa503          	lw	a0,0(s5)
    9afa:	004aa583          	lw	a1,4(s5)
    9afe:	8626                	mv	a2,s1
    9b00:	86a2                	mv	a3,s0
    9b02:	edbfc0ef          	jal	ra,69dc <__muldf3>
    9b06:	84aa                	mv	s1,a0
    9b08:	842e                	mv	s0,a1
    9b0a:	b139                	j	9718 <_strtod_l+0xb4>
    9b0c:	02500713          	li	a4,37
    9b10:	41b70733          	sub	a4,a4,s11
    9b14:	05574f63          	blt	a4,s5,9b72 <_strtod_l+0x50e>
    9b18:	41b78db3          	sub	s11,a5,s11
    9b1c:	00005917          	auipc	s2,0x5
    9b20:	57490913          	addi	s2,s2,1396 # f090 <__mprec_tens>
    9b24:	003d9793          	slli	a5,s11,0x3
    9b28:	97ca                	add	a5,a5,s2
    9b2a:	4388                	lw	a0,0(a5)
    9b2c:	43cc                	lw	a1,4(a5)
    9b2e:	41ba8db3          	sub	s11,s5,s11
    9b32:	8626                	mv	a2,s1
    9b34:	86a2                	mv	a3,s0
    9b36:	0d8e                	slli	s11,s11,0x3
    9b38:	ea5fc0ef          	jal	ra,69dc <__muldf3>
    9b3c:	9dca                	add	s11,s11,s2
    9b3e:	000da603          	lw	a2,0(s11)
    9b42:	004da683          	lw	a3,4(s11)
    9b46:	bf75                	j	9b02 <_strtod_l+0x49e>
    9b48:	57a9                	li	a5,-22
    9b4a:	02fac463          	blt	s5,a5,9b72 <_strtod_l+0x50e>
    9b4e:	413b09b3          	sub	s3,s6,s3
    9b52:	00399b13          	slli	s6,s3,0x3
    9b56:	00005997          	auipc	s3,0x5
    9b5a:	53a98993          	addi	s3,s3,1338 # f090 <__mprec_tens>
    9b5e:	99da                	add	s3,s3,s6
    9b60:	0009a603          	lw	a2,0(s3)
    9b64:	0049a683          	lw	a3,4(s3)
    9b68:	8526                	mv	a0,s1
    9b6a:	85a2                	mv	a1,s0
    9b6c:	eeefc0ef          	jal	ra,625a <__divdf3>
    9b70:	bf59                	j	9b06 <_strtod_l+0x4a2>
    9b72:	41ad8d33          	sub	s10,s11,s10
    9b76:	9d56                	add	s10,s10,s5
    9b78:	11a05763          	blez	s10,9c86 <_strtod_l+0x622>
    9b7c:	00fd7793          	andi	a5,s10,15
    9b80:	cf99                	beqz	a5,9b9e <_strtod_l+0x53a>
    9b82:	00005717          	auipc	a4,0x5
    9b86:	50e70713          	addi	a4,a4,1294 # f090 <__mprec_tens>
    9b8a:	078e                	slli	a5,a5,0x3
    9b8c:	97ba                	add	a5,a5,a4
    9b8e:	4388                	lw	a0,0(a5)
    9b90:	43cc                	lw	a1,4(a5)
    9b92:	8626                	mv	a2,s1
    9b94:	86a2                	mv	a3,s0
    9b96:	e47fc0ef          	jal	ra,69dc <__muldf3>
    9b9a:	84aa                	mv	s1,a0
    9b9c:	842e                	mv	s0,a1
    9b9e:	ff0d7d13          	andi	s10,s10,-16
    9ba2:	0a0d0863          	beqz	s10,9c52 <_strtod_l+0x5ee>
    9ba6:	13400793          	li	a5,308
    9baa:	05a7d563          	bge	a5,s10,9bf4 <_strtod_l+0x590>
    9bae:	4b01                	li	s6,0
    9bb0:	4981                	li	s3,0
    9bb2:	c602                	sw	zero,12(sp)
    9bb4:	4b81                	li	s7,0
    9bb6:	02200793          	li	a5,34
    9bba:	00f92023          	sw	a5,0(s2)
    9bbe:	7ff00437          	lui	s0,0x7ff00
    9bc2:	4481                	li	s1,0
    9bc4:	47b2                	lw	a5,12(sp)
    9bc6:	b40789e3          	beqz	a5,9718 <_strtod_l+0xb4>
    9bca:	45c6                	lw	a1,80(sp)
    9bcc:	854a                	mv	a0,s2
    9bce:	6ed010ef          	jal	ra,baba <_Bfree>
    9bd2:	85de                	mv	a1,s7
    9bd4:	854a                	mv	a0,s2
    9bd6:	6e5010ef          	jal	ra,baba <_Bfree>
    9bda:	85ce                	mv	a1,s3
    9bdc:	854a                	mv	a0,s2
    9bde:	6dd010ef          	jal	ra,baba <_Bfree>
    9be2:	45b2                	lw	a1,12(sp)
    9be4:	854a                	mv	a0,s2
    9be6:	6d5010ef          	jal	ra,baba <_Bfree>
    9bea:	85da                	mv	a1,s6
    9bec:	854a                	mv	a0,s2
    9bee:	6cd010ef          	jal	ra,baba <_Bfree>
    9bf2:	b61d                	j	9718 <_strtod_l+0xb4>
    9bf4:	404d5d13          	srai	s10,s10,0x4
    9bf8:	8526                	mv	a0,s1
    9bfa:	85a2                	mv	a1,s0
    9bfc:	4781                	li	a5,0
    9bfe:	4a01                	li	s4,0
    9c00:	4805                	li	a6,1
    9c02:	00005897          	auipc	a7,0x5
    9c06:	46688893          	addi	a7,a7,1126 # f068 <__mprec_bigtens>
    9c0a:	05a84663          	blt	a6,s10,9c56 <_strtod_l+0x5f2>
    9c0e:	c399                	beqz	a5,9c14 <_strtod_l+0x5b0>
    9c10:	84aa                	mv	s1,a0
    9c12:	842e                	mv	s0,a1
    9c14:	00005717          	auipc	a4,0x5
    9c18:	45470713          	addi	a4,a4,1108 # f068 <__mprec_bigtens>
    9c1c:	003a1793          	slli	a5,s4,0x3
    9c20:	97ba                	add	a5,a5,a4
    9c22:	4388                	lw	a0,0(a5)
    9c24:	43cc                	lw	a1,4(a5)
    9c26:	fcb00737          	lui	a4,0xfcb00
    9c2a:	9722                	add	a4,a4,s0
    9c2c:	8626                	mv	a2,s1
    9c2e:	86ba                	mv	a3,a4
    9c30:	dadfc0ef          	jal	ra,69dc <__muldf3>
    9c34:	7ff00437          	lui	s0,0x7ff00
    9c38:	00b477b3          	and	a5,s0,a1
    9c3c:	7ca00737          	lui	a4,0x7ca00
    9c40:	84aa                	mv	s1,a0
    9c42:	f6f766e3          	bltu	a4,a5,9bae <_strtod_l+0x54a>
    9c46:	7c900737          	lui	a4,0x7c900
    9c4a:	02f77a63          	bgeu	a4,a5,9c7e <_strtod_l+0x61a>
    9c4e:	147d                	addi	s0,s0,-1
    9c50:	54fd                	li	s1,-1
    9c52:	4a01                	li	s4,0
    9c54:	a8dd                	j	9d4a <_strtod_l+0x6e6>
    9c56:	001d7713          	andi	a4,s10,1
    9c5a:	cf11                	beqz	a4,9c76 <_strtod_l+0x612>
    9c5c:	003a1713          	slli	a4,s4,0x3
    9c60:	9746                	add	a4,a4,a7
    9c62:	4310                	lw	a2,0(a4)
    9c64:	4354                	lw	a3,4(a4)
    9c66:	d77fc0ef          	jal	ra,69dc <__muldf3>
    9c6a:	4785                	li	a5,1
    9c6c:	4805                	li	a6,1
    9c6e:	00005897          	auipc	a7,0x5
    9c72:	3fa88893          	addi	a7,a7,1018 # f068 <__mprec_bigtens>
    9c76:	0a05                	addi	s4,s4,1
    9c78:	401d5d13          	srai	s10,s10,0x1
    9c7c:	b779                	j	9c0a <_strtod_l+0x5a6>
    9c7e:	03500437          	lui	s0,0x3500
    9c82:	942e                	add	s0,s0,a1
    9c84:	b7f9                	j	9c52 <_strtod_l+0x5ee>
    9c86:	fc0d06e3          	beqz	s10,9c52 <_strtod_l+0x5ee>
    9c8a:	41a00d33          	neg	s10,s10
    9c8e:	00fd7793          	andi	a5,s10,15
    9c92:	cf99                	beqz	a5,9cb0 <_strtod_l+0x64c>
    9c94:	00005717          	auipc	a4,0x5
    9c98:	3fc70713          	addi	a4,a4,1020 # f090 <__mprec_tens>
    9c9c:	078e                	slli	a5,a5,0x3
    9c9e:	97ba                	add	a5,a5,a4
    9ca0:	4390                	lw	a2,0(a5)
    9ca2:	43d4                	lw	a3,4(a5)
    9ca4:	8526                	mv	a0,s1
    9ca6:	85a2                	mv	a1,s0
    9ca8:	db2fc0ef          	jal	ra,625a <__divdf3>
    9cac:	84aa                	mv	s1,a0
    9cae:	842e                	mv	s0,a1
    9cb0:	404d5d13          	srai	s10,s10,0x4
    9cb4:	f80d0fe3          	beqz	s10,9c52 <_strtod_l+0x5ee>
    9cb8:	47fd                	li	a5,31
    9cba:	01a7dd63          	bge	a5,s10,9cd4 <_strtod_l+0x670>
    9cbe:	4b01                	li	s6,0
    9cc0:	4981                	li	s3,0
    9cc2:	c602                	sw	zero,12(sp)
    9cc4:	4b81                	li	s7,0
    9cc6:	02200793          	li	a5,34
    9cca:	4481                	li	s1,0
    9ccc:	4401                	li	s0,0
    9cce:	00f92023          	sw	a5,0(s2)
    9cd2:	bdcd                	j	9bc4 <_strtod_l+0x560>
    9cd4:	010d7a13          	andi	s4,s10,16
    9cd8:	000a0463          	beqz	s4,9ce0 <_strtod_l+0x67c>
    9cdc:	06a00a13          	li	s4,106
    9ce0:	8526                	mv	a0,s1
    9ce2:	85a2                	mv	a1,s0
    9ce4:	00005797          	auipc	a5,0x5
    9ce8:	30c78793          	addi	a5,a5,780 # eff0 <tinytens>
    9cec:	4701                	li	a4,0
    9cee:	001d7693          	andi	a3,s10,1
    9cf2:	ca81                	beqz	a3,9d02 <_strtod_l+0x69e>
    9cf4:	4390                	lw	a2,0(a5)
    9cf6:	43d4                	lw	a3,4(a5)
    9cf8:	c63e                	sw	a5,12(sp)
    9cfa:	ce3fc0ef          	jal	ra,69dc <__muldf3>
    9cfe:	47b2                	lw	a5,12(sp)
    9d00:	4705                	li	a4,1
    9d02:	401d5d13          	srai	s10,s10,0x1
    9d06:	07a1                	addi	a5,a5,8
    9d08:	fe0d13e3          	bnez	s10,9cee <_strtod_l+0x68a>
    9d0c:	c319                	beqz	a4,9d12 <_strtod_l+0x6ae>
    9d0e:	84aa                	mv	s1,a0
    9d10:	842e                	mv	s0,a1
    9d12:	020a0563          	beqz	s4,9d3c <_strtod_l+0x6d8>
    9d16:	01445793          	srli	a5,s0,0x14
    9d1a:	7ff7f713          	andi	a4,a5,2047
    9d1e:	06b00793          	li	a5,107
    9d22:	8f99                	sub	a5,a5,a4
    9d24:	00f05c63          	blez	a5,9d3c <_strtod_l+0x6d8>
    9d28:	477d                	li	a4,31
    9d2a:	22f75463          	bge	a4,a5,9f52 <_strtod_l+0x8ee>
    9d2e:	03400713          	li	a4,52
    9d32:	4481                	li	s1,0
    9d34:	20f75963          	bge	a4,a5,9f46 <_strtod_l+0x8e2>
    9d38:	03700437          	lui	s0,0x3700
    9d3c:	4601                	li	a2,0
    9d3e:	4681                	li	a3,0
    9d40:	8526                	mv	a0,s1
    9d42:	85a2                	mv	a1,s0
    9d44:	acbfc0ef          	jal	ra,680e <__eqdf2>
    9d48:	d93d                	beqz	a0,9cbe <_strtod_l+0x65a>
    9d4a:	875e                	mv	a4,s7
    9d4c:	86ee                	mv	a3,s11
    9d4e:	8662                	mv	a2,s8
    9d50:	85e6                	mv	a1,s9
    9d52:	854a                	mv	a0,s2
    9d54:	643010ef          	jal	ra,bb96 <__s2b>
    9d58:	c62a                	sw	a0,12(sp)
    9d5a:	e4050ae3          	beqz	a0,9bae <_strtod_l+0x54a>
    9d5e:	41fad793          	srai	a5,s5,0x1f
    9d62:	413b09b3          	sub	s3,s6,s3
    9d66:	00f9f7b3          	and	a5,s3,a5
    9d6a:	d03e                	sw	a5,32(sp)
    9d6c:	ce56                	sw	s5,28(sp)
    9d6e:	000ad363          	bgez	s5,9d74 <_strtod_l+0x710>
    9d72:	ce02                	sw	zero,28(sp)
    9d74:	47b2                	lw	a5,12(sp)
    9d76:	4b01                	li	s6,0
    9d78:	4981                	li	s3,0
    9d7a:	07b1                	addi	a5,a5,12
    9d7c:	d83e                	sw	a5,48(sp)
    9d7e:	001007b7          	lui	a5,0x100
    9d82:	17fd                	addi	a5,a5,-1
    9d84:	d63e                	sw	a5,44(sp)
    9d86:	47b2                	lw	a5,12(sp)
    9d88:	854a                	mv	a0,s2
    9d8a:	43cc                	lw	a1,4(a5)
    9d8c:	4a3010ef          	jal	ra,ba2e <_Balloc>
    9d90:	8baa                	mv	s7,a0
    9d92:	e20502e3          	beqz	a0,9bb6 <_strtod_l+0x552>
    9d96:	47b2                	lw	a5,12(sp)
    9d98:	55c2                	lw	a1,48(sp)
    9d9a:	0531                	addi	a0,a0,12
    9d9c:	4b90                	lw	a2,16(a5)
    9d9e:	0609                	addi	a2,a2,2
    9da0:	060a                	slli	a2,a2,0x2
    9da2:	3d7010ef          	jal	ra,b978 <memcpy>
    9da6:	08b8                	addi	a4,sp,88
    9da8:	08d4                	addi	a3,sp,84
    9daa:	8622                	mv	a2,s0
    9dac:	85a6                	mv	a1,s1
    9dae:	854a                	mv	a0,s2
    9db0:	ca26                	sw	s1,20(sp)
    9db2:	cc22                	sw	s0,24(sp)
    9db4:	440020ef          	jal	ra,c1f4 <__d2b>
    9db8:	c8aa                	sw	a0,80(sp)
    9dba:	de050ee3          	beqz	a0,9bb6 <_strtod_l+0x552>
    9dbe:	4585                	li	a1,1
    9dc0:	854a                	mv	a0,s2
    9dc2:	729010ef          	jal	ra,bcea <__i2b>
    9dc6:	89aa                	mv	s3,a0
    9dc8:	de0507e3          	beqz	a0,9bb6 <_strtod_l+0x552>
    9dcc:	47d6                	lw	a5,84(sp)
    9dce:	1807c763          	bltz	a5,9f5c <_strtod_l+0x8f8>
    9dd2:	5702                	lw	a4,32(sp)
    9dd4:	4c72                	lw	s8,28(sp)
    9dd6:	00e78d33          	add	s10,a5,a4
    9dda:	4766                	lw	a4,88(sp)
    9ddc:	414787b3          	sub	a5,a5,s4
    9de0:	03600693          	li	a3,54
    9de4:	97ba                	add	a5,a5,a4
    9de6:	17fd                	addi	a5,a5,-1
    9de8:	c0200d93          	li	s11,-1022
    9dec:	8e99                	sub	a3,a3,a4
    9dee:	19b7d663          	bge	a5,s11,9f7a <_strtod_l+0x916>
    9df2:	40fd8733          	sub	a4,s11,a5
    9df6:	467d                	li	a2,31
    9df8:	8e99                	sub	a3,a3,a4
    9dfa:	16e64663          	blt	a2,a4,9f66 <_strtod_l+0x902>
    9dfe:	4d85                	li	s11,1
    9e00:	00ed97b3          	sll	a5,s11,a4
    9e04:	d23e                	sw	a5,36(sp)
    9e06:	4c81                	li	s9,0
    9e08:	9c36                	add	s8,s8,a3
    9e0a:	00dd0db3          	add	s11,s10,a3
    9e0e:	9c52                	add	s8,s8,s4
    9e10:	87ea                	mv	a5,s10
    9e12:	01add363          	bge	s11,s10,9e18 <_strtod_l+0x7b4>
    9e16:	87ee                	mv	a5,s11
    9e18:	00fc5363          	bge	s8,a5,9e1e <_strtod_l+0x7ba>
    9e1c:	87e2                	mv	a5,s8
    9e1e:	00f05863          	blez	a5,9e2e <_strtod_l+0x7ca>
    9e22:	40fd8db3          	sub	s11,s11,a5
    9e26:	40fc0c33          	sub	s8,s8,a5
    9e2a:	40fd0d33          	sub	s10,s10,a5
    9e2e:	5782                	lw	a5,32(sp)
    9e30:	02f05863          	blez	a5,9e60 <_strtod_l+0x7fc>
    9e34:	85ce                	mv	a1,s3
    9e36:	863e                	mv	a2,a5
    9e38:	854a                	mv	a0,s2
    9e3a:	010020ef          	jal	ra,be4a <__pow5mult>
    9e3e:	89aa                	mv	s3,a0
    9e40:	d6050be3          	beqz	a0,9bb6 <_strtod_l+0x552>
    9e44:	4646                	lw	a2,80(sp)
    9e46:	85aa                	mv	a1,a0
    9e48:	854a                	mv	a0,s2
    9e4a:	6bd010ef          	jal	ra,bd06 <__multiply>
    9e4e:	da2a                	sw	a0,52(sp)
    9e50:	d60503e3          	beqz	a0,9bb6 <_strtod_l+0x552>
    9e54:	45c6                	lw	a1,80(sp)
    9e56:	854a                	mv	a0,s2
    9e58:	463010ef          	jal	ra,baba <_Bfree>
    9e5c:	57d2                	lw	a5,52(sp)
    9e5e:	c8be                	sw	a5,80(sp)
    9e60:	11b04f63          	bgtz	s11,9f7e <_strtod_l+0x91a>
    9e64:	01505a63          	blez	s5,9e78 <_strtod_l+0x814>
    9e68:	4672                	lw	a2,28(sp)
    9e6a:	85de                	mv	a1,s7
    9e6c:	854a                	mv	a0,s2
    9e6e:	7dd010ef          	jal	ra,be4a <__pow5mult>
    9e72:	8baa                	mv	s7,a0
    9e74:	d40501e3          	beqz	a0,9bb6 <_strtod_l+0x552>
    9e78:	01805a63          	blez	s8,9e8c <_strtod_l+0x828>
    9e7c:	85de                	mv	a1,s7
    9e7e:	8662                	mv	a2,s8
    9e80:	854a                	mv	a0,s2
    9e82:	086020ef          	jal	ra,bf08 <__lshift>
    9e86:	8baa                	mv	s7,a0
    9e88:	d20507e3          	beqz	a0,9bb6 <_strtod_l+0x552>
    9e8c:	01a05a63          	blez	s10,9ea0 <_strtod_l+0x83c>
    9e90:	85ce                	mv	a1,s3
    9e92:	866a                	mv	a2,s10
    9e94:	854a                	mv	a0,s2
    9e96:	072020ef          	jal	ra,bf08 <__lshift>
    9e9a:	89aa                	mv	s3,a0
    9e9c:	d0050de3          	beqz	a0,9bb6 <_strtod_l+0x552>
    9ea0:	45c6                	lw	a1,80(sp)
    9ea2:	865e                	mv	a2,s7
    9ea4:	854a                	mv	a0,s2
    9ea6:	162020ef          	jal	ra,c008 <__mdiff>
    9eaa:	8b2a                	mv	s6,a0
    9eac:	d00505e3          	beqz	a0,9bb6 <_strtod_l+0x552>
    9eb0:	00c52c03          	lw	s8,12(a0)
    9eb4:	85ce                	mv	a1,s3
    9eb6:	00052623          	sw	zero,12(a0)
    9eba:	11c020ef          	jal	ra,bfd6 <__mcmp>
    9ebe:	0c055963          	bgez	a0,9f90 <_strtod_l+0x92c>
    9ec2:	009c6c33          	or	s8,s8,s1
    9ec6:	120c1163          	bnez	s8,9fe8 <_strtod_l+0x984>
    9eca:	00c41793          	slli	a5,s0,0xc
    9ece:	10079d63          	bnez	a5,9fe8 <_strtod_l+0x984>
    9ed2:	7ff007b7          	lui	a5,0x7ff00
    9ed6:	8fe1                	and	a5,a5,s0
    9ed8:	06b00737          	lui	a4,0x6b00
    9edc:	10f77663          	bgeu	a4,a5,9fe8 <_strtod_l+0x984>
    9ee0:	014b2783          	lw	a5,20(s6)
    9ee4:	e791                	bnez	a5,9ef0 <_strtod_l+0x88c>
    9ee6:	010b2703          	lw	a4,16(s6)
    9eea:	4785                	li	a5,1
    9eec:	0ee7de63          	bge	a5,a4,9fe8 <_strtod_l+0x984>
    9ef0:	85da                	mv	a1,s6
    9ef2:	4605                	li	a2,1
    9ef4:	854a                	mv	a0,s2
    9ef6:	012020ef          	jal	ra,bf08 <__lshift>
    9efa:	85ce                	mv	a1,s3
    9efc:	8b2a                	mv	s6,a0
    9efe:	0d8020ef          	jal	ra,bfd6 <__mcmp>
    9f02:	0ea05363          	blez	a0,9fe8 <_strtod_l+0x984>
    9f06:	100a0c63          	beqz	s4,a01e <_strtod_l+0x9ba>
    9f0a:	7ff007b7          	lui	a5,0x7ff00
    9f0e:	8fe1                	and	a5,a5,s0
    9f10:	06b00737          	lui	a4,0x6b00
    9f14:	10f74563          	blt	a4,a5,a01e <_strtod_l+0x9ba>
    9f18:	03700737          	lui	a4,0x3700
    9f1c:	daf755e3          	bge	a4,a5,9cc6 <_strtod_l+0x662>
    9f20:	4701                	li	a4,0
    9f22:	395007b7          	lui	a5,0x39500
    9f26:	8526                	mv	a0,s1
    9f28:	85a2                	mv	a1,s0
    9f2a:	863a                	mv	a2,a4
    9f2c:	86be                	mv	a3,a5
    9f2e:	aaffc0ef          	jal	ra,69dc <__muldf3>
    9f32:	842e                	mv	s0,a1
    9f34:	8dc9                	or	a1,a1,a0
    9f36:	84aa                	mv	s1,a0
    9f38:	c80599e3          	bnez	a1,9bca <_strtod_l+0x566>
    9f3c:	02200793          	li	a5,34
    9f40:	00f92023          	sw	a5,0(s2)
    9f44:	b159                	j	9bca <_strtod_l+0x566>
    9f46:	1781                	addi	a5,a5,-32
    9f48:	577d                	li	a4,-1
    9f4a:	00f717b3          	sll	a5,a4,a5
    9f4e:	8c7d                	and	s0,s0,a5
    9f50:	b3f5                	j	9d3c <_strtod_l+0x6d8>
    9f52:	577d                	li	a4,-1
    9f54:	00f717b3          	sll	a5,a4,a5
    9f58:	8cfd                	and	s1,s1,a5
    9f5a:	b3cd                	j	9d3c <_strtod_l+0x6d8>
    9f5c:	4772                	lw	a4,28(sp)
    9f5e:	5d02                	lw	s10,32(sp)
    9f60:	40f70c33          	sub	s8,a4,a5
    9f64:	bd9d                	j	9dda <_strtod_l+0x776>
    9f66:	be200c93          	li	s9,-1054
    9f6a:	40fc87b3          	sub	a5,s9,a5
    9f6e:	4c85                	li	s9,1
    9f70:	00fc9cb3          	sll	s9,s9,a5
    9f74:	4785                	li	a5,1
    9f76:	d23e                	sw	a5,36(sp)
    9f78:	bd41                	j	9e08 <_strtod_l+0x7a4>
    9f7a:	4c81                	li	s9,0
    9f7c:	bfe5                	j	9f74 <_strtod_l+0x910>
    9f7e:	45c6                	lw	a1,80(sp)
    9f80:	866e                	mv	a2,s11
    9f82:	854a                	mv	a0,s2
    9f84:	785010ef          	jal	ra,bf08 <__lshift>
    9f88:	c8aa                	sw	a0,80(sp)
    9f8a:	ec051de3          	bnez	a0,9e64 <_strtod_l+0x800>
    9f8e:	b125                	j	9bb6 <_strtod_l+0x552>
    9f90:	e969                	bnez	a0,a062 <_strtod_l+0x9fe>
    9f92:	00100737          	lui	a4,0x100
    9f96:	177d                	addi	a4,a4,-1
    9f98:	00e477b3          	and	a5,s0,a4
    9f9c:	040c0963          	beqz	s8,9fee <_strtod_l+0x98a>
    9fa0:	04e79963          	bne	a5,a4,9ff2 <_strtod_l+0x98e>
    9fa4:	577d                	li	a4,-1
    9fa6:	020a0063          	beqz	s4,9fc6 <_strtod_l+0x962>
    9faa:	7ff007b7          	lui	a5,0x7ff00
    9fae:	8fe1                	and	a5,a5,s0
    9fb0:	06a006b7          	lui	a3,0x6a00
    9fb4:	00f6e963          	bltu	a3,a5,9fc6 <_strtod_l+0x962>
    9fb8:	83d1                	srli	a5,a5,0x14
    9fba:	06b00693          	li	a3,107
    9fbe:	40f687b3          	sub	a5,a3,a5
    9fc2:	00f71733          	sll	a4,a4,a5
    9fc6:	02e49663          	bne	s1,a4,9ff2 <_strtod_l+0x98e>
    9fca:	7ff007b7          	lui	a5,0x7ff00
    9fce:	17fd                	addi	a5,a5,-1
    9fd0:	00f41563          	bne	s0,a5,9fda <_strtod_l+0x976>
    9fd4:	57fd                	li	a5,-1
    9fd6:	bef480e3          	beq	s1,a5,9bb6 <_strtod_l+0x552>
    9fda:	7ff005b7          	lui	a1,0x7ff00
    9fde:	8de1                	and	a1,a1,s0
    9fe0:	00100437          	lui	s0,0x100
    9fe4:	942e                	add	s0,s0,a1
    9fe6:	4481                	li	s1,0
    9fe8:	f20a1ce3          	bnez	s4,9f20 <_strtod_l+0x8bc>
    9fec:	bef9                	j	9bca <_strtod_l+0x566>
    9fee:	8fc5                	or	a5,a5,s1
    9ff0:	db99                	beqz	a5,9f06 <_strtod_l+0x8a2>
    9ff2:	040c8263          	beqz	s9,a036 <_strtod_l+0x9d2>
    9ff6:	008cfcb3          	and	s9,s9,s0
    9ffa:	fe0c87e3          	beqz	s9,9fe8 <_strtod_l+0x984>
    9ffe:	8652                	mv	a2,s4
    a000:	8526                	mv	a0,s1
    a002:	85a2                	mv	a1,s0
    a004:	020c0f63          	beqz	s8,a042 <_strtod_l+0x9de>
    a008:	e0eff0ef          	jal	ra,9616 <sulp>
    a00c:	862a                	mv	a2,a0
    a00e:	86ae                	mv	a3,a1
    a010:	4552                	lw	a0,20(sp)
    a012:	45e2                	lw	a1,24(sp)
    a014:	b17fb0ef          	jal	ra,5b2a <__adddf3>
    a018:	84aa                	mv	s1,a0
    a01a:	842e                	mv	s0,a1
    a01c:	b7f1                	j	9fe8 <_strtod_l+0x984>
    a01e:	7ff005b7          	lui	a1,0x7ff00
    a022:	8de1                	and	a1,a1,s0
    a024:	fff00437          	lui	s0,0xfff00
    a028:	95a2                	add	a1,a1,s0
    a02a:	00100437          	lui	s0,0x100
    a02e:	147d                	addi	s0,s0,-1
    a030:	8c4d                	or	s0,s0,a1
    a032:	54fd                	li	s1,-1
    a034:	bf55                	j	9fe8 <_strtod_l+0x984>
    a036:	5792                	lw	a5,36(sp)
    a038:	0097fdb3          	and	s11,a5,s1
    a03c:	fa0d86e3          	beqz	s11,9fe8 <_strtod_l+0x984>
    a040:	bf7d                	j	9ffe <_strtod_l+0x99a>
    a042:	dd4ff0ef          	jal	ra,9616 <sulp>
    a046:	862a                	mv	a2,a0
    a048:	86ae                	mv	a3,a1
    a04a:	4552                	lw	a0,20(sp)
    a04c:	45e2                	lw	a1,24(sp)
    a04e:	e47fc0ef          	jal	ra,6e94 <__subdf3>
    a052:	4601                	li	a2,0
    a054:	4681                	li	a3,0
    a056:	84aa                	mv	s1,a0
    a058:	842e                	mv	s0,a1
    a05a:	fb4fc0ef          	jal	ra,680e <__eqdf2>
    a05e:	f549                	bnez	a0,9fe8 <_strtod_l+0x984>
    a060:	b19d                	j	9cc6 <_strtod_l+0x662>
    a062:	85ce                	mv	a1,s3
    a064:	855a                	mv	a0,s6
    a066:	262020ef          	jal	ra,c2c8 <__ratio>
    a06a:	00005797          	auipc	a5,0x5
    a06e:	bce78793          	addi	a5,a5,-1074 # ec38 <tfont32+0x604>
    a072:	4390                	lw	a2,0(a5)
    a074:	43d4                	lw	a3,4(a5)
    a076:	8d2a                	mv	s10,a0
    a078:	8dae                	mv	s11,a1
    a07a:	8adfc0ef          	jal	ra,6926 <__ledf2>
    a07e:	10a04263          	bgtz	a0,a182 <_strtod_l+0xb1e>
    a082:	0a0c0163          	beqz	s8,a124 <_strtod_l+0xac0>
    a086:	4d81                	li	s11,0
    a088:	3ff00d37          	lui	s10,0x3ff00
    a08c:	4701                	li	a4,0
    a08e:	3ff007b7          	lui	a5,0x3ff00
    a092:	7ff006b7          	lui	a3,0x7ff00
    a096:	00d47cb3          	and	s9,s0,a3
    a09a:	7fe006b7          	lui	a3,0x7fe00
    a09e:	16dc9f63          	bne	s9,a3,a21c <_strtod_l+0xbb8>
    a0a2:	d26a                	sw	s10,36(sp)
    a0a4:	fcb00d37          	lui	s10,0xfcb00
    a0a8:	9d22                	add	s10,s10,s0
    a0aa:	8526                	mv	a0,s1
    a0ac:	85ea                	mv	a1,s10
    a0ae:	de3e                	sw	a5,60(sp)
    a0b0:	dc3a                	sw	a4,56(sp)
    a0b2:	da6e                	sw	s11,52(sp)
    a0b4:	046020ef          	jal	ra,c0fa <__ulp>
    a0b8:	58d2                	lw	a7,52(sp)
    a0ba:	5812                	lw	a6,36(sp)
    a0bc:	862a                	mv	a2,a0
    a0be:	86ae                	mv	a3,a1
    a0c0:	8546                	mv	a0,a7
    a0c2:	85c2                	mv	a1,a6
    a0c4:	919fc0ef          	jal	ra,69dc <__muldf3>
    a0c8:	8626                	mv	a2,s1
    a0ca:	86ea                	mv	a3,s10
    a0cc:	a5ffb0ef          	jal	ra,5b2a <__adddf3>
    a0d0:	84aa                	mv	s1,a0
    a0d2:	7ff00537          	lui	a0,0x7ff00
    a0d6:	00b57633          	and	a2,a0,a1
    a0da:	7ca006b7          	lui	a3,0x7ca00
    a0de:	5762                	lw	a4,56(sp)
    a0e0:	57f2                	lw	a5,60(sp)
    a0e2:	0cd66563          	bltu	a2,a3,a1ac <_strtod_l+0xb48>
    a0e6:	4762                	lw	a4,24(sp)
    a0e8:	fff50793          	addi	a5,a0,-1 # 7fefffff <_eusrstack+0x5fefafff>
    a0ec:	00e79663          	bne	a5,a4,a0f8 <_strtod_l+0xa94>
    a0f0:	4752                	lw	a4,20(sp)
    a0f2:	57fd                	li	a5,-1
    a0f4:	ace781e3          	beq	a5,a4,9bb6 <_strtod_l+0x552>
    a0f8:	7ff007b7          	lui	a5,0x7ff00
    a0fc:	fff78413          	addi	s0,a5,-1 # 7fefffff <_eusrstack+0x5fefafff>
    a100:	54fd                	li	s1,-1
    a102:	45c6                	lw	a1,80(sp)
    a104:	854a                	mv	a0,s2
    a106:	1b5010ef          	jal	ra,baba <_Bfree>
    a10a:	85de                	mv	a1,s7
    a10c:	854a                	mv	a0,s2
    a10e:	1ad010ef          	jal	ra,baba <_Bfree>
    a112:	85ce                	mv	a1,s3
    a114:	854a                	mv	a0,s2
    a116:	1a5010ef          	jal	ra,baba <_Bfree>
    a11a:	85da                	mv	a1,s6
    a11c:	854a                	mv	a0,s2
    a11e:	19d010ef          	jal	ra,baba <_Bfree>
    a122:	b195                	j	9d86 <_strtod_l+0x722>
    a124:	e0b1                	bnez	s1,a168 <_strtod_l+0xb04>
    a126:	57b2                	lw	a5,44(sp)
    a128:	8fe1                	and	a5,a5,s0
    a12a:	e7a1                	bnez	a5,a172 <_strtod_l+0xb0e>
    a12c:	00003797          	auipc	a5,0x3
    a130:	92478793          	addi	a5,a5,-1756 # ca50 <__trunctfdf2+0x230>
    a134:	4390                	lw	a2,0(a5)
    a136:	43d4                	lw	a3,4(a5)
    a138:	856a                	mv	a0,s10
    a13a:	85ee                	mv	a1,s11
    a13c:	feafc0ef          	jal	ra,6926 <__ledf2>
    a140:	02054d63          	bltz	a0,a17a <_strtod_l+0xb16>
    a144:	00003797          	auipc	a5,0x3
    a148:	9fc78793          	addi	a5,a5,-1540 # cb40 <__trunctfdf2+0x320>
    a14c:	4390                	lw	a2,0(a5)
    a14e:	43d4                	lw	a3,4(a5)
    a150:	856a                	mv	a0,s10
    a152:	85ee                	mv	a1,s11
    a154:	889fc0ef          	jal	ra,69dc <__muldf3>
    a158:	872a                	mv	a4,a0
    a15a:	87ae                	mv	a5,a1
    a15c:	80000d37          	lui	s10,0x80000
    a160:	8dba                	mv	s11,a4
    a162:	00fd4d33          	xor	s10,s10,a5
    a166:	b735                	j	a092 <_strtod_l+0xa2e>
    a168:	4785                	li	a5,1
    a16a:	00f49463          	bne	s1,a5,a172 <_strtod_l+0xb0e>
    a16e:	b4040ce3          	beqz	s0,9cc6 <_strtod_l+0x662>
    a172:	4d81                	li	s11,0
    a174:	bff00d37          	lui	s10,0xbff00
    a178:	bf11                	j	a08c <_strtod_l+0xa28>
    a17a:	4701                	li	a4,0
    a17c:	3fe007b7          	lui	a5,0x3fe00
    a180:	bff1                	j	a15c <_strtod_l+0xaf8>
    a182:	00003797          	auipc	a5,0x3
    a186:	9be78793          	addi	a5,a5,-1602 # cb40 <__trunctfdf2+0x320>
    a18a:	4390                	lw	a2,0(a5)
    a18c:	43d4                	lw	a3,4(a5)
    a18e:	856a                	mv	a0,s10
    a190:	85ee                	mv	a1,s11
    a192:	84bfc0ef          	jal	ra,69dc <__muldf3>
    a196:	872a                	mv	a4,a0
    a198:	87ae                	mv	a5,a1
    a19a:	8d2e                	mv	s10,a1
    a19c:	000c1663          	bnez	s8,a1a8 <_strtod_l+0xb44>
    a1a0:	80000d37          	lui	s10,0x80000
    a1a4:	00bd4d33          	xor	s10,s10,a1
    a1a8:	8daa                	mv	s11,a0
    a1aa:	b5e5                	j	a092 <_strtod_l+0xa2e>
    a1ac:	03500437          	lui	s0,0x3500
    a1b0:	942e                	add	s0,s0,a1
    a1b2:	f40a18e3          	bnez	s4,a102 <_strtod_l+0xa9e>
    a1b6:	7ff006b7          	lui	a3,0x7ff00
    a1ba:	8ee1                	and	a3,a3,s0
    a1bc:	f4dc93e3          	bne	s9,a3,a102 <_strtod_l+0xa9e>
    a1c0:	85be                	mv	a1,a5
    a1c2:	853a                	mv	a0,a4
    a1c4:	8d3a                	mv	s10,a4
    a1c6:	8cbe                	mv	s9,a5
    a1c8:	c46fd0ef          	jal	ra,760e <__fixdfsi>
    a1cc:	d06fd0ef          	jal	ra,76d2 <__floatsidf>
    a1d0:	862a                	mv	a2,a0
    a1d2:	86ae                	mv	a3,a1
    a1d4:	856a                	mv	a0,s10
    a1d6:	85e6                	mv	a1,s9
    a1d8:	cbdfc0ef          	jal	ra,6e94 <__subdf3>
    a1dc:	57b2                	lw	a5,44(sp)
    a1de:	8d2a                	mv	s10,a0
    a1e0:	8dae                	mv	s11,a1
    a1e2:	8fe1                	and	a5,a5,s0
    a1e4:	8fc5                	or	a5,a5,s1
    a1e6:	0187ec33          	or	s8,a5,s8
    a1ea:	0a0c0b63          	beqz	s8,a2a0 <_strtod_l+0xc3c>
    a1ee:	00005797          	auipc	a5,0x5
    a1f2:	db278793          	addi	a5,a5,-590 # efa0 <__clz_tab+0x160>
    a1f6:	4390                	lw	a2,0(a5)
    a1f8:	43d4                	lw	a3,4(a5)
    a1fa:	f2cfc0ef          	jal	ra,6926 <__ledf2>
    a1fe:	9c0546e3          	bltz	a0,9bca <_strtod_l+0x566>
    a202:	00005797          	auipc	a5,0x5
    a206:	da678793          	addi	a5,a5,-602 # efa8 <__clz_tab+0x168>
    a20a:	4390                	lw	a2,0(a5)
    a20c:	43d4                	lw	a3,4(a5)
    a20e:	856a                	mv	a0,s10
    a210:	85ee                	mv	a1,s11
    a212:	e66fc0ef          	jal	ra,6878 <__gedf2>
    a216:	eea056e3          	blez	a0,a102 <_strtod_l+0xa9e>
    a21a:	ba45                	j	9bca <_strtod_l+0x566>
    a21c:	040a0d63          	beqz	s4,a276 <_strtod_l+0xc12>
    a220:	06a006b7          	lui	a3,0x6a00
    a224:	0596e963          	bltu	a3,s9,a276 <_strtod_l+0xc12>
    a228:	00005697          	auipc	a3,0x5
    a22c:	d7068693          	addi	a3,a3,-656 # ef98 <__clz_tab+0x158>
    a230:	4290                	lw	a2,0(a3)
    a232:	42d4                	lw	a3,4(a3)
    a234:	853a                	mv	a0,a4
    a236:	85be                	mv	a1,a5
    a238:	da3a                	sw	a4,52(sp)
    a23a:	d23e                	sw	a5,36(sp)
    a23c:	eeafc0ef          	jal	ra,6926 <__ledf2>
    a240:	5792                	lw	a5,36(sp)
    a242:	5752                	lw	a4,52(sp)
    a244:	02a04463          	bgtz	a0,a26c <_strtod_l+0xc08>
    a248:	853a                	mv	a0,a4
    a24a:	85be                	mv	a1,a5
    a24c:	c2afd0ef          	jal	ra,7676 <__fixunsdfsi>
    a250:	e111                	bnez	a0,a254 <_strtod_l+0xbf0>
    a252:	4505                	li	a0,1
    a254:	cf0fd0ef          	jal	ra,7744 <__floatunsidf>
    a258:	872a                	mv	a4,a0
    a25a:	87ae                	mv	a5,a1
    a25c:	8d2e                	mv	s10,a1
    a25e:	000c1663          	bnez	s8,a26a <_strtod_l+0xc06>
    a262:	80000d37          	lui	s10,0x80000
    a266:	00bd4d33          	xor	s10,s10,a1
    a26a:	8daa                	mv	s11,a0
    a26c:	06b005b7          	lui	a1,0x6b00
    a270:	9d2e                	add	s10,s10,a1
    a272:	419d0d33          	sub	s10,s10,s9
    a276:	4552                	lw	a0,20(sp)
    a278:	45e2                	lw	a1,24(sp)
    a27a:	da3e                	sw	a5,52(sp)
    a27c:	d23a                	sw	a4,36(sp)
    a27e:	67d010ef          	jal	ra,c0fa <__ulp>
    a282:	862a                	mv	a2,a0
    a284:	86ae                	mv	a3,a1
    a286:	856e                	mv	a0,s11
    a288:	85ea                	mv	a1,s10
    a28a:	f52fc0ef          	jal	ra,69dc <__muldf3>
    a28e:	4652                	lw	a2,20(sp)
    a290:	46e2                	lw	a3,24(sp)
    a292:	899fb0ef          	jal	ra,5b2a <__adddf3>
    a296:	84aa                	mv	s1,a0
    a298:	842e                	mv	s0,a1
    a29a:	57d2                	lw	a5,52(sp)
    a29c:	5712                	lw	a4,36(sp)
    a29e:	bf11                	j	a1b2 <_strtod_l+0xb4e>
    a2a0:	00005797          	auipc	a5,0x5
    a2a4:	d1078793          	addi	a5,a5,-752 # efb0 <__clz_tab+0x170>
    a2a8:	4390                	lw	a2,0(a5)
    a2aa:	43d4                	lw	a3,4(a5)
    a2ac:	e7afc0ef          	jal	ra,6926 <__ledf2>
    a2b0:	e40559e3          	bgez	a0,a102 <_strtod_l+0xa9e>
    a2b4:	ba19                	j	9bca <_strtod_l+0x566>
    a2b6:	06500713          	li	a4,101
    a2ba:	00e78763          	beq	a5,a4,a2c8 <_strtod_l+0xc64>
    a2be:	04500713          	li	a4,69
    a2c2:	4505                	li	a0,1
    a2c4:	eee79963          	bne	a5,a4,99b6 <_strtod_l+0x352>
    a2c8:	4b01                	li	s6,0
    a2ca:	4505                	li	a0,1
    a2cc:	d84ff06f          	j	9850 <_strtod_l+0x1ec>

0000a2d0 <strtod>:
    a2d0:	84418793          	addi	a5,gp,-1980 # 20000234 <_impure_ptr>
    a2d4:	439c                	lw	a5,0(a5)
    a2d6:	862e                	mv	a2,a1
    a2d8:	5394                	lw	a3,32(a5)
    a2da:	e689                	bnez	a3,a2e4 <strtod+0x14>
    a2dc:	1fff6697          	auipc	a3,0x1fff6
    a2e0:	da468693          	addi	a3,a3,-604 # 20000080 <__global_locale>
    a2e4:	85aa                	mv	a1,a0
    a2e6:	853e                	mv	a0,a5
    a2e8:	b7cff06f          	j	9664 <_strtod_l>

0000a2ec <_strtol_l.isra.0>:
    a2ec:	7179                	addi	sp,sp,-48
    a2ee:	d04a                	sw	s2,32(sp)
    a2f0:	ce4e                	sw	s3,28(sp)
    a2f2:	d606                	sw	ra,44(sp)
    a2f4:	d422                	sw	s0,40(sp)
    a2f6:	d226                	sw	s1,36(sp)
    a2f8:	89aa                	mv	s3,a0
    a2fa:	892e                	mv	s2,a1
    a2fc:	00190493          	addi	s1,s2,1
    a300:	fff4c403          	lbu	s0,-1(s1)
    a304:	853a                	mv	a0,a4
    a306:	c636                	sw	a3,12(sp)
    a308:	c432                	sw	a2,8(sp)
    a30a:	c22e                	sw	a1,4(sp)
    a30c:	c03a                	sw	a4,0(sp)
    a30e:	5fc010ef          	jal	ra,b90a <__locale_ctype_ptr_l>
    a312:	9522                	add	a0,a0,s0
    a314:	311c                	lbu	a5,1(a0)
    a316:	4702                	lw	a4,0(sp)
    a318:	4592                	lw	a1,4(sp)
    a31a:	8ba1                	andi	a5,a5,8
    a31c:	4622                	lw	a2,8(sp)
    a31e:	46b2                	lw	a3,12(sp)
    a320:	e3d1                	bnez	a5,a3a4 <_strtol_l.isra.0+0xb8>
    a322:	02d00793          	li	a5,45
    a326:	08f41163          	bne	s0,a5,a3a8 <_strtol_l.isra.0+0xbc>
    a32a:	209c                	lbu	a5,0(s1)
    a32c:	4305                	li	t1,1
    a32e:	00290493          	addi	s1,s2,2
    a332:	c6e5                	beqz	a3,a41a <_strtol_l.isra.0+0x12e>
    a334:	4741                	li	a4,16
    a336:	02e69063          	bne	a3,a4,a356 <_strtol_l.isra.0+0x6a>
    a33a:	03000713          	li	a4,48
    a33e:	00e79c63          	bne	a5,a4,a356 <_strtol_l.isra.0+0x6a>
    a342:	209c                	lbu	a5,0(s1)
    a344:	05800713          	li	a4,88
    a348:	0df7f793          	andi	a5,a5,223
    a34c:	0ce79263          	bne	a5,a4,a410 <_strtol_l.isra.0+0x124>
    a350:	309c                	lbu	a5,1(s1)
    a352:	46c1                	li	a3,16
    a354:	0489                	addi	s1,s1,2
    a356:	800008b7          	lui	a7,0x80000
    a35a:	00031463          	bnez	t1,a362 <_strtol_l.isra.0+0x76>
    a35e:	fff8c893          	not	a7,a7
    a362:	02d8ff33          	remu	t5,a7,a3
    a366:	4801                	li	a6,0
    a368:	4501                	li	a0,0
    a36a:	4fa5                	li	t6,9
    a36c:	4ee5                	li	t4,25
    a36e:	52fd                	li	t0,-1
    a370:	02d8de33          	divu	t3,a7,a3
    a374:	fd078713          	addi	a4,a5,-48
    a378:	04efe363          	bltu	t6,a4,a3be <_strtol_l.isra.0+0xd2>
    a37c:	87ba                	mv	a5,a4
    a37e:	04d7de63          	bge	a5,a3,a3da <_strtol_l.isra.0+0xee>
    a382:	00580d63          	beq	a6,t0,a39c <_strtol_l.isra.0+0xb0>
    a386:	587d                	li	a6,-1
    a388:	00ae6a63          	bltu	t3,a0,a39c <_strtol_l.isra.0+0xb0>
    a38c:	00ae1463          	bne	t3,a0,a394 <_strtol_l.isra.0+0xa8>
    a390:	00ff4663          	blt	t5,a5,a39c <_strtol_l.isra.0+0xb0>
    a394:	4805                	li	a6,1
    a396:	02a68533          	mul	a0,a3,a0
    a39a:	953e                	add	a0,a0,a5
    a39c:	0485                	addi	s1,s1,1
    a39e:	fff4c783          	lbu	a5,-1(s1)
    a3a2:	bfc9                	j	a374 <_strtol_l.isra.0+0x88>
    a3a4:	8926                	mv	s2,s1
    a3a6:	bf99                	j	a2fc <_strtol_l.isra.0+0x10>
    a3a8:	02b00793          	li	a5,43
    a3ac:	00f40563          	beq	s0,a5,a3b6 <_strtol_l.isra.0+0xca>
    a3b0:	87a2                	mv	a5,s0
    a3b2:	4301                	li	t1,0
    a3b4:	bfbd                	j	a332 <_strtol_l.isra.0+0x46>
    a3b6:	209c                	lbu	a5,0(s1)
    a3b8:	00290493          	addi	s1,s2,2
    a3bc:	bfdd                	j	a3b2 <_strtol_l.isra.0+0xc6>
    a3be:	fbf78713          	addi	a4,a5,-65
    a3c2:	00eee563          	bltu	t4,a4,a3cc <_strtol_l.isra.0+0xe0>
    a3c6:	fc978793          	addi	a5,a5,-55
    a3ca:	bf55                	j	a37e <_strtol_l.isra.0+0x92>
    a3cc:	f9f78713          	addi	a4,a5,-97
    a3d0:	00eee563          	bltu	t4,a4,a3da <_strtol_l.isra.0+0xee>
    a3d4:	fa978793          	addi	a5,a5,-87
    a3d8:	b75d                	j	a37e <_strtol_l.isra.0+0x92>
    a3da:	57fd                	li	a5,-1
    a3dc:	00f81f63          	bne	a6,a5,a3fa <_strtol_l.isra.0+0x10e>
    a3e0:	02200793          	li	a5,34
    a3e4:	00f9a023          	sw	a5,0(s3)
    a3e8:	8546                	mv	a0,a7
    a3ea:	ee19                	bnez	a2,a408 <_strtol_l.isra.0+0x11c>
    a3ec:	50b2                	lw	ra,44(sp)
    a3ee:	5422                	lw	s0,40(sp)
    a3f0:	5492                	lw	s1,36(sp)
    a3f2:	5902                	lw	s2,32(sp)
    a3f4:	49f2                	lw	s3,28(sp)
    a3f6:	6145                	addi	sp,sp,48
    a3f8:	8082                	ret
    a3fa:	00030463          	beqz	t1,a402 <_strtol_l.isra.0+0x116>
    a3fe:	40a00533          	neg	a0,a0
    a402:	d66d                	beqz	a2,a3ec <_strtol_l.isra.0+0x100>
    a404:	00080463          	beqz	a6,a40c <_strtol_l.isra.0+0x120>
    a408:	fff48593          	addi	a1,s1,-1
    a40c:	c20c                	sw	a1,0(a2)
    a40e:	bff9                	j	a3ec <_strtol_l.isra.0+0x100>
    a410:	03000793          	li	a5,48
    a414:	f2a9                	bnez	a3,a356 <_strtol_l.isra.0+0x6a>
    a416:	46a1                	li	a3,8
    a418:	bf3d                	j	a356 <_strtol_l.isra.0+0x6a>
    a41a:	03000713          	li	a4,48
    a41e:	f2e782e3          	beq	a5,a4,a342 <_strtol_l.isra.0+0x56>
    a422:	46a9                	li	a3,10
    a424:	bf0d                	j	a356 <_strtol_l.isra.0+0x6a>

0000a426 <strtol>:
    a426:	84418793          	addi	a5,gp,-1980 # 20000234 <_impure_ptr>
    a42a:	439c                	lw	a5,0(a5)
    a42c:	86b2                	mv	a3,a2
    a42e:	5398                	lw	a4,32(a5)
    a430:	e709                	bnez	a4,a43a <strtol+0x14>
    a432:	1fff6717          	auipc	a4,0x1fff6
    a436:	c4e70713          	addi	a4,a4,-946 # 20000080 <__global_locale>
    a43a:	862e                	mv	a2,a1
    a43c:	85aa                	mv	a1,a0
    a43e:	853e                	mv	a0,a5
    a440:	eadff06f          	j	a2ec <_strtol_l.isra.0>

0000a444 <_vsiprintf_r>:
    a444:	800007b7          	lui	a5,0x80000
    a448:	7119                	addi	sp,sp,-128
    a44a:	fff7c793          	not	a5,a5
    a44e:	ce3e                	sw	a5,28(sp)
    a450:	c83e                	sw	a5,16(sp)
    a452:	77c1                	lui	a5,0xffff0
    a454:	c42e                	sw	a1,8(sp)
    a456:	cc2e                	sw	a1,24(sp)
    a458:	20878793          	addi	a5,a5,520 # ffff0208 <_eusrstack+0xdffeb208>
    a45c:	002c                	addi	a1,sp,8
    a45e:	de86                	sw	ra,124(sp)
    a460:	ca3e                	sw	a5,20(sp)
    a462:	05e020ef          	jal	ra,c4c0 <_svfiprintf_r>
    a466:	47a2                	lw	a5,8(sp)
    a468:	00078023          	sb	zero,0(a5)
    a46c:	50f6                	lw	ra,124(sp)
    a46e:	6109                	addi	sp,sp,128
    a470:	8082                	ret

0000a472 <vsiprintf>:
    a472:	84418793          	addi	a5,gp,-1980 # 20000234 <_impure_ptr>
    a476:	86b2                	mv	a3,a2
    a478:	862e                	mv	a2,a1
    a47a:	85aa                	mv	a1,a0
    a47c:	4388                	lw	a0,0(a5)
    a47e:	fc7ff06f          	j	a444 <_vsiprintf_r>

0000a482 <quorem>:
    a482:	1101                	addi	sp,sp,-32
    a484:	cc22                	sw	s0,24(sp)
    a486:	491c                	lw	a5,16(a0)
    a488:	4980                	lw	s0,16(a1)
    a48a:	ce06                	sw	ra,28(sp)
    a48c:	ca26                	sw	s1,20(sp)
    a48e:	c84a                	sw	s2,16(sp)
    a490:	c64e                	sw	s3,12(sp)
    a492:	c452                	sw	s4,8(sp)
    a494:	c256                	sw	s5,4(sp)
    a496:	1287c163          	blt	a5,s0,a5b8 <quorem+0x136>
    a49a:	147d                	addi	s0,s0,-1
    a49c:	00241813          	slli	a6,s0,0x2
    a4a0:	01458993          	addi	s3,a1,20 # 6b00014 <_data_lma+0x6af0d98>
    a4a4:	01098a33          	add	s4,s3,a6
    a4a8:	01450913          	addi	s2,a0,20
    a4ac:	984a                	add	a6,a6,s2
    a4ae:	000a2783          	lw	a5,0(s4)
    a4b2:	00082703          	lw	a4,0(a6)
    a4b6:	0785                	addi	a5,a5,1
    a4b8:	02f754b3          	divu	s1,a4,a5
    a4bc:	06f76663          	bltu	a4,a5,a528 <quorem+0xa6>
    a4c0:	68c1                	lui	a7,0x10
    a4c2:	834e                	mv	t1,s3
    a4c4:	8e4a                	mv	t3,s2
    a4c6:	4e81                	li	t4,0
    a4c8:	4f01                	li	t5,0
    a4ca:	18fd                	addi	a7,a7,-1
    a4cc:	0311                	addi	t1,t1,4
    a4ce:	ffc32603          	lw	a2,-4(t1)
    a4d2:	0e11                	addi	t3,t3,4
    a4d4:	01167733          	and	a4,a2,a7
    a4d8:	8241                	srli	a2,a2,0x10
    a4da:	02970733          	mul	a4,a4,s1
    a4de:	02960633          	mul	a2,a2,s1
    a4e2:	9776                	add	a4,a4,t4
    a4e4:	01075693          	srli	a3,a4,0x10
    a4e8:	011777b3          	and	a5,a4,a7
    a4ec:	40ff07b3          	sub	a5,t5,a5
    a4f0:	9636                	add	a2,a2,a3
    a4f2:	ffce2683          	lw	a3,-4(t3)
    a4f6:	01065e93          	srli	t4,a2,0x10
    a4fa:	01167633          	and	a2,a2,a7
    a4fe:	0116f733          	and	a4,a3,a7
    a502:	97ba                	add	a5,a5,a4
    a504:	82c1                	srli	a3,a3,0x10
    a506:	4107d713          	srai	a4,a5,0x10
    a50a:	8e91                	sub	a3,a3,a2
    a50c:	96ba                	add	a3,a3,a4
    a50e:	4106df13          	srai	t5,a3,0x10
    a512:	0117f7b3          	and	a5,a5,a7
    a516:	06c2                	slli	a3,a3,0x10
    a518:	8fd5                	or	a5,a5,a3
    a51a:	fefe2e23          	sw	a5,-4(t3)
    a51e:	fa6a77e3          	bgeu	s4,t1,a4cc <quorem+0x4a>
    a522:	00082783          	lw	a5,0(a6)
    a526:	cbbd                	beqz	a5,a59c <quorem+0x11a>
    a528:	8aaa                	mv	s5,a0
    a52a:	2ad010ef          	jal	ra,bfd6 <__mcmp>
    a52e:	04054963          	bltz	a0,a580 <quorem+0xfe>
    a532:	6641                	lui	a2,0x10
    a534:	0485                	addi	s1,s1,1
    a536:	85ca                	mv	a1,s2
    a538:	4501                	li	a0,0
    a53a:	167d                	addi	a2,a2,-1
    a53c:	0991                	addi	s3,s3,4
    a53e:	ffc9a803          	lw	a6,-4(s3)
    a542:	4198                	lw	a4,0(a1)
    a544:	0591                	addi	a1,a1,4
    a546:	00c876b3          	and	a3,a6,a2
    a54a:	8d15                	sub	a0,a0,a3
    a54c:	00c776b3          	and	a3,a4,a2
    a550:	96aa                	add	a3,a3,a0
    a552:	01075793          	srli	a5,a4,0x10
    a556:	01085813          	srli	a6,a6,0x10
    a55a:	4106d713          	srai	a4,a3,0x10
    a55e:	410787b3          	sub	a5,a5,a6
    a562:	97ba                	add	a5,a5,a4
    a564:	4107d513          	srai	a0,a5,0x10
    a568:	8ef1                	and	a3,a3,a2
    a56a:	07c2                	slli	a5,a5,0x10
    a56c:	8fd5                	or	a5,a5,a3
    a56e:	fef5ae23          	sw	a5,-4(a1)
    a572:	fd3a75e3          	bgeu	s4,s3,a53c <quorem+0xba>
    a576:	00241793          	slli	a5,s0,0x2
    a57a:	97ca                	add	a5,a5,s2
    a57c:	4398                	lw	a4,0(a5)
    a57e:	c71d                	beqz	a4,a5ac <quorem+0x12a>
    a580:	8526                	mv	a0,s1
    a582:	40f2                	lw	ra,28(sp)
    a584:	4462                	lw	s0,24(sp)
    a586:	44d2                	lw	s1,20(sp)
    a588:	4942                	lw	s2,16(sp)
    a58a:	49b2                	lw	s3,12(sp)
    a58c:	4a22                	lw	s4,8(sp)
    a58e:	4a92                	lw	s5,4(sp)
    a590:	6105                	addi	sp,sp,32
    a592:	8082                	ret
    a594:	00082783          	lw	a5,0(a6)
    a598:	e789                	bnez	a5,a5a2 <quorem+0x120>
    a59a:	147d                	addi	s0,s0,-1
    a59c:	1871                	addi	a6,a6,-4
    a59e:	ff096be3          	bltu	s2,a6,a594 <quorem+0x112>
    a5a2:	c900                	sw	s0,16(a0)
    a5a4:	b751                	j	a528 <quorem+0xa6>
    a5a6:	4398                	lw	a4,0(a5)
    a5a8:	e709                	bnez	a4,a5b2 <quorem+0x130>
    a5aa:	147d                	addi	s0,s0,-1
    a5ac:	17f1                	addi	a5,a5,-4
    a5ae:	fef96ce3          	bltu	s2,a5,a5a6 <quorem+0x124>
    a5b2:	008aa823          	sw	s0,16(s5)
    a5b6:	b7e9                	j	a580 <quorem+0xfe>
    a5b8:	4501                	li	a0,0
    a5ba:	b7e1                	j	a582 <quorem+0x100>

0000a5bc <_dtoa_r>:
    a5bc:	7175                	addi	sp,sp,-144
    a5be:	d83e                	sw	a5,48(sp)
    a5c0:	515c                	lw	a5,36(a0)
    a5c2:	c522                	sw	s0,136(sp)
    a5c4:	c326                	sw	s1,132(sp)
    a5c6:	c14a                	sw	s2,128(sp)
    a5c8:	dece                	sw	s3,124(sp)
    a5ca:	dcd2                	sw	s4,120(sp)
    a5cc:	d4e2                	sw	s8,104(sp)
    a5ce:	c706                	sw	ra,140(sp)
    a5d0:	dad6                	sw	s5,116(sp)
    a5d2:	d8da                	sw	s6,112(sp)
    a5d4:	d6de                	sw	s7,108(sp)
    a5d6:	d2e6                	sw	s9,100(sp)
    a5d8:	d0ea                	sw	s10,96(sp)
    a5da:	ceee                	sw	s11,92(sp)
    a5dc:	c236                	sw	a3,4(sp)
    a5de:	c63a                	sw	a4,12(sp)
    a5e0:	ca46                	sw	a7,20(sp)
    a5e2:	84aa                	mv	s1,a0
    a5e4:	842e                	mv	s0,a1
    a5e6:	8932                	mv	s2,a2
    a5e8:	89c2                	mv	s3,a6
    a5ea:	8a2e                	mv	s4,a1
    a5ec:	8c32                	mv	s8,a2
    a5ee:	ef89                	bnez	a5,a608 <_dtoa_r+0x4c>
    a5f0:	4541                	li	a0,16
    a5f2:	c46fe0ef          	jal	ra,8a38 <malloc>
    a5f6:	d0c8                	sw	a0,36(s1)
    a5f8:	00052223          	sw	zero,4(a0)
    a5fc:	00052423          	sw	zero,8(a0)
    a600:	00052023          	sw	zero,0(a0)
    a604:	00052623          	sw	zero,12(a0)
    a608:	50dc                	lw	a5,36(s1)
    a60a:	438c                	lw	a1,0(a5)
    a60c:	cd89                	beqz	a1,a626 <_dtoa_r+0x6a>
    a60e:	43d8                	lw	a4,4(a5)
    a610:	4785                	li	a5,1
    a612:	8526                	mv	a0,s1
    a614:	00e797b3          	sll	a5,a5,a4
    a618:	c59c                	sw	a5,8(a1)
    a61a:	c1d8                	sw	a4,4(a1)
    a61c:	49e010ef          	jal	ra,baba <_Bfree>
    a620:	50dc                	lw	a5,36(s1)
    a622:	0007a023          	sw	zero,0(a5)
    a626:	04095363          	bgez	s2,a66c <_dtoa_r+0xb0>
    a62a:	4785                	li	a5,1
    a62c:	00191c13          	slli	s8,s2,0x1
    a630:	00f9a023          	sw	a5,0(s3)
    a634:	001c5c13          	srli	s8,s8,0x1
    a638:	7ff007b7          	lui	a5,0x7ff00
    a63c:	00fc7733          	and	a4,s8,a5
    a640:	06f71463          	bne	a4,a5,a6a8 <_dtoa_r+0xec>
    a644:	5742                	lw	a4,48(sp)
    a646:	6789                	lui	a5,0x2
    a648:	0c32                	slli	s8,s8,0xc
    a64a:	70f78793          	addi	a5,a5,1807 # 270f <EC_01G_GPS_Handle+0x11f>
    a64e:	00cc5c13          	srli	s8,s8,0xc
    a652:	c31c                	sw	a5,0(a4)
    a654:	008c6c33          	or	s8,s8,s0
    a658:	320c00e3          	beqz	s8,b178 <_dtoa_r+0xbbc>
    a65c:	47d2                	lw	a5,20(sp)
    a65e:	eb91                	bnez	a5,a672 <_dtoa_r+0xb6>
    a660:	00005797          	auipc	a5,0x5
    a664:	9f478793          	addi	a5,a5,-1548 # f054 <tinytens+0x64>
    a668:	c03e                	sw	a5,0(sp)
    a66a:	a839                	j	a688 <_dtoa_r+0xcc>
    a66c:	0009a023          	sw	zero,0(s3)
    a670:	b7e1                	j	a638 <_dtoa_r+0x7c>
    a672:	00005797          	auipc	a5,0x5
    a676:	9e278793          	addi	a5,a5,-1566 # f054 <tinytens+0x64>
    a67a:	c03e                	sw	a5,0(sp)
    a67c:	00005797          	auipc	a5,0x5
    a680:	9db78793          	addi	a5,a5,-1573 # f057 <tinytens+0x67>
    a684:	4752                	lw	a4,20(sp)
    a686:	c31c                	sw	a5,0(a4)
    a688:	40ba                	lw	ra,140(sp)
    a68a:	442a                	lw	s0,136(sp)
    a68c:	4502                	lw	a0,0(sp)
    a68e:	449a                	lw	s1,132(sp)
    a690:	490a                	lw	s2,128(sp)
    a692:	59f6                	lw	s3,124(sp)
    a694:	5a66                	lw	s4,120(sp)
    a696:	5ad6                	lw	s5,116(sp)
    a698:	5b46                	lw	s6,112(sp)
    a69a:	5bb6                	lw	s7,108(sp)
    a69c:	5c26                	lw	s8,104(sp)
    a69e:	5c96                	lw	s9,100(sp)
    a6a0:	5d06                	lw	s10,96(sp)
    a6a2:	4df6                	lw	s11,92(sp)
    a6a4:	6149                	addi	sp,sp,144
    a6a6:	8082                	ret
    a6a8:	4601                	li	a2,0
    a6aa:	4681                	li	a3,0
    a6ac:	8522                	mv	a0,s0
    a6ae:	85e2                	mv	a1,s8
    a6b0:	ce22                	sw	s0,28(sp)
    a6b2:	d462                	sw	s8,40(sp)
    a6b4:	95afc0ef          	jal	ra,680e <__eqdf2>
    a6b8:	e105                	bnez	a0,a6d8 <_dtoa_r+0x11c>
    a6ba:	5742                	lw	a4,48(sp)
    a6bc:	4785                	li	a5,1
    a6be:	c31c                	sw	a5,0(a4)
    a6c0:	00005797          	auipc	a5,0x5
    a6c4:	89878793          	addi	a5,a5,-1896 # ef58 <__clz_tab+0x118>
    a6c8:	c03e                	sw	a5,0(sp)
    a6ca:	47d2                	lw	a5,20(sp)
    a6cc:	dfd5                	beqz	a5,a688 <_dtoa_r+0xcc>
    a6ce:	00005797          	auipc	a5,0x5
    a6d2:	88b78793          	addi	a5,a5,-1909 # ef59 <__clz_tab+0x119>
    a6d6:	b77d                	j	a684 <_dtoa_r+0xc8>
    a6d8:	00b8                	addi	a4,sp,72
    a6da:	00f4                	addi	a3,sp,76
    a6dc:	8662                	mv	a2,s8
    a6de:	85a2                	mv	a1,s0
    a6e0:	8526                	mv	a0,s1
    a6e2:	014c5913          	srli	s2,s8,0x14
    a6e6:	30f010ef          	jal	ra,c1f4 <__d2b>
    a6ea:	7ff97913          	andi	s2,s2,2047
    a6ee:	89aa                	mv	s3,a0
    a6f0:	4aa6                	lw	s5,72(sp)
    a6f2:	10090d63          	beqz	s2,a80c <_dtoa_r+0x250>
    a6f6:	57a2                	lw	a5,40(sp)
    a6f8:	4572                	lw	a0,28(sp)
    a6fa:	c0190913          	addi	s2,s2,-1023
    a6fe:	00c79593          	slli	a1,a5,0xc
    a702:	81b1                	srli	a1,a1,0xc
    a704:	3ff007b7          	lui	a5,0x3ff00
    a708:	8ddd                	or	a1,a1,a5
    a70a:	dc02                	sw	zero,56(sp)
    a70c:	00004797          	auipc	a5,0x4
    a710:	44c78793          	addi	a5,a5,1100 # eb58 <tfont32+0x524>
    a714:	4390                	lw	a2,0(a5)
    a716:	43d4                	lw	a3,4(a5)
    a718:	f7cfc0ef          	jal	ra,6e94 <__subdf3>
    a71c:	00005797          	auipc	a5,0x5
    a720:	8fc78793          	addi	a5,a5,-1796 # f018 <tinytens+0x28>
    a724:	4390                	lw	a2,0(a5)
    a726:	43d4                	lw	a3,4(a5)
    a728:	ab4fc0ef          	jal	ra,69dc <__muldf3>
    a72c:	00005797          	auipc	a5,0x5
    a730:	8f478793          	addi	a5,a5,-1804 # f020 <tinytens+0x30>
    a734:	4390                	lw	a2,0(a5)
    a736:	43d4                	lw	a3,4(a5)
    a738:	bf2fb0ef          	jal	ra,5b2a <__adddf3>
    a73c:	8b2a                	mv	s6,a0
    a73e:	854a                	mv	a0,s2
    a740:	8bae                	mv	s7,a1
    a742:	f91fc0ef          	jal	ra,76d2 <__floatsidf>
    a746:	00005797          	auipc	a5,0x5
    a74a:	8e278793          	addi	a5,a5,-1822 # f028 <tinytens+0x38>
    a74e:	4390                	lw	a2,0(a5)
    a750:	43d4                	lw	a3,4(a5)
    a752:	a8afc0ef          	jal	ra,69dc <__muldf3>
    a756:	862a                	mv	a2,a0
    a758:	86ae                	mv	a3,a1
    a75a:	855a                	mv	a0,s6
    a75c:	85de                	mv	a1,s7
    a75e:	bccfb0ef          	jal	ra,5b2a <__adddf3>
    a762:	8b2a                	mv	s6,a0
    a764:	8bae                	mv	s7,a1
    a766:	ea9fc0ef          	jal	ra,760e <__fixdfsi>
    a76a:	842a                	mv	s0,a0
    a76c:	4601                	li	a2,0
    a76e:	4681                	li	a3,0
    a770:	855a                	mv	a0,s6
    a772:	85de                	mv	a1,s7
    a774:	9b2fc0ef          	jal	ra,6926 <__ledf2>
    a778:	00055b63          	bgez	a0,a78e <_dtoa_r+0x1d2>
    a77c:	8522                	mv	a0,s0
    a77e:	f55fc0ef          	jal	ra,76d2 <__floatsidf>
    a782:	865a                	mv	a2,s6
    a784:	86de                	mv	a3,s7
    a786:	888fc0ef          	jal	ra,680e <__eqdf2>
    a78a:	c111                	beqz	a0,a78e <_dtoa_r+0x1d2>
    a78c:	147d                	addi	s0,s0,-1
    a78e:	4705                	li	a4,1
    a790:	47d9                	li	a5,22
    a792:	d63a                	sw	a4,44(sp)
    a794:	0287e363          	bltu	a5,s0,a7ba <_dtoa_r+0x1fe>
    a798:	00341713          	slli	a4,s0,0x3
    a79c:	00005797          	auipc	a5,0x5
    a7a0:	8f478793          	addi	a5,a5,-1804 # f090 <__mprec_tens>
    a7a4:	97ba                	add	a5,a5,a4
    a7a6:	4390                	lw	a2,0(a5)
    a7a8:	43d4                	lw	a3,4(a5)
    a7aa:	4572                	lw	a0,28(sp)
    a7ac:	55a2                	lw	a1,40(sp)
    a7ae:	978fc0ef          	jal	ra,6926 <__ledf2>
    a7b2:	00055363          	bgez	a0,a7b8 <_dtoa_r+0x1fc>
    a7b6:	147d                	addi	s0,s0,-1
    a7b8:	d602                	sw	zero,44(sp)
    a7ba:	412a8933          	sub	s2,s5,s2
    a7be:	fff90b93          	addi	s7,s2,-1
    a7c2:	4b01                	li	s6,0
    a7c4:	000bd663          	bgez	s7,a7d0 <_dtoa_r+0x214>
    a7c8:	4b05                	li	s6,1
    a7ca:	412b0b33          	sub	s6,s6,s2
    a7ce:	4b81                	li	s7,0
    a7d0:	06044e63          	bltz	s0,a84c <_dtoa_r+0x290>
    a7d4:	9ba2                	add	s7,s7,s0
    a7d6:	cc22                	sw	s0,24(sp)
    a7d8:	4a81                	li	s5,0
    a7da:	4712                	lw	a4,4(sp)
    a7dc:	47a5                	li	a5,9
    a7de:	14e7e563          	bltu	a5,a4,a928 <_dtoa_r+0x36c>
    a7e2:	4795                	li	a5,5
    a7e4:	4c85                	li	s9,1
    a7e6:	00e7d663          	bge	a5,a4,a7f2 <_dtoa_r+0x236>
    a7ea:	ffc70793          	addi	a5,a4,-4
    a7ee:	c23e                	sw	a5,4(sp)
    a7f0:	4c81                	li	s9,0
    a7f2:	4712                	lw	a4,4(sp)
    a7f4:	478d                	li	a5,3
    a7f6:	10f70e63          	beq	a4,a5,a912 <_dtoa_r+0x356>
    a7fa:	04e7cf63          	blt	a5,a4,a858 <_dtoa_r+0x29c>
    a7fe:	4789                	li	a5,2
    a800:	c802                	sw	zero,16(sp)
    a802:	06f70d63          	beq	a4,a5,a87c <_dtoa_r+0x2c0>
    a806:	4785                	li	a5,1
    a808:	c83e                	sw	a5,16(sp)
    a80a:	a08d                	j	a86c <_dtoa_r+0x2b0>
    a80c:	4936                	lw	s2,76(sp)
    a80e:	02000793          	li	a5,32
    a812:	9956                	add	s2,s2,s5
    a814:	43290713          	addi	a4,s2,1074
    a818:	02e7d563          	bge	a5,a4,a842 <_dtoa_r+0x286>
    a81c:	04000513          	li	a0,64
    a820:	8d19                	sub	a0,a0,a4
    a822:	41290793          	addi	a5,s2,1042
    a826:	00ac1533          	sll	a0,s8,a0
    a82a:	00f45433          	srl	s0,s0,a5
    a82e:	8d41                	or	a0,a0,s0
    a830:	f15fc0ef          	jal	ra,7744 <__floatunsidf>
    a834:	fe1007b7          	lui	a5,0xfe100
    a838:	95be                	add	a1,a1,a5
    a83a:	4785                	li	a5,1
    a83c:	197d                	addi	s2,s2,-1
    a83e:	dc3e                	sw	a5,56(sp)
    a840:	b5f1                	j	a70c <_dtoa_r+0x150>
    a842:	40e78533          	sub	a0,a5,a4
    a846:	00a41533          	sll	a0,s0,a0
    a84a:	b7dd                	j	a830 <_dtoa_r+0x274>
    a84c:	408b0b33          	sub	s6,s6,s0
    a850:	40800ab3          	neg	s5,s0
    a854:	cc02                	sw	zero,24(sp)
    a856:	b751                	j	a7da <_dtoa_r+0x21e>
    a858:	4712                	lw	a4,4(sp)
    a85a:	4791                	li	a5,4
    a85c:	00f70e63          	beq	a4,a5,a878 <_dtoa_r+0x2bc>
    a860:	4705                	li	a4,1
    a862:	c83a                	sw	a4,16(sp)
    a864:	4712                	lw	a4,4(sp)
    a866:	4795                	li	a5,5
    a868:	0af70663          	beq	a4,a5,a914 <_dtoa_r+0x358>
    a86c:	57fd                	li	a5,-1
    a86e:	c43e                	sw	a5,8(sp)
    a870:	5dfd                	li	s11,-1
    a872:	47c9                	li	a5,18
    a874:	c602                	sw	zero,12(sp)
    a876:	a819                	j	a88c <_dtoa_r+0x2d0>
    a878:	4785                	li	a5,1
    a87a:	c83e                	sw	a5,16(sp)
    a87c:	47b2                	lw	a5,12(sp)
    a87e:	0af04863          	bgtz	a5,a92e <_dtoa_r+0x372>
    a882:	4785                	li	a5,1
    a884:	4705                	li	a4,1
    a886:	c43e                	sw	a5,8(sp)
    a888:	4d85                	li	s11,1
    a88a:	c63a                	sw	a4,12(sp)
    a88c:	0244a903          	lw	s2,36(s1)
    a890:	4711                	li	a4,4
    a892:	00092223          	sw	zero,4(s2)
    a896:	01470693          	addi	a3,a4,20
    a89a:	00492583          	lw	a1,4(s2)
    a89e:	08d7fc63          	bgeu	a5,a3,a936 <_dtoa_r+0x37a>
    a8a2:	8526                	mv	a0,s1
    a8a4:	18a010ef          	jal	ra,ba2e <_Balloc>
    a8a8:	50dc                	lw	a5,36(s1)
    a8aa:	00a92023          	sw	a0,0(s2)
    a8ae:	439c                	lw	a5,0(a5)
    a8b0:	c03e                	sw	a5,0(sp)
    a8b2:	47b9                	li	a5,14
    a8b4:	1db7e663          	bltu	a5,s11,aa80 <_dtoa_r+0x4c4>
    a8b8:	1c0c8463          	beqz	s9,aa80 <_dtoa_r+0x4c4>
    a8bc:	0a805e63          	blez	s0,a978 <_dtoa_r+0x3bc>
    a8c0:	00f47793          	andi	a5,s0,15
    a8c4:	00379713          	slli	a4,a5,0x3
    a8c8:	40445c93          	srai	s9,s0,0x4
    a8cc:	00004797          	auipc	a5,0x4
    a8d0:	7c478793          	addi	a5,a5,1988 # f090 <__mprec_tens>
    a8d4:	97ba                	add	a5,a5,a4
    a8d6:	010cf693          	andi	a3,s9,16
    a8da:	4398                	lw	a4,0(a5)
    a8dc:	4909                	li	s2,2
    a8de:	43dc                	lw	a5,4(a5)
    a8e0:	c685                	beqz	a3,a908 <_dtoa_r+0x34c>
    a8e2:	00004697          	auipc	a3,0x4
    a8e6:	78668693          	addi	a3,a3,1926 # f068 <__mprec_bigtens>
    a8ea:	5290                	lw	a2,32(a3)
    a8ec:	4572                	lw	a0,28(sp)
    a8ee:	52d4                	lw	a3,36(a3)
    a8f0:	55a2                	lw	a1,40(sp)
    a8f2:	d03a                	sw	a4,32(sp)
    a8f4:	d23e                	sw	a5,36(sp)
    a8f6:	965fb0ef          	jal	ra,625a <__divdf3>
    a8fa:	5702                	lw	a4,32(sp)
    a8fc:	5792                	lw	a5,36(sp)
    a8fe:	00fcfc93          	andi	s9,s9,15
    a902:	8a2a                	mv	s4,a0
    a904:	8c2e                	mv	s8,a1
    a906:	490d                	li	s2,3
    a908:	00004d17          	auipc	s10,0x4
    a90c:	760d0d13          	addi	s10,s10,1888 # f068 <__mprec_bigtens>
    a910:	a889                	j	a962 <_dtoa_r+0x3a6>
    a912:	c802                	sw	zero,16(sp)
    a914:	47b2                	lw	a5,12(sp)
    a916:	97a2                	add	a5,a5,s0
    a918:	c43e                	sw	a5,8(sp)
    a91a:	00178d93          	addi	s11,a5,1
    a91e:	87ee                	mv	a5,s11
    a920:	f7b046e3          	bgtz	s11,a88c <_dtoa_r+0x2d0>
    a924:	4785                	li	a5,1
    a926:	b79d                	j	a88c <_dtoa_r+0x2d0>
    a928:	4c85                	li	s9,1
    a92a:	c202                	sw	zero,4(sp)
    a92c:	bde9                	j	a806 <_dtoa_r+0x24a>
    a92e:	47b2                	lw	a5,12(sp)
    a930:	c43e                	sw	a5,8(sp)
    a932:	8dbe                	mv	s11,a5
    a934:	bfa1                	j	a88c <_dtoa_r+0x2d0>
    a936:	0585                	addi	a1,a1,1
    a938:	00b92223          	sw	a1,4(s2)
    a93c:	0706                	slli	a4,a4,0x1
    a93e:	bfa1                	j	a896 <_dtoa_r+0x2da>
    a940:	001cf693          	andi	a3,s9,1
    a944:	ce81                	beqz	a3,a95c <_dtoa_r+0x3a0>
    a946:	000d2603          	lw	a2,0(s10)
    a94a:	004d2683          	lw	a3,4(s10)
    a94e:	853a                	mv	a0,a4
    a950:	85be                	mv	a1,a5
    a952:	88afc0ef          	jal	ra,69dc <__muldf3>
    a956:	0905                	addi	s2,s2,1
    a958:	872a                	mv	a4,a0
    a95a:	87ae                	mv	a5,a1
    a95c:	401cdc93          	srai	s9,s9,0x1
    a960:	0d21                	addi	s10,s10,8
    a962:	fc0c9fe3          	bnez	s9,a940 <_dtoa_r+0x384>
    a966:	863a                	mv	a2,a4
    a968:	86be                	mv	a3,a5
    a96a:	8552                	mv	a0,s4
    a96c:	85e2                	mv	a1,s8
    a96e:	8edfb0ef          	jal	ra,625a <__divdf3>
    a972:	8a2a                	mv	s4,a0
    a974:	8c2e                	mv	s8,a1
    a976:	a081                	j	a9b6 <_dtoa_r+0x3fa>
    a978:	4909                	li	s2,2
    a97a:	cc15                	beqz	s0,a9b6 <_dtoa_r+0x3fa>
    a97c:	40800cb3          	neg	s9,s0
    a980:	00fcf793          	andi	a5,s9,15
    a984:	00379713          	slli	a4,a5,0x3
    a988:	00004797          	auipc	a5,0x4
    a98c:	70878793          	addi	a5,a5,1800 # f090 <__mprec_tens>
    a990:	97ba                	add	a5,a5,a4
    a992:	4390                	lw	a2,0(a5)
    a994:	43d4                	lw	a3,4(a5)
    a996:	4572                	lw	a0,28(sp)
    a998:	55a2                	lw	a1,40(sp)
    a99a:	404cdc93          	srai	s9,s9,0x4
    a99e:	00004d17          	auipc	s10,0x4
    a9a2:	6cad0d13          	addi	s10,s10,1738 # f068 <__mprec_bigtens>
    a9a6:	836fc0ef          	jal	ra,69dc <__muldf3>
    a9aa:	8a2a                	mv	s4,a0
    a9ac:	8c2e                	mv	s8,a1
    a9ae:	4781                	li	a5,0
    a9b0:	120c9b63          	bnez	s9,aae6 <_dtoa_r+0x52a>
    a9b4:	ffdd                	bnez	a5,a972 <_dtoa_r+0x3b6>
    a9b6:	57b2                	lw	a5,44(sp)
    a9b8:	14078663          	beqz	a5,ab04 <_dtoa_r+0x548>
    a9bc:	00002717          	auipc	a4,0x2
    a9c0:	09470713          	addi	a4,a4,148 # ca50 <__trunctfdf2+0x230>
    a9c4:	4310                	lw	a2,0(a4)
    a9c6:	4354                	lw	a3,4(a4)
    a9c8:	8552                	mv	a0,s4
    a9ca:	85e2                	mv	a1,s8
    a9cc:	d052                	sw	s4,32(sp)
    a9ce:	f59fb0ef          	jal	ra,6926 <__ledf2>
    a9d2:	12055963          	bgez	a0,ab04 <_dtoa_r+0x548>
    a9d6:	120d8a63          	beqz	s11,ab0a <_dtoa_r+0x54e>
    a9da:	47a2                	lw	a5,8(sp)
    a9dc:	0af05063          	blez	a5,aa7c <_dtoa_r+0x4c0>
    a9e0:	00004717          	auipc	a4,0x4
    a9e4:	65070713          	addi	a4,a4,1616 # f030 <tinytens+0x40>
    a9e8:	5782                	lw	a5,32(sp)
    a9ea:	4310                	lw	a2,0(a4)
    a9ec:	4354                	lw	a3,4(a4)
    a9ee:	853e                	mv	a0,a5
    a9f0:	85e2                	mv	a1,s8
    a9f2:	febfb0ef          	jal	ra,69dc <__muldf3>
    a9f6:	47a2                	lw	a5,8(sp)
    a9f8:	fff40d13          	addi	s10,s0,-1 # 34fffff <_data_lma+0x34f0d83>
    a9fc:	8a2a                	mv	s4,a0
    a9fe:	8c2e                	mv	s8,a1
    aa00:	0905                	addi	s2,s2,1
    aa02:	8762                	mv	a4,s8
    aa04:	854a                	mv	a0,s2
    aa06:	de3e                	sw	a5,60(sp)
    aa08:	da52                	sw	s4,52(sp)
    aa0a:	8cba                	mv	s9,a4
    aa0c:	d03a                	sw	a4,32(sp)
    aa0e:	cc5fc0ef          	jal	ra,76d2 <__floatsidf>
    aa12:	5852                	lw	a6,52(sp)
    aa14:	5702                	lw	a4,32(sp)
    aa16:	fcc00937          	lui	s2,0xfcc00
    aa1a:	8642                	mv	a2,a6
    aa1c:	86ba                	mv	a3,a4
    aa1e:	fbffb0ef          	jal	ra,69dc <__muldf3>
    aa22:	00004697          	auipc	a3,0x4
    aa26:	61668693          	addi	a3,a3,1558 # f038 <tinytens+0x48>
    aa2a:	4290                	lw	a2,0(a3)
    aa2c:	42d4                	lw	a3,4(a3)
    aa2e:	8c52                	mv	s8,s4
    aa30:	8fafb0ef          	jal	ra,5b2a <__adddf3>
    aa34:	57f2                	lw	a5,60(sp)
    aa36:	8a2a                	mv	s4,a0
    aa38:	992e                	add	s2,s2,a1
    aa3a:	ebf9                	bnez	a5,ab10 <_dtoa_r+0x554>
    aa3c:	00004797          	auipc	a5,0x4
    aa40:	60478793          	addi	a5,a5,1540 # f040 <tinytens+0x50>
    aa44:	5852                	lw	a6,52(sp)
    aa46:	5702                	lw	a4,32(sp)
    aa48:	4390                	lw	a2,0(a5)
    aa4a:	43d4                	lw	a3,4(a5)
    aa4c:	8542                	mv	a0,a6
    aa4e:	85ba                	mv	a1,a4
    aa50:	c44fc0ef          	jal	ra,6e94 <__subdf3>
    aa54:	8652                	mv	a2,s4
    aa56:	86ca                	mv	a3,s2
    aa58:	8c2a                	mv	s8,a0
    aa5a:	8cae                	mv	s9,a1
    aa5c:	e1dfb0ef          	jal	ra,6878 <__gedf2>
    aa60:	54a04663          	bgtz	a0,afac <_dtoa_r+0x9f0>
    aa64:	800007b7          	lui	a5,0x80000
    aa68:	0127c7b3          	xor	a5,a5,s2
    aa6c:	8652                	mv	a2,s4
    aa6e:	86be                	mv	a3,a5
    aa70:	8562                	mv	a0,s8
    aa72:	85e6                	mv	a1,s9
    aa74:	eb3fb0ef          	jal	ra,6926 <__ledf2>
    aa78:	52054763          	bltz	a0,afa6 <_dtoa_r+0x9ea>
    aa7c:	4a72                	lw	s4,28(sp)
    aa7e:	5c22                	lw	s8,40(sp)
    aa80:	47b6                	lw	a5,76(sp)
    aa82:	3007c363          	bltz	a5,ad88 <_dtoa_r+0x7cc>
    aa86:	4739                	li	a4,14
    aa88:	30874063          	blt	a4,s0,ad88 <_dtoa_r+0x7cc>
    aa8c:	00341713          	slli	a4,s0,0x3
    aa90:	00004797          	auipc	a5,0x4
    aa94:	60078793          	addi	a5,a5,1536 # f090 <__mprec_tens>
    aa98:	97ba                	add	a5,a5,a4
    aa9a:	0007ab03          	lw	s6,0(a5)
    aa9e:	0047ab83          	lw	s7,4(a5)
    aaa2:	47b2                	lw	a5,12(sp)
    aaa4:	2007d163          	bgez	a5,aca6 <_dtoa_r+0x6ea>
    aaa8:	1fb04f63          	bgtz	s11,aca6 <_dtoa_r+0x6ea>
    aaac:	4e0d9d63          	bnez	s11,afa6 <_dtoa_r+0x9ea>
    aab0:	00004797          	auipc	a5,0x4
    aab4:	59078793          	addi	a5,a5,1424 # f040 <tinytens+0x50>
    aab8:	4390                	lw	a2,0(a5)
    aaba:	43d4                	lw	a3,4(a5)
    aabc:	855a                	mv	a0,s6
    aabe:	85de                	mv	a1,s7
    aac0:	f1dfb0ef          	jal	ra,69dc <__muldf3>
    aac4:	8652                	mv	a2,s4
    aac6:	86e2                	mv	a3,s8
    aac8:	db1fb0ef          	jal	ra,6878 <__gedf2>
    aacc:	4a81                	li	s5,0
    aace:	4901                	li	s2,0
    aad0:	4a055363          	bgez	a0,af76 <_dtoa_r+0x9ba>
    aad4:	4782                	lw	a5,0(sp)
    aad6:	4702                	lw	a4,0(sp)
    aad8:	0405                	addi	s0,s0,1
    aada:	00178a13          	addi	s4,a5,1
    aade:	03100793          	li	a5,49
    aae2:	a31c                	sb	a5,0(a4)
    aae4:	a969                	j	af7e <_dtoa_r+0x9c2>
    aae6:	001cf713          	andi	a4,s9,1
    aaea:	cb09                	beqz	a4,aafc <_dtoa_r+0x540>
    aaec:	000d2603          	lw	a2,0(s10)
    aaf0:	004d2683          	lw	a3,4(s10)
    aaf4:	0905                	addi	s2,s2,1
    aaf6:	ee7fb0ef          	jal	ra,69dc <__muldf3>
    aafa:	4785                	li	a5,1
    aafc:	401cdc93          	srai	s9,s9,0x1
    ab00:	0d21                	addi	s10,s10,8
    ab02:	b57d                	j	a9b0 <_dtoa_r+0x3f4>
    ab04:	8d22                	mv	s10,s0
    ab06:	87ee                	mv	a5,s11
    ab08:	bded                	j	aa02 <_dtoa_r+0x446>
    ab0a:	8d22                	mv	s10,s0
    ab0c:	4781                	li	a5,0
    ab0e:	bdd5                	j	aa02 <_dtoa_r+0x446>
    ab10:	fff78693          	addi	a3,a5,-1
    ab14:	00369613          	slli	a2,a3,0x3
    ab18:	00004697          	auipc	a3,0x4
    ab1c:	57868693          	addi	a3,a3,1400 # f090 <__mprec_tens>
    ab20:	96b2                	add	a3,a3,a2
    ab22:	4288                	lw	a0,0(a3)
    ab24:	42cc                	lw	a1,4(a3)
    ab26:	4682                	lw	a3,0(sp)
    ab28:	97b6                	add	a5,a5,a3
    ab2a:	da3e                	sw	a5,52(sp)
    ab2c:	47c2                	lw	a5,16(sp)
    ab2e:	c3e9                	beqz	a5,abf0 <_dtoa_r+0x634>
    ab30:	00002797          	auipc	a5,0x2
    ab34:	01078793          	addi	a5,a5,16 # cb40 <__trunctfdf2+0x320>
    ab38:	862a                	mv	a2,a0
    ab3a:	86ae                	mv	a3,a1
    ab3c:	4388                	lw	a0,0(a5)
    ab3e:	43cc                	lw	a1,4(a5)
    ab40:	de4a                	sw	s2,60(sp)
    ab42:	d052                	sw	s4,32(sp)
    ab44:	f16fb0ef          	jal	ra,625a <__divdf3>
    ab48:	5802                	lw	a6,32(sp)
    ab4a:	5772                	lw	a4,60(sp)
    ab4c:	00004917          	auipc	s2,0x4
    ab50:	4e490913          	addi	s2,s2,1252 # f030 <tinytens+0x40>
    ab54:	8642                	mv	a2,a6
    ab56:	86ba                	mv	a3,a4
    ab58:	b3cfc0ef          	jal	ra,6e94 <__subdf3>
    ab5c:	4a02                	lw	s4,0(sp)
    ab5e:	d02a                	sw	a0,32(sp)
    ab60:	d22e                	sw	a1,36(sp)
    ab62:	85e6                	mv	a1,s9
    ab64:	8562                	mv	a0,s8
    ab66:	aa9fc0ef          	jal	ra,760e <__fixdfsi>
    ab6a:	de2a                	sw	a0,60(sp)
    ab6c:	b67fc0ef          	jal	ra,76d2 <__floatsidf>
    ab70:	862a                	mv	a2,a0
    ab72:	86ae                	mv	a3,a1
    ab74:	8562                	mv	a0,s8
    ab76:	85e6                	mv	a1,s9
    ab78:	b1cfc0ef          	jal	ra,6e94 <__subdf3>
    ab7c:	57f2                	lw	a5,60(sp)
    ab7e:	8c2a                	mv	s8,a0
    ab80:	8cae                	mv	s9,a1
    ab82:	862a                	mv	a2,a0
    ab84:	86ae                	mv	a3,a1
    ab86:	5502                	lw	a0,32(sp)
    ab88:	5592                	lw	a1,36(sp)
    ab8a:	0a05                	addi	s4,s4,1
    ab8c:	03078793          	addi	a5,a5,48
    ab90:	fefa0fa3          	sb	a5,-1(s4)
    ab94:	ce5fb0ef          	jal	ra,6878 <__gedf2>
    ab98:	0ea04863          	bgtz	a0,ac88 <_dtoa_r+0x6cc>
    ab9c:	00002797          	auipc	a5,0x2
    aba0:	eb478793          	addi	a5,a5,-332 # ca50 <__trunctfdf2+0x230>
    aba4:	4388                	lw	a0,0(a5)
    aba6:	43cc                	lw	a1,4(a5)
    aba8:	8662                	mv	a2,s8
    abaa:	86e6                	mv	a3,s9
    abac:	ae8fc0ef          	jal	ra,6e94 <__subdf3>
    abb0:	862a                	mv	a2,a0
    abb2:	86ae                	mv	a3,a1
    abb4:	5502                	lw	a0,32(sp)
    abb6:	5592                	lw	a1,36(sp)
    abb8:	cc1fb0ef          	jal	ra,6878 <__gedf2>
    abbc:	18a04263          	bgtz	a0,ad40 <_dtoa_r+0x784>
    abc0:	57d2                	lw	a5,52(sp)
    abc2:	eafa0de3          	beq	s4,a5,aa7c <_dtoa_r+0x4c0>
    abc6:	00092603          	lw	a2,0(s2)
    abca:	00492683          	lw	a3,4(s2)
    abce:	5502                	lw	a0,32(sp)
    abd0:	5592                	lw	a1,36(sp)
    abd2:	e0bfb0ef          	jal	ra,69dc <__muldf3>
    abd6:	00092603          	lw	a2,0(s2)
    abda:	00492683          	lw	a3,4(s2)
    abde:	d02a                	sw	a0,32(sp)
    abe0:	d22e                	sw	a1,36(sp)
    abe2:	8562                	mv	a0,s8
    abe4:	85e6                	mv	a1,s9
    abe6:	df7fb0ef          	jal	ra,69dc <__muldf3>
    abea:	8c2a                	mv	s8,a0
    abec:	8cae                	mv	s9,a1
    abee:	bf95                	j	ab62 <_dtoa_r+0x5a6>
    abf0:	8652                	mv	a2,s4
    abf2:	86ca                	mv	a3,s2
    abf4:	de9fb0ef          	jal	ra,69dc <__muldf3>
    abf8:	5a52                	lw	s4,52(sp)
    abfa:	4902                	lw	s2,0(sp)
    abfc:	d02a                	sw	a0,32(sp)
    abfe:	d22e                	sw	a1,36(sp)
    ac00:	85e6                	mv	a1,s9
    ac02:	8562                	mv	a0,s8
    ac04:	a0bfc0ef          	jal	ra,760e <__fixdfsi>
    ac08:	de2a                	sw	a0,60(sp)
    ac0a:	ac9fc0ef          	jal	ra,76d2 <__floatsidf>
    ac0e:	862a                	mv	a2,a0
    ac10:	86ae                	mv	a3,a1
    ac12:	8562                	mv	a0,s8
    ac14:	85e6                	mv	a1,s9
    ac16:	a7efc0ef          	jal	ra,6e94 <__subdf3>
    ac1a:	5772                	lw	a4,60(sp)
    ac1c:	57d2                	lw	a5,52(sp)
    ac1e:	0905                	addi	s2,s2,1
    ac20:	03070713          	addi	a4,a4,48
    ac24:	fee90fa3          	sb	a4,-1(s2)
    ac28:	8c2a                	mv	s8,a0
    ac2a:	8cae                	mv	s9,a1
    ac2c:	06f91263          	bne	s2,a5,ac90 <_dtoa_r+0x6d4>
    ac30:	00002917          	auipc	s2,0x2
    ac34:	f1090913          	addi	s2,s2,-240 # cb40 <__trunctfdf2+0x320>
    ac38:	00092603          	lw	a2,0(s2)
    ac3c:	00492683          	lw	a3,4(s2)
    ac40:	5502                	lw	a0,32(sp)
    ac42:	5592                	lw	a1,36(sp)
    ac44:	ee7fa0ef          	jal	ra,5b2a <__adddf3>
    ac48:	862a                	mv	a2,a0
    ac4a:	86ae                	mv	a3,a1
    ac4c:	8562                	mv	a0,s8
    ac4e:	85e6                	mv	a1,s9
    ac50:	c29fb0ef          	jal	ra,6878 <__gedf2>
    ac54:	0ea04663          	bgtz	a0,ad40 <_dtoa_r+0x784>
    ac58:	5602                	lw	a2,32(sp)
    ac5a:	5692                	lw	a3,36(sp)
    ac5c:	00092503          	lw	a0,0(s2)
    ac60:	00492583          	lw	a1,4(s2)
    ac64:	a30fc0ef          	jal	ra,6e94 <__subdf3>
    ac68:	862a                	mv	a2,a0
    ac6a:	86ae                	mv	a3,a1
    ac6c:	8562                	mv	a0,s8
    ac6e:	85e6                	mv	a1,s9
    ac70:	cb7fb0ef          	jal	ra,6926 <__ledf2>
    ac74:	03000793          	li	a5,48
    ac78:	e00552e3          	bgez	a0,aa7c <_dtoa_r+0x4c0>
    ac7c:	fffa4703          	lbu	a4,-1(s4)
    ac80:	fffa0693          	addi	a3,s4,-1
    ac84:	00f70463          	beq	a4,a5,ac8c <_dtoa_r+0x6d0>
    ac88:	846a                	mv	s0,s10
    ac8a:	a859                	j	ad20 <_dtoa_r+0x764>
    ac8c:	8a36                	mv	s4,a3
    ac8e:	b7fd                	j	ac7c <_dtoa_r+0x6c0>
    ac90:	00004797          	auipc	a5,0x4
    ac94:	3a078793          	addi	a5,a5,928 # f030 <tinytens+0x40>
    ac98:	4390                	lw	a2,0(a5)
    ac9a:	43d4                	lw	a3,4(a5)
    ac9c:	d41fb0ef          	jal	ra,69dc <__muldf3>
    aca0:	8c2a                	mv	s8,a0
    aca2:	8cae                	mv	s9,a1
    aca4:	bfb1                	j	ac00 <_dtoa_r+0x644>
    aca6:	87e2                	mv	a5,s8
    aca8:	8cbe                	mv	s9,a5
    acaa:	4782                	lw	a5,0(sp)
    acac:	8c52                	mv	s8,s4
    acae:	00004a97          	auipc	s5,0x4
    acb2:	382a8a93          	addi	s5,s5,898 # f030 <tinytens+0x40>
    acb6:	00178913          	addi	s2,a5,1
    acba:	9dbe                	add	s11,s11,a5
    acbc:	865a                	mv	a2,s6
    acbe:	86de                	mv	a3,s7
    acc0:	8562                	mv	a0,s8
    acc2:	85e6                	mv	a1,s9
    acc4:	d96fb0ef          	jal	ra,625a <__divdf3>
    acc8:	947fc0ef          	jal	ra,760e <__fixdfsi>
    accc:	8d2a                	mv	s10,a0
    acce:	a05fc0ef          	jal	ra,76d2 <__floatsidf>
    acd2:	865a                	mv	a2,s6
    acd4:	86de                	mv	a3,s7
    acd6:	d07fb0ef          	jal	ra,69dc <__muldf3>
    acda:	862a                	mv	a2,a0
    acdc:	86ae                	mv	a3,a1
    acde:	8562                	mv	a0,s8
    ace0:	85e6                	mv	a1,s9
    ace2:	9b2fc0ef          	jal	ra,6e94 <__subdf3>
    ace6:	030d0793          	addi	a5,s10,48
    acea:	fef90fa3          	sb	a5,-1(s2)
    acee:	862a                	mv	a2,a0
    acf0:	86ae                	mv	a3,a1
    acf2:	8a4a                	mv	s4,s2
    acf4:	072d9b63          	bne	s11,s2,ad6a <_dtoa_r+0x7ae>
    acf8:	e33fa0ef          	jal	ra,5b2a <__adddf3>
    acfc:	865a                	mv	a2,s6
    acfe:	86de                	mv	a3,s7
    ad00:	8c2a                	mv	s8,a0
    ad02:	8cae                	mv	s9,a1
    ad04:	b75fb0ef          	jal	ra,6878 <__gedf2>
    ad08:	02a04b63          	bgtz	a0,ad3e <_dtoa_r+0x782>
    ad0c:	865a                	mv	a2,s6
    ad0e:	86de                	mv	a3,s7
    ad10:	8562                	mv	a0,s8
    ad12:	85e6                	mv	a1,s9
    ad14:	afbfb0ef          	jal	ra,680e <__eqdf2>
    ad18:	e501                	bnez	a0,ad20 <_dtoa_r+0x764>
    ad1a:	001d7793          	andi	a5,s10,1
    ad1e:	e385                	bnez	a5,ad3e <_dtoa_r+0x782>
    ad20:	85ce                	mv	a1,s3
    ad22:	8526                	mv	a0,s1
    ad24:	597000ef          	jal	ra,baba <_Bfree>
    ad28:	57c2                	lw	a5,48(sp)
    ad2a:	000a0023          	sb	zero,0(s4)
    ad2e:	0405                	addi	s0,s0,1
    ad30:	c380                	sw	s0,0(a5)
    ad32:	47d2                	lw	a5,20(sp)
    ad34:	94078ae3          	beqz	a5,a688 <_dtoa_r+0xcc>
    ad38:	0147a023          	sw	s4,0(a5)
    ad3c:	b2b1                	j	a688 <_dtoa_r+0xcc>
    ad3e:	8d22                	mv	s10,s0
    ad40:	03900713          	li	a4,57
    ad44:	fffa4683          	lbu	a3,-1(s4)
    ad48:	fffa0793          	addi	a5,s4,-1
    ad4c:	00e69963          	bne	a3,a4,ad5e <_dtoa_r+0x7a2>
    ad50:	4682                	lw	a3,0(sp)
    ad52:	00f69a63          	bne	a3,a5,ad66 <_dtoa_r+0x7aa>
    ad56:	03000713          	li	a4,48
    ad5a:	0d05                	addi	s10,s10,1
    ad5c:	a298                	sb	a4,0(a3)
    ad5e:	2398                	lbu	a4,0(a5)
    ad60:	0705                	addi	a4,a4,1
    ad62:	a398                	sb	a4,0(a5)
    ad64:	b715                	j	ac88 <_dtoa_r+0x6cc>
    ad66:	8a3e                	mv	s4,a5
    ad68:	bff1                	j	ad44 <_dtoa_r+0x788>
    ad6a:	000aa603          	lw	a2,0(s5)
    ad6e:	004aa683          	lw	a3,4(s5)
    ad72:	0905                	addi	s2,s2,1
    ad74:	c69fb0ef          	jal	ra,69dc <__muldf3>
    ad78:	4601                	li	a2,0
    ad7a:	4681                	li	a3,0
    ad7c:	8c2a                	mv	s8,a0
    ad7e:	8cae                	mv	s9,a1
    ad80:	a8ffb0ef          	jal	ra,680e <__eqdf2>
    ad84:	fd05                	bnez	a0,acbc <_dtoa_r+0x700>
    ad86:	bf69                	j	ad20 <_dtoa_r+0x764>
    ad88:	4742                	lw	a4,16(sp)
    ad8a:	10070063          	beqz	a4,ae8a <_dtoa_r+0x8ce>
    ad8e:	4692                	lw	a3,4(sp)
    ad90:	4705                	li	a4,1
    ad92:	0cd74563          	blt	a4,a3,ae5c <_dtoa_r+0x8a0>
    ad96:	5762                	lw	a4,56(sp)
    ad98:	43378793          	addi	a5,a5,1075
    ad9c:	e709                	bnez	a4,ada6 <_dtoa_r+0x7ea>
    ad9e:	4726                	lw	a4,72(sp)
    ada0:	03600793          	li	a5,54
    ada4:	8f99                	sub	a5,a5,a4
    ada6:	8d56                	mv	s10,s5
    ada8:	8cda                	mv	s9,s6
    adaa:	4585                	li	a1,1
    adac:	8526                	mv	a0,s1
    adae:	9b3e                	add	s6,s6,a5
    adb0:	9bbe                	add	s7,s7,a5
    adb2:	739000ef          	jal	ra,bcea <__i2b>
    adb6:	892a                	mv	s2,a0
    adb8:	01905e63          	blez	s9,add4 <_dtoa_r+0x818>
    adbc:	01705c63          	blez	s7,add4 <_dtoa_r+0x818>
    adc0:	87e6                	mv	a5,s9
    adc2:	019bd363          	bge	s7,s9,adc8 <_dtoa_r+0x80c>
    adc6:	87de                	mv	a5,s7
    adc8:	40fb0b33          	sub	s6,s6,a5
    adcc:	40fc8cb3          	sub	s9,s9,a5
    add0:	40fb8bb3          	sub	s7,s7,a5
    add4:	040a8063          	beqz	s5,ae14 <_dtoa_r+0x858>
    add8:	47c2                	lw	a5,16(sp)
    adda:	cfc5                	beqz	a5,ae92 <_dtoa_r+0x8d6>
    addc:	03a05463          	blez	s10,ae04 <_dtoa_r+0x848>
    ade0:	85ca                	mv	a1,s2
    ade2:	866a                	mv	a2,s10
    ade4:	8526                	mv	a0,s1
    ade6:	064010ef          	jal	ra,be4a <__pow5mult>
    adea:	864e                	mv	a2,s3
    adec:	85aa                	mv	a1,a0
    adee:	892a                	mv	s2,a0
    adf0:	8526                	mv	a0,s1
    adf2:	715000ef          	jal	ra,bd06 <__multiply>
    adf6:	ce2a                	sw	a0,28(sp)
    adf8:	85ce                	mv	a1,s3
    adfa:	8526                	mv	a0,s1
    adfc:	4bf000ef          	jal	ra,baba <_Bfree>
    ae00:	47f2                	lw	a5,28(sp)
    ae02:	89be                	mv	s3,a5
    ae04:	41aa8633          	sub	a2,s5,s10
    ae08:	c611                	beqz	a2,ae14 <_dtoa_r+0x858>
    ae0a:	85ce                	mv	a1,s3
    ae0c:	8526                	mv	a0,s1
    ae0e:	03c010ef          	jal	ra,be4a <__pow5mult>
    ae12:	89aa                	mv	s3,a0
    ae14:	4585                	li	a1,1
    ae16:	8526                	mv	a0,s1
    ae18:	6d3000ef          	jal	ra,bcea <__i2b>
    ae1c:	47e2                	lw	a5,24(sp)
    ae1e:	8aaa                	mv	s5,a0
    ae20:	06f05b63          	blez	a5,ae96 <_dtoa_r+0x8da>
    ae24:	863e                	mv	a2,a5
    ae26:	85aa                	mv	a1,a0
    ae28:	8526                	mv	a0,s1
    ae2a:	020010ef          	jal	ra,be4a <__pow5mult>
    ae2e:	4712                	lw	a4,4(sp)
    ae30:	4785                	li	a5,1
    ae32:	8aaa                	mv	s5,a0
    ae34:	4d01                	li	s10,0
    ae36:	06e7c863          	blt	a5,a4,aea6 <_dtoa_r+0x8ea>
    ae3a:	4d01                	li	s10,0
    ae3c:	060a1263          	bnez	s4,aea0 <_dtoa_r+0x8e4>
    ae40:	00cc1793          	slli	a5,s8,0xc
    ae44:	8d52                	mv	s10,s4
    ae46:	efa9                	bnez	a5,aea0 <_dtoa_r+0x8e4>
    ae48:	7ff005b7          	lui	a1,0x7ff00
    ae4c:	00bc7c33          	and	s8,s8,a1
    ae50:	040c0863          	beqz	s8,aea0 <_dtoa_r+0x8e4>
    ae54:	0b05                	addi	s6,s6,1
    ae56:	0b85                	addi	s7,s7,1
    ae58:	4d05                	li	s10,1
    ae5a:	a099                	j	aea0 <_dtoa_r+0x8e4>
    ae5c:	fffd8d13          	addi	s10,s11,-1
    ae60:	01aaca63          	blt	s5,s10,ae74 <_dtoa_r+0x8b8>
    ae64:	41aa8d33          	sub	s10,s5,s10
    ae68:	000dde63          	bgez	s11,ae84 <_dtoa_r+0x8c8>
    ae6c:	41bb0cb3          	sub	s9,s6,s11
    ae70:	4781                	li	a5,0
    ae72:	bf25                	j	adaa <_dtoa_r+0x7ee>
    ae74:	47e2                	lw	a5,24(sp)
    ae76:	415d0ab3          	sub	s5,s10,s5
    ae7a:	97d6                	add	a5,a5,s5
    ae7c:	cc3e                	sw	a5,24(sp)
    ae7e:	8aea                	mv	s5,s10
    ae80:	4d01                	li	s10,0
    ae82:	b7dd                	j	ae68 <_dtoa_r+0x8ac>
    ae84:	8cda                	mv	s9,s6
    ae86:	87ee                	mv	a5,s11
    ae88:	b70d                	j	adaa <_dtoa_r+0x7ee>
    ae8a:	8d56                	mv	s10,s5
    ae8c:	8cda                	mv	s9,s6
    ae8e:	4901                	li	s2,0
    ae90:	b725                	j	adb8 <_dtoa_r+0x7fc>
    ae92:	8656                	mv	a2,s5
    ae94:	bf9d                	j	ae0a <_dtoa_r+0x84e>
    ae96:	4712                	lw	a4,4(sp)
    ae98:	4785                	li	a5,1
    ae9a:	4d01                	li	s10,0
    ae9c:	f8e7dfe3          	bge	a5,a4,ae3a <_dtoa_r+0x87e>
    aea0:	47e2                	lw	a5,24(sp)
    aea2:	4505                	li	a0,1
    aea4:	cf89                	beqz	a5,aebe <_dtoa_r+0x902>
    aea6:	010aa783          	lw	a5,16(s5)
    aeaa:	078d                	addi	a5,a5,3
    aeac:	078a                	slli	a5,a5,0x2
    aeae:	97d6                	add	a5,a5,s5
    aeb0:	43c8                	lw	a0,4(a5)
    aeb2:	589000ef          	jal	ra,bc3a <__hi0bits>
    aeb6:	02000793          	li	a5,32
    aeba:	40a78533          	sub	a0,a5,a0
    aebe:	955e                	add	a0,a0,s7
    aec0:	897d                	andi	a0,a0,31
    aec2:	c151                	beqz	a0,af46 <_dtoa_r+0x98a>
    aec4:	02000793          	li	a5,32
    aec8:	8f89                	sub	a5,a5,a0
    aeca:	4711                	li	a4,4
    aecc:	06f75a63          	bge	a4,a5,af40 <_dtoa_r+0x984>
    aed0:	47f1                	li	a5,28
    aed2:	40a78533          	sub	a0,a5,a0
    aed6:	9b2a                	add	s6,s6,a0
    aed8:	9caa                	add	s9,s9,a0
    aeda:	9baa                	add	s7,s7,a0
    aedc:	01605863          	blez	s6,aeec <_dtoa_r+0x930>
    aee0:	85ce                	mv	a1,s3
    aee2:	865a                	mv	a2,s6
    aee4:	8526                	mv	a0,s1
    aee6:	022010ef          	jal	ra,bf08 <__lshift>
    aeea:	89aa                	mv	s3,a0
    aeec:	01705863          	blez	s7,aefc <_dtoa_r+0x940>
    aef0:	85d6                	mv	a1,s5
    aef2:	865e                	mv	a2,s7
    aef4:	8526                	mv	a0,s1
    aef6:	012010ef          	jal	ra,bf08 <__lshift>
    aefa:	8aaa                	mv	s5,a0
    aefc:	57b2                	lw	a5,44(sp)
    aefe:	c7b1                	beqz	a5,af4a <_dtoa_r+0x98e>
    af00:	85d6                	mv	a1,s5
    af02:	854e                	mv	a0,s3
    af04:	0d2010ef          	jal	ra,bfd6 <__mcmp>
    af08:	04055163          	bgez	a0,af4a <_dtoa_r+0x98e>
    af0c:	85ce                	mv	a1,s3
    af0e:	4681                	li	a3,0
    af10:	4629                	li	a2,10
    af12:	8526                	mv	a0,s1
    af14:	3eb000ef          	jal	ra,bafe <__multadd>
    af18:	47c2                	lw	a5,16(sp)
    af1a:	147d                	addi	s0,s0,-1
    af1c:	89aa                	mv	s3,a0
    af1e:	26078b63          	beqz	a5,b194 <_dtoa_r+0xbd8>
    af22:	85ca                	mv	a1,s2
    af24:	4681                	li	a3,0
    af26:	4629                	li	a2,10
    af28:	8526                	mv	a0,s1
    af2a:	3d5000ef          	jal	ra,bafe <__multadd>
    af2e:	47a2                	lw	a5,8(sp)
    af30:	892a                	mv	s2,a0
    af32:	08f04563          	bgtz	a5,afbc <_dtoa_r+0xa00>
    af36:	4712                	lw	a4,4(sp)
    af38:	4789                	li	a5,2
    af3a:	08e7d163          	bge	a5,a4,afbc <_dtoa_r+0xa00>
    af3e:	a829                	j	af58 <_dtoa_r+0x99c>
    af40:	f8e78ee3          	beq	a5,a4,aedc <_dtoa_r+0x920>
    af44:	853e                	mv	a0,a5
    af46:	0571                	addi	a0,a0,28
    af48:	b779                	j	aed6 <_dtoa_r+0x91a>
    af4a:	07b04563          	bgtz	s11,afb4 <_dtoa_r+0x9f8>
    af4e:	4712                	lw	a4,4(sp)
    af50:	4789                	li	a5,2
    af52:	06e7d163          	bge	a5,a4,afb4 <_dtoa_r+0x9f8>
    af56:	c46e                	sw	s11,8(sp)
    af58:	47a2                	lw	a5,8(sp)
    af5a:	ef91                	bnez	a5,af76 <_dtoa_r+0x9ba>
    af5c:	85d6                	mv	a1,s5
    af5e:	4681                	li	a3,0
    af60:	4615                	li	a2,5
    af62:	8526                	mv	a0,s1
    af64:	39b000ef          	jal	ra,bafe <__multadd>
    af68:	8aaa                	mv	s5,a0
    af6a:	85aa                	mv	a1,a0
    af6c:	854e                	mv	a0,s3
    af6e:	068010ef          	jal	ra,bfd6 <__mcmp>
    af72:	b6a041e3          	bgtz	a0,aad4 <_dtoa_r+0x518>
    af76:	47b2                	lw	a5,12(sp)
    af78:	4a02                	lw	s4,0(sp)
    af7a:	fff7c413          	not	s0,a5
    af7e:	4b01                	li	s6,0
    af80:	85d6                	mv	a1,s5
    af82:	8526                	mv	a0,s1
    af84:	337000ef          	jal	ra,baba <_Bfree>
    af88:	d8090ce3          	beqz	s2,ad20 <_dtoa_r+0x764>
    af8c:	000b0863          	beqz	s6,af9c <_dtoa_r+0x9e0>
    af90:	012b0663          	beq	s6,s2,af9c <_dtoa_r+0x9e0>
    af94:	85da                	mv	a1,s6
    af96:	8526                	mv	a0,s1
    af98:	323000ef          	jal	ra,baba <_Bfree>
    af9c:	85ca                	mv	a1,s2
    af9e:	8526                	mv	a0,s1
    afa0:	31b000ef          	jal	ra,baba <_Bfree>
    afa4:	bbb5                	j	ad20 <_dtoa_r+0x764>
    afa6:	4a81                	li	s5,0
    afa8:	4901                	li	s2,0
    afaa:	b7f1                	j	af76 <_dtoa_r+0x9ba>
    afac:	846a                	mv	s0,s10
    afae:	4a81                	li	s5,0
    afb0:	4901                	li	s2,0
    afb2:	b60d                	j	aad4 <_dtoa_r+0x518>
    afb4:	47c2                	lw	a5,16(sp)
    afb6:	c46e                	sw	s11,8(sp)
    afb8:	1e078563          	beqz	a5,b1a2 <_dtoa_r+0xbe6>
    afbc:	01905863          	blez	s9,afcc <_dtoa_r+0xa10>
    afc0:	85ca                	mv	a1,s2
    afc2:	8666                	mv	a2,s9
    afc4:	8526                	mv	a0,s1
    afc6:	743000ef          	jal	ra,bf08 <__lshift>
    afca:	892a                	mv	s2,a0
    afcc:	854a                	mv	a0,s2
    afce:	020d0663          	beqz	s10,affa <_dtoa_r+0xa3e>
    afd2:	00492583          	lw	a1,4(s2)
    afd6:	8526                	mv	a0,s1
    afd8:	257000ef          	jal	ra,ba2e <_Balloc>
    afdc:	01092603          	lw	a2,16(s2)
    afe0:	8b2a                	mv	s6,a0
    afe2:	00c90593          	addi	a1,s2,12
    afe6:	0609                	addi	a2,a2,2
    afe8:	060a                	slli	a2,a2,0x2
    afea:	0531                	addi	a0,a0,12
    afec:	18d000ef          	jal	ra,b978 <memcpy>
    aff0:	4605                	li	a2,1
    aff2:	85da                	mv	a1,s6
    aff4:	8526                	mv	a0,s1
    aff6:	713000ef          	jal	ra,bf08 <__lshift>
    affa:	4782                	lw	a5,0(sp)
    affc:	4722                	lw	a4,8(sp)
    affe:	8b4a                	mv	s6,s2
    b000:	00178c13          	addi	s8,a5,1
    b004:	97ba                	add	a5,a5,a4
    b006:	c63e                	sw	a5,12(sp)
    b008:	001a7793          	andi	a5,s4,1
    b00c:	892a                	mv	s2,a0
    b00e:	c43e                	sw	a5,8(sp)
    b010:	85d6                	mv	a1,s5
    b012:	854e                	mv	a0,s3
    b014:	c6eff0ef          	jal	ra,a482 <quorem>
    b018:	85da                	mv	a1,s6
    b01a:	8d2a                	mv	s10,a0
    b01c:	03050d93          	addi	s11,a0,48
    b020:	854e                	mv	a0,s3
    b022:	7b5000ef          	jal	ra,bfd6 <__mcmp>
    b026:	864a                	mv	a2,s2
    b028:	8baa                	mv	s7,a0
    b02a:	85d6                	mv	a1,s5
    b02c:	8526                	mv	a0,s1
    b02e:	7db000ef          	jal	ra,c008 <__mdiff>
    b032:	4550                	lw	a2,12(a0)
    b034:	fffc0c93          	addi	s9,s8,-1 # 3fefffff <_eusrstack+0x1fefafff>
    b038:	8a2a                	mv	s4,a0
    b03a:	4705                	li	a4,1
    b03c:	e611                	bnez	a2,b048 <_dtoa_r+0xa8c>
    b03e:	85aa                	mv	a1,a0
    b040:	854e                	mv	a0,s3
    b042:	795000ef          	jal	ra,bfd6 <__mcmp>
    b046:	872a                	mv	a4,a0
    b048:	85d2                	mv	a1,s4
    b04a:	8526                	mv	a0,s1
    b04c:	c83a                	sw	a4,16(sp)
    b04e:	26d000ef          	jal	ra,baba <_Bfree>
    b052:	4792                	lw	a5,4(sp)
    b054:	4742                	lw	a4,16(sp)
    b056:	8a62                	mv	s4,s8
    b058:	00e7e6b3          	or	a3,a5,a4
    b05c:	47a2                	lw	a5,8(sp)
    b05e:	8edd                	or	a3,a3,a5
    b060:	ee81                	bnez	a3,b078 <_dtoa_r+0xabc>
    b062:	03900713          	li	a4,57
    b066:	04ed8863          	beq	s11,a4,b0b6 <_dtoa_r+0xafa>
    b06a:	01705463          	blez	s7,b072 <_dtoa_r+0xab6>
    b06e:	031d0d93          	addi	s11,s10,49
    b072:	01bc8023          	sb	s11,0(s9)
    b076:	b729                	j	af80 <_dtoa_r+0x9c4>
    b078:	000bca63          	bltz	s7,b08c <_dtoa_r+0xad0>
    b07c:	4792                	lw	a5,4(sp)
    b07e:	0177ebb3          	or	s7,a5,s7
    b082:	47a2                	lw	a5,8(sp)
    b084:	00fbebb3          	or	s7,s7,a5
    b088:	040b9563          	bnez	s7,b0d2 <_dtoa_r+0xb16>
    b08c:	fee053e3          	blez	a4,b072 <_dtoa_r+0xab6>
    b090:	85ce                	mv	a1,s3
    b092:	4605                	li	a2,1
    b094:	8526                	mv	a0,s1
    b096:	673000ef          	jal	ra,bf08 <__lshift>
    b09a:	85d6                	mv	a1,s5
    b09c:	89aa                	mv	s3,a0
    b09e:	739000ef          	jal	ra,bfd6 <__mcmp>
    b0a2:	00a04663          	bgtz	a0,b0ae <_dtoa_r+0xaf2>
    b0a6:	f571                	bnez	a0,b072 <_dtoa_r+0xab6>
    b0a8:	001df713          	andi	a4,s11,1
    b0ac:	d379                	beqz	a4,b072 <_dtoa_r+0xab6>
    b0ae:	03900713          	li	a4,57
    b0b2:	faed9ee3          	bne	s11,a4,b06e <_dtoa_r+0xab2>
    b0b6:	03900793          	li	a5,57
    b0ba:	00fc8023          	sb	a5,0(s9)
    b0be:	03900693          	li	a3,57
    b0c2:	fffa4783          	lbu	a5,-1(s4)
    b0c6:	fffa0713          	addi	a4,s4,-1
    b0ca:	08d78c63          	beq	a5,a3,b162 <_dtoa_r+0xba6>
    b0ce:	0785                	addi	a5,a5,1
    b0d0:	a045                	j	b170 <_dtoa_r+0xbb4>
    b0d2:	00e05b63          	blez	a4,b0e8 <_dtoa_r+0xb2c>
    b0d6:	03900713          	li	a4,57
    b0da:	fced8ee3          	beq	s11,a4,b0b6 <_dtoa_r+0xafa>
    b0de:	001d8793          	addi	a5,s11,1
    b0e2:	00fc8023          	sb	a5,0(s9)
    b0e6:	bd69                	j	af80 <_dtoa_r+0x9c4>
    b0e8:	47b2                	lw	a5,12(sp)
    b0ea:	ffbc0fa3          	sb	s11,-1(s8)
    b0ee:	05878163          	beq	a5,s8,b130 <_dtoa_r+0xb74>
    b0f2:	85ce                	mv	a1,s3
    b0f4:	4681                	li	a3,0
    b0f6:	4629                	li	a2,10
    b0f8:	8526                	mv	a0,s1
    b0fa:	205000ef          	jal	ra,bafe <__multadd>
    b0fe:	89aa                	mv	s3,a0
    b100:	4681                	li	a3,0
    b102:	4629                	li	a2,10
    b104:	85da                	mv	a1,s6
    b106:	8526                	mv	a0,s1
    b108:	012b1863          	bne	s6,s2,b118 <_dtoa_r+0xb5c>
    b10c:	1f3000ef          	jal	ra,bafe <__multadd>
    b110:	8b2a                	mv	s6,a0
    b112:	892a                	mv	s2,a0
    b114:	0c05                	addi	s8,s8,1
    b116:	bded                	j	b010 <_dtoa_r+0xa54>
    b118:	1e7000ef          	jal	ra,bafe <__multadd>
    b11c:	85ca                	mv	a1,s2
    b11e:	8b2a                	mv	s6,a0
    b120:	4681                	li	a3,0
    b122:	4629                	li	a2,10
    b124:	8526                	mv	a0,s1
    b126:	1d9000ef          	jal	ra,bafe <__multadd>
    b12a:	892a                	mv	s2,a0
    b12c:	b7e5                	j	b114 <_dtoa_r+0xb58>
    b12e:	4b01                	li	s6,0
    b130:	85ce                	mv	a1,s3
    b132:	4605                	li	a2,1
    b134:	8526                	mv	a0,s1
    b136:	5d3000ef          	jal	ra,bf08 <__lshift>
    b13a:	85d6                	mv	a1,s5
    b13c:	89aa                	mv	s3,a0
    b13e:	699000ef          	jal	ra,bfd6 <__mcmp>
    b142:	f6a04ee3          	bgtz	a0,b0be <_dtoa_r+0xb02>
    b146:	e501                	bnez	a0,b14e <_dtoa_r+0xb92>
    b148:	001df793          	andi	a5,s11,1
    b14c:	fbad                	bnez	a5,b0be <_dtoa_r+0xb02>
    b14e:	03000793          	li	a5,48
    b152:	fffa4703          	lbu	a4,-1(s4)
    b156:	fffa0693          	addi	a3,s4,-1
    b15a:	e2f713e3          	bne	a4,a5,af80 <_dtoa_r+0x9c4>
    b15e:	8a36                	mv	s4,a3
    b160:	bfcd                	j	b152 <_dtoa_r+0xb96>
    b162:	4782                	lw	a5,0(sp)
    b164:	00e79863          	bne	a5,a4,b174 <_dtoa_r+0xbb8>
    b168:	4702                	lw	a4,0(sp)
    b16a:	0405                	addi	s0,s0,1
    b16c:	03100793          	li	a5,49
    b170:	a31c                	sb	a5,0(a4)
    b172:	b539                	j	af80 <_dtoa_r+0x9c4>
    b174:	8a3a                	mv	s4,a4
    b176:	b7b1                	j	b0c2 <_dtoa_r+0xb06>
    b178:	4752                	lw	a4,20(sp)
    b17a:	00004797          	auipc	a5,0x4
    b17e:	ece78793          	addi	a5,a5,-306 # f048 <tinytens+0x58>
    b182:	c03e                	sw	a5,0(sp)
    b184:	00004797          	auipc	a5,0x4
    b188:	ecc78793          	addi	a5,a5,-308 # f050 <tinytens+0x60>
    b18c:	ce071c63          	bnez	a4,a684 <_dtoa_r+0xc8>
    b190:	cf8ff06f          	j	a688 <_dtoa_r+0xcc>
    b194:	47a2                	lw	a5,8(sp)
    b196:	00f04663          	bgtz	a5,b1a2 <_dtoa_r+0xbe6>
    b19a:	4712                	lw	a4,4(sp)
    b19c:	4789                	li	a5,2
    b19e:	dae7cde3          	blt	a5,a4,af58 <_dtoa_r+0x99c>
    b1a2:	4a02                	lw	s4,0(sp)
    b1a4:	85d6                	mv	a1,s5
    b1a6:	854e                	mv	a0,s3
    b1a8:	adaff0ef          	jal	ra,a482 <quorem>
    b1ac:	4782                	lw	a5,0(sp)
    b1ae:	0a05                	addi	s4,s4,1
    b1b0:	03050d93          	addi	s11,a0,48
    b1b4:	40fa0733          	sub	a4,s4,a5
    b1b8:	47a2                	lw	a5,8(sp)
    b1ba:	ffba0fa3          	sb	s11,-1(s4)
    b1be:	f6f758e3          	bge	a4,a5,b12e <_dtoa_r+0xb72>
    b1c2:	85ce                	mv	a1,s3
    b1c4:	4681                	li	a3,0
    b1c6:	4629                	li	a2,10
    b1c8:	8526                	mv	a0,s1
    b1ca:	135000ef          	jal	ra,bafe <__multadd>
    b1ce:	89aa                	mv	s3,a0
    b1d0:	bfd1                	j	b1a4 <_dtoa_r+0xbe8>

0000b1d2 <rshift>:
    b1d2:	4910                	lw	a2,16(a0)
    b1d4:	01450693          	addi	a3,a0,20
    b1d8:	4055d713          	srai	a4,a1,0x5
    b1dc:	87b6                	mv	a5,a3
    b1de:	02c75663          	bge	a4,a2,b20a <rshift+0x38>
    b1e2:	060a                	slli	a2,a2,0x2
    b1e4:	070a                	slli	a4,a4,0x2
    b1e6:	89fd                	andi	a1,a1,31
    b1e8:	9636                	add	a2,a2,a3
    b1ea:	9736                	add	a4,a4,a3
    b1ec:	c9b9                	beqz	a1,b242 <rshift+0x70>
    b1ee:	00470813          	addi	a6,a4,4
    b1f2:	4318                	lw	a4,0(a4)
    b1f4:	02000313          	li	t1,32
    b1f8:	40b30333          	sub	t1,t1,a1
    b1fc:	00b75733          	srl	a4,a4,a1
    b200:	00c86e63          	bltu	a6,a2,b21c <rshift+0x4a>
    b204:	c398                	sw	a4,0(a5)
    b206:	c311                	beqz	a4,b20a <rshift+0x38>
    b208:	0791                	addi	a5,a5,4
    b20a:	40d78733          	sub	a4,a5,a3
    b20e:	8709                	srai	a4,a4,0x2
    b210:	c918                	sw	a4,16(a0)
    b212:	00d79463          	bne	a5,a3,b21a <rshift+0x48>
    b216:	00052a23          	sw	zero,20(a0)
    b21a:	8082                	ret
    b21c:	00082883          	lw	a7,0(a6)
    b220:	0791                	addi	a5,a5,4
    b222:	0811                	addi	a6,a6,4
    b224:	006898b3          	sll	a7,a7,t1
    b228:	00e8e733          	or	a4,a7,a4
    b22c:	fee7ae23          	sw	a4,-4(a5)
    b230:	ffc82703          	lw	a4,-4(a6)
    b234:	b7e1                	j	b1fc <rshift+0x2a>
    b236:	0711                	addi	a4,a4,4
    b238:	ffc72583          	lw	a1,-4(a4)
    b23c:	0791                	addi	a5,a5,4
    b23e:	feb7ae23          	sw	a1,-4(a5)
    b242:	fec76ae3          	bltu	a4,a2,b236 <rshift+0x64>
    b246:	b7d1                	j	b20a <rshift+0x38>

0000b248 <__hexdig_fun>:
    b248:	fd050793          	addi	a5,a0,-48
    b24c:	0ff7f793          	andi	a5,a5,255
    b250:	4725                	li	a4,9
    b252:	00f76763          	bltu	a4,a5,b260 <__hexdig_fun+0x18>
    b256:	1501                	addi	a0,a0,-32
    b258:	0ff57793          	andi	a5,a0,255
    b25c:	853e                	mv	a0,a5
    b25e:	8082                	ret
    b260:	f9f50793          	addi	a5,a0,-97
    b264:	0ff7f793          	andi	a5,a5,255
    b268:	4695                	li	a3,5
    b26a:	00f6e563          	bltu	a3,a5,b274 <__hexdig_fun+0x2c>
    b26e:	fb950513          	addi	a0,a0,-71
    b272:	b7dd                	j	b258 <__hexdig_fun+0x10>
    b274:	fbf50713          	addi	a4,a0,-65
    b278:	0ff77713          	andi	a4,a4,255
    b27c:	4781                	li	a5,0
    b27e:	fce6efe3          	bltu	a3,a4,b25c <__hexdig_fun+0x14>
    b282:	fd950513          	addi	a0,a0,-39
    b286:	bfc9                	j	b258 <__hexdig_fun+0x10>

0000b288 <__gethex>:
    b288:	711d                	addi	sp,sp,-96
    b28a:	c2d6                	sw	s5,68(sp)
    b28c:	8aaa                	mv	s5,a0
    b28e:	8542                	mv	a0,a6
    b290:	c636                	sw	a3,12(sp)
    b292:	c23a                	sw	a4,4(sp)
    b294:	ce86                	sw	ra,92(sp)
    b296:	c8ca                	sw	s2,80(sp)
    b298:	c4d2                	sw	s4,72(sp)
    b29a:	c0da                	sw	s6,64(sp)
    b29c:	de5e                	sw	s7,60(sp)
    b29e:	8b3e                	mv	s6,a5
    b2a0:	d66e                	sw	s11,44(sp)
    b2a2:	8932                	mv	s2,a2
    b2a4:	8dae                	mv	s11,a1
    b2a6:	cca2                	sw	s0,88(sp)
    b2a8:	caa6                	sw	s1,84(sp)
    b2aa:	c6ce                	sw	s3,76(sp)
    b2ac:	dc62                	sw	s8,56(sp)
    b2ae:	da66                	sw	s9,52(sp)
    b2b0:	d86a                	sw	s10,48(sp)
    b2b2:	2db9                	jal	b910 <__localeconv_l>
    b2b4:	00052b83          	lw	s7,0(a0)
    b2b8:	855e                	mv	a0,s7
    b2ba:	b16fe0ef          	jal	ra,95d0 <strlen>
    b2be:	00ab87b3          	add	a5,s7,a0
    b2c2:	000da683          	lw	a3,0(s11)
    b2c6:	fff7c783          	lbu	a5,-1(a5)
    b2ca:	5779                	li	a4,-2
    b2cc:	8f15                	sub	a4,a4,a3
    b2ce:	c83e                	sw	a5,16(sp)
    b2d0:	8a2a                	mv	s4,a0
    b2d2:	00268793          	addi	a5,a3,2
    b2d6:	03000693          	li	a3,48
    b2da:	00f70633          	add	a2,a4,a5
    b2de:	84be                	mv	s1,a5
    b2e0:	0785                	addi	a5,a5,1
    b2e2:	fff7c503          	lbu	a0,-1(a5)
    b2e6:	c432                	sw	a2,8(sp)
    b2e8:	fed509e3          	beq	a0,a3,b2da <__gethex+0x52>
    b2ec:	f5dff0ef          	jal	ra,b248 <__hexdig_fun>
    b2f0:	10051e63          	bnez	a0,b40c <__gethex+0x184>
    b2f4:	8652                	mv	a2,s4
    b2f6:	85de                	mv	a1,s7
    b2f8:	8526                	mv	a0,s1
    b2fa:	42e010ef          	jal	ra,c728 <strncmp>
    b2fe:	10051c63          	bnez	a0,b416 <__gethex+0x18e>
    b302:	01448c33          	add	s8,s1,s4
    b306:	000c4503          	lbu	a0,0(s8)
    b30a:	f3fff0ef          	jal	ra,b248 <__hexdig_fun>
    b30e:	10050563          	beqz	a0,b418 <__gethex+0x190>
    b312:	84e2                	mv	s1,s8
    b314:	03000793          	li	a5,48
    b318:	2088                	lbu	a0,0(s1)
    b31a:	00f50b63          	beq	a0,a5,b330 <__gethex+0xa8>
    b31e:	f2bff0ef          	jal	ra,b248 <__hexdig_fun>
    b322:	4785                	li	a5,1
    b324:	00153993          	seqz	s3,a0
    b328:	8ce2                	mv	s9,s8
    b32a:	c43e                	sw	a5,8(sp)
    b32c:	8c26                	mv	s8,s1
    b32e:	a021                	j	b336 <__gethex+0xae>
    b330:	0485                	addi	s1,s1,1
    b332:	b7dd                	j	b318 <__gethex+0x90>
    b334:	0c05                	addi	s8,s8,1
    b336:	000c4503          	lbu	a0,0(s8)
    b33a:	f0fff0ef          	jal	ra,b248 <__hexdig_fun>
    b33e:	f97d                	bnez	a0,b334 <__gethex+0xac>
    b340:	8652                	mv	a2,s4
    b342:	85de                	mv	a1,s7
    b344:	8562                	mv	a0,s8
    b346:	3e2010ef          	jal	ra,c728 <strncmp>
    b34a:	e911                	bnez	a0,b35e <__gethex+0xd6>
    b34c:	000c9c63          	bnez	s9,b364 <__gethex+0xdc>
    b350:	9c52                	add	s8,s8,s4
    b352:	8ce2                	mv	s9,s8
    b354:	000c4503          	lbu	a0,0(s8)
    b358:	ef1ff0ef          	jal	ra,b248 <__hexdig_fun>
    b35c:	e95d                	bnez	a0,b412 <__gethex+0x18a>
    b35e:	4401                	li	s0,0
    b360:	000c8563          	beqz	s9,b36a <__gethex+0xe2>
    b364:	418c8433          	sub	s0,s9,s8
    b368:	040a                	slli	s0,s0,0x2
    b36a:	000c4783          	lbu	a5,0(s8)
    b36e:	05000713          	li	a4,80
    b372:	00e78763          	beq	a5,a4,b380 <__gethex+0xf8>
    b376:	07000613          	li	a2,112
    b37a:	8ce2                	mv	s9,s8
    b37c:	06c79063          	bne	a5,a2,b3dc <__gethex+0x154>
    b380:	001c4783          	lbu	a5,1(s8)
    b384:	02b00713          	li	a4,43
    b388:	08e78b63          	beq	a5,a4,b41e <__gethex+0x196>
    b38c:	02d00713          	li	a4,45
    b390:	08e78b63          	beq	a5,a4,b426 <__gethex+0x19e>
    b394:	001c0c93          	addi	s9,s8,1
    b398:	4d01                	li	s10,0
    b39a:	000cc503          	lbu	a0,0(s9)
    b39e:	eabff0ef          	jal	ra,b248 <__hexdig_fun>
    b3a2:	fff50793          	addi	a5,a0,-1
    b3a6:	0ff7f793          	andi	a5,a5,255
    b3aa:	45e1                	li	a1,24
    b3ac:	08f5e463          	bltu	a1,a5,b434 <__gethex+0x1ac>
    b3b0:	ff050793          	addi	a5,a0,-16
    b3b4:	0c85                	addi	s9,s9,1
    b3b6:	000cc503          	lbu	a0,0(s9)
    b3ba:	ca3e                	sw	a5,20(sp)
    b3bc:	e8dff0ef          	jal	ra,b248 <__hexdig_fun>
    b3c0:	fff50593          	addi	a1,a0,-1
    b3c4:	0ff5f593          	andi	a1,a1,255
    b3c8:	4861                	li	a6,24
    b3ca:	47d2                	lw	a5,20(sp)
    b3cc:	48a9                	li	a7,10
    b3ce:	04b87e63          	bgeu	a6,a1,b42a <__gethex+0x1a2>
    b3d2:	000d0463          	beqz	s10,b3da <__gethex+0x152>
    b3d6:	40f007b3          	neg	a5,a5
    b3da:	943e                	add	s0,s0,a5
    b3dc:	019da023          	sw	s9,0(s11)
    b3e0:	04098c63          	beqz	s3,b438 <__gethex+0x1b0>
    b3e4:	47a2                	lw	a5,8(sp)
    b3e6:	4481                	li	s1,0
    b3e8:	e391                	bnez	a5,b3ec <__gethex+0x164>
    b3ea:	4499                	li	s1,6
    b3ec:	40f6                	lw	ra,92(sp)
    b3ee:	4466                	lw	s0,88(sp)
    b3f0:	8526                	mv	a0,s1
    b3f2:	4946                	lw	s2,80(sp)
    b3f4:	44d6                	lw	s1,84(sp)
    b3f6:	49b6                	lw	s3,76(sp)
    b3f8:	4a26                	lw	s4,72(sp)
    b3fa:	4a96                	lw	s5,68(sp)
    b3fc:	4b06                	lw	s6,64(sp)
    b3fe:	5bf2                	lw	s7,60(sp)
    b400:	5c62                	lw	s8,56(sp)
    b402:	5cd2                	lw	s9,52(sp)
    b404:	5d42                	lw	s10,48(sp)
    b406:	5db2                	lw	s11,44(sp)
    b408:	6125                	addi	sp,sp,96
    b40a:	8082                	ret
    b40c:	4981                	li	s3,0
    b40e:	4c81                	li	s9,0
    b410:	bf31                	j	b32c <__gethex+0xa4>
    b412:	0c05                	addi	s8,s8,1
    b414:	b781                	j	b354 <__gethex+0xcc>
    b416:	8c26                	mv	s8,s1
    b418:	4401                	li	s0,0
    b41a:	4985                	li	s3,1
    b41c:	b7b9                	j	b36a <__gethex+0xe2>
    b41e:	4d01                	li	s10,0
    b420:	002c0c93          	addi	s9,s8,2
    b424:	bf9d                	j	b39a <__gethex+0x112>
    b426:	4d05                	li	s10,1
    b428:	bfe5                	j	b420 <__gethex+0x198>
    b42a:	031787b3          	mul	a5,a5,a7
    b42e:	97aa                	add	a5,a5,a0
    b430:	17c1                	addi	a5,a5,-16
    b432:	b749                	j	b3b4 <__gethex+0x12c>
    b434:	8ce2                	mv	s9,s8
    b436:	b75d                	j	b3dc <__gethex+0x154>
    b438:	409c07b3          	sub	a5,s8,s1
    b43c:	17fd                	addi	a5,a5,-1
    b43e:	4581                	li	a1,0
    b440:	471d                	li	a4,7
    b442:	0af74463          	blt	a4,a5,b4ea <__gethex+0x262>
    b446:	8556                	mv	a0,s5
    b448:	23dd                	jal	ba2e <_Balloc>
    b44a:	4605                	li	a2,1
    b44c:	01450993          	addi	s3,a0,20
    b450:	414607b3          	sub	a5,a2,s4
    b454:	8daa                	mv	s11,a0
    b456:	8d4e                	mv	s10,s3
    b458:	4881                	li	a7,0
    b45a:	4c81                	li	s9,0
    b45c:	ca3e                	sw	a5,20(sp)
    b45e:	0984e963          	bltu	s1,s8,b4f0 <__gethex+0x268>
    b462:	004d0513          	addi	a0,s10,4
    b466:	41350533          	sub	a0,a0,s3
    b46a:	8509                	srai	a0,a0,0x2
    b46c:	019d2023          	sw	s9,0(s10)
    b470:	00ada823          	sw	a0,16(s11)
    b474:	00551493          	slli	s1,a0,0x5
    b478:	8566                	mv	a0,s9
    b47a:	7c0000ef          	jal	ra,bc3a <__hi0bits>
    b47e:	00092b83          	lw	s7,0(s2)
    b482:	8c89                	sub	s1,s1,a0
    b484:	0c9bd863          	bge	s7,s1,b554 <__gethex+0x2cc>
    b488:	417484b3          	sub	s1,s1,s7
    b48c:	85a6                	mv	a1,s1
    b48e:	856e                	mv	a0,s11
    b490:	6e3000ef          	jal	ra,c372 <__any_on>
    b494:	8a2a                	mv	s4,a0
    b496:	c905                	beqz	a0,b4c6 <__gethex+0x23e>
    b498:	fff48613          	addi	a2,s1,-1
    b49c:	40565693          	srai	a3,a2,0x5
    b4a0:	068a                	slli	a3,a3,0x2
    b4a2:	96ce                	add	a3,a3,s3
    b4a4:	4294                	lw	a3,0(a3)
    b4a6:	4705                	li	a4,1
    b4a8:	00c71733          	sll	a4,a4,a2
    b4ac:	8f75                	and	a4,a4,a3
    b4ae:	4a05                	li	s4,1
    b4b0:	cb19                	beqz	a4,b4c6 <__gethex+0x23e>
    b4b2:	00ca5963          	bge	s4,a2,b4c4 <__gethex+0x23c>
    b4b6:	ffe48593          	addi	a1,s1,-2
    b4ba:	856e                	mv	a0,s11
    b4bc:	6b7000ef          	jal	ra,c372 <__any_on>
    b4c0:	4a0d                	li	s4,3
    b4c2:	e111                	bnez	a0,b4c6 <__gethex+0x23e>
    b4c4:	4a09                	li	s4,2
    b4c6:	85a6                	mv	a1,s1
    b4c8:	856e                	mv	a0,s11
    b4ca:	d09ff0ef          	jal	ra,b1d2 <rshift>
    b4ce:	9426                	add	s0,s0,s1
    b4d0:	00892703          	lw	a4,8(s2)
    b4d4:	08875f63          	bge	a4,s0,b572 <__gethex+0x2ea>
    b4d8:	85ee                	mv	a1,s11
    b4da:	8556                	mv	a0,s5
    b4dc:	2bf9                	jal	baba <_Bfree>
    b4de:	4792                	lw	a5,4(sp)
    b4e0:	0a300493          	li	s1,163
    b4e4:	0007a023          	sw	zero,0(a5)
    b4e8:	b711                	j	b3ec <__gethex+0x164>
    b4ea:	0585                	addi	a1,a1,1
    b4ec:	8785                	srai	a5,a5,0x1
    b4ee:	bf91                	j	b442 <__gethex+0x1ba>
    b4f0:	fffc0793          	addi	a5,s8,-1
    b4f4:	c43e                	sw	a5,8(sp)
    b4f6:	fffc4603          	lbu	a2,-1(s8)
    b4fa:	47c2                	lw	a5,16(sp)
    b4fc:	02f60963          	beq	a2,a5,b52e <__gethex+0x2a6>
    b500:	02000793          	li	a5,32
    b504:	00f89763          	bne	a7,a5,b512 <__gethex+0x28a>
    b508:	019d2023          	sw	s9,0(s10)
    b50c:	4881                	li	a7,0
    b50e:	0d11                	addi	s10,s10,4
    b510:	4c81                	li	s9,0
    b512:	fffc4503          	lbu	a0,-1(s8)
    b516:	cc46                	sw	a7,24(sp)
    b518:	d31ff0ef          	jal	ra,b248 <__hexdig_fun>
    b51c:	48e2                	lw	a7,24(sp)
    b51e:	893d                	andi	a0,a0,15
    b520:	4322                	lw	t1,8(sp)
    b522:	01151533          	sll	a0,a0,a7
    b526:	00acecb3          	or	s9,s9,a0
    b52a:	0891                	addi	a7,a7,4
    b52c:	a015                	j	b550 <__gethex+0x2c8>
    b52e:	4752                	lw	a4,20(sp)
    b530:	fffc0793          	addi	a5,s8,-1
    b534:	00e78333          	add	t1,a5,a4
    b538:	fc9364e3          	bltu	t1,s1,b500 <__gethex+0x278>
    b53c:	851a                	mv	a0,t1
    b53e:	8652                	mv	a2,s4
    b540:	85de                	mv	a1,s7
    b542:	ce46                	sw	a7,28(sp)
    b544:	cc1a                	sw	t1,24(sp)
    b546:	1e2010ef          	jal	ra,c728 <strncmp>
    b54a:	4362                	lw	t1,24(sp)
    b54c:	48f2                	lw	a7,28(sp)
    b54e:	f94d                	bnez	a0,b500 <__gethex+0x278>
    b550:	8c1a                	mv	s8,t1
    b552:	b731                	j	b45e <__gethex+0x1d6>
    b554:	4a01                	li	s4,0
    b556:	f774dde3          	bge	s1,s7,b4d0 <__gethex+0x248>
    b55a:	409b84b3          	sub	s1,s7,s1
    b55e:	85ee                	mv	a1,s11
    b560:	8626                	mv	a2,s1
    b562:	8556                	mv	a0,s5
    b564:	1a5000ef          	jal	ra,bf08 <__lshift>
    b568:	8daa                	mv	s11,a0
    b56a:	8c05                	sub	s0,s0,s1
    b56c:	01450993          	addi	s3,a0,20
    b570:	b785                	j	b4d0 <__gethex+0x248>
    b572:	00492703          	lw	a4,4(s2)
    b576:	0ee45563          	bge	s0,a4,b660 <__gethex+0x3d8>
    b57a:	40870433          	sub	s0,a4,s0
    b57e:	07744563          	blt	s0,s7,b5e8 <__gethex+0x360>
    b582:	00c92703          	lw	a4,12(s2)
    b586:	4689                	li	a3,2
    b588:	04d70a63          	beq	a4,a3,b5dc <__gethex+0x354>
    b58c:	468d                	li	a3,3
    b58e:	04d70a63          	beq	a4,a3,b5e2 <__gethex+0x35a>
    b592:	4685                	li	a3,1
    b594:	02d71b63          	bne	a4,a3,b5ca <__gethex+0x342>
    b598:	028b9963          	bne	s7,s0,b5ca <__gethex+0x342>
    b59c:	02eb9163          	bne	s7,a4,b5be <__gethex+0x336>
    b5a0:	00492703          	lw	a4,4(s2)
    b5a4:	47b2                	lw	a5,12(sp)
    b5a6:	06200493          	li	s1,98
    b5aa:	c398                	sw	a4,0(a5)
    b5ac:	4705                	li	a4,1
    b5ae:	4792                	lw	a5,4(sp)
    b5b0:	00eda823          	sw	a4,16(s11)
    b5b4:	00e9a023          	sw	a4,0(s3)
    b5b8:	01b7a023          	sw	s11,0(a5)
    b5bc:	bd05                	j	b3ec <__gethex+0x164>
    b5be:	fffb8593          	addi	a1,s7,-1
    b5c2:	856e                	mv	a0,s11
    b5c4:	5af000ef          	jal	ra,c372 <__any_on>
    b5c8:	fd61                	bnez	a0,b5a0 <__gethex+0x318>
    b5ca:	85ee                	mv	a1,s11
    b5cc:	8556                	mv	a0,s5
    b5ce:	21f5                	jal	baba <_Bfree>
    b5d0:	4792                	lw	a5,4(sp)
    b5d2:	05000493          	li	s1,80
    b5d6:	0007a023          	sw	zero,0(a5)
    b5da:	bd09                	j	b3ec <__gethex+0x164>
    b5dc:	fe0b17e3          	bnez	s6,b5ca <__gethex+0x342>
    b5e0:	b7c1                	j	b5a0 <__gethex+0x318>
    b5e2:	fa0b1fe3          	bnez	s6,b5a0 <__gethex+0x318>
    b5e6:	b7d5                	j	b5ca <__gethex+0x342>
    b5e8:	fff40493          	addi	s1,s0,-1
    b5ec:	060a1863          	bnez	s4,b65c <__gethex+0x3d4>
    b5f0:	c491                	beqz	s1,b5fc <__gethex+0x374>
    b5f2:	85a6                	mv	a1,s1
    b5f4:	856e                	mv	a0,s11
    b5f6:	57d000ef          	jal	ra,c372 <__any_on>
    b5fa:	8a2a                	mv	s4,a0
    b5fc:	4054d713          	srai	a4,s1,0x5
    b600:	070a                	slli	a4,a4,0x2
    b602:	974e                	add	a4,a4,s3
    b604:	4318                	lw	a4,0(a4)
    b606:	4585                	li	a1,1
    b608:	009595b3          	sll	a1,a1,s1
    b60c:	8df9                	and	a1,a1,a4
    b60e:	c199                	beqz	a1,b614 <__gethex+0x38c>
    b610:	002a6a13          	ori	s4,s4,2
    b614:	85a2                	mv	a1,s0
    b616:	856e                	mv	a0,s11
    b618:	408b8bb3          	sub	s7,s7,s0
    b61c:	bb7ff0ef          	jal	ra,b1d2 <rshift>
    b620:	00492403          	lw	s0,4(s2)
    b624:	4489                	li	s1,2
    b626:	080a0b63          	beqz	s4,b6bc <__gethex+0x434>
    b62a:	00c92703          	lw	a4,12(s2)
    b62e:	4689                	li	a3,2
    b630:	02d70a63          	beq	a4,a3,b664 <__gethex+0x3dc>
    b634:	468d                	li	a3,3
    b636:	02d70a63          	beq	a4,a3,b66a <__gethex+0x3e2>
    b63a:	4685                	li	a3,1
    b63c:	00d71d63          	bne	a4,a3,b656 <__gethex+0x3ce>
    b640:	002a7713          	andi	a4,s4,2
    b644:	cb09                	beqz	a4,b656 <__gethex+0x3ce>
    b646:	0009a703          	lw	a4,0(s3)
    b64a:	00ea6a33          	or	s4,s4,a4
    b64e:	001a7a13          	andi	s4,s4,1
    b652:	000a1e63          	bnez	s4,b66e <__gethex+0x3e6>
    b656:	0104e493          	ori	s1,s1,16
    b65a:	a08d                	j	b6bc <__gethex+0x434>
    b65c:	4a05                	li	s4,1
    b65e:	bf79                	j	b5fc <__gethex+0x374>
    b660:	4485                	li	s1,1
    b662:	b7d1                	j	b626 <__gethex+0x39e>
    b664:	4705                	li	a4,1
    b666:	41670b33          	sub	s6,a4,s6
    b66a:	fe0b06e3          	beqz	s6,b656 <__gethex+0x3ce>
    b66e:	010da983          	lw	s3,16(s11)
    b672:	014d8713          	addi	a4,s11,20
    b676:	55fd                	li	a1,-1
    b678:	00299a13          	slli	s4,s3,0x2
    b67c:	01470633          	add	a2,a4,s4
    b680:	4314                	lw	a3,0(a4)
    b682:	04b68363          	beq	a3,a1,b6c8 <__gethex+0x440>
    b686:	0685                	addi	a3,a3,1
    b688:	c314                	sw	a3,0(a4)
    b68a:	4689                	li	a3,2
    b68c:	014d8713          	addi	a4,s11,20
    b690:	08d49363          	bne	s1,a3,b716 <__gethex+0x48e>
    b694:	00092683          	lw	a3,0(s2)
    b698:	16fd                	addi	a3,a3,-1
    b69a:	01769f63          	bne	a3,s7,b6b8 <__gethex+0x430>
    b69e:	405bd693          	srai	a3,s7,0x5
    b6a2:	068a                	slli	a3,a3,0x2
    b6a4:	9736                	add	a4,a4,a3
    b6a6:	4318                	lw	a4,0(a4)
    b6a8:	4685                	li	a3,1
    b6aa:	01769bb3          	sll	s7,a3,s7
    b6ae:	00ebfbb3          	and	s7,s7,a4
    b6b2:	000b8363          	beqz	s7,b6b8 <__gethex+0x430>
    b6b6:	4485                	li	s1,1
    b6b8:	0204e493          	ori	s1,s1,32
    b6bc:	4792                	lw	a5,4(sp)
    b6be:	01b7a023          	sw	s11,0(a5)
    b6c2:	47b2                	lw	a5,12(sp)
    b6c4:	c380                	sw	s0,0(a5)
    b6c6:	b31d                	j	b3ec <__gethex+0x164>
    b6c8:	0711                	addi	a4,a4,4
    b6ca:	fe072e23          	sw	zero,-4(a4)
    b6ce:	fac769e3          	bltu	a4,a2,b680 <__gethex+0x3f8>
    b6d2:	008da703          	lw	a4,8(s11)
    b6d6:	02e9c463          	blt	s3,a4,b6fe <__gethex+0x476>
    b6da:	004da583          	lw	a1,4(s11)
    b6de:	8556                	mv	a0,s5
    b6e0:	0585                	addi	a1,a1,1
    b6e2:	26b1                	jal	ba2e <_Balloc>
    b6e4:	010da603          	lw	a2,16(s11)
    b6e8:	00cd8593          	addi	a1,s11,12
    b6ec:	8b2a                	mv	s6,a0
    b6ee:	0609                	addi	a2,a2,2
    b6f0:	060a                	slli	a2,a2,0x2
    b6f2:	0531                	addi	a0,a0,12
    b6f4:	2451                	jal	b978 <memcpy>
    b6f6:	85ee                	mv	a1,s11
    b6f8:	8556                	mv	a0,s5
    b6fa:	26c1                	jal	baba <_Bfree>
    b6fc:	8dda                	mv	s11,s6
    b6fe:	010da703          	lw	a4,16(s11)
    b702:	00170693          	addi	a3,a4,1
    b706:	0711                	addi	a4,a4,4
    b708:	070a                	slli	a4,a4,0x2
    b70a:	00dda823          	sw	a3,16(s11)
    b70e:	976e                	add	a4,a4,s11
    b710:	4685                	li	a3,1
    b712:	c354                	sw	a3,4(a4)
    b714:	bf9d                	j	b68a <__gethex+0x402>
    b716:	010da683          	lw	a3,16(s11)
    b71a:	00d9dc63          	bge	s3,a3,b732 <__gethex+0x4aa>
    b71e:	4585                	li	a1,1
    b720:	856e                	mv	a0,s11
    b722:	ab1ff0ef          	jal	ra,b1d2 <rshift>
    b726:	00892703          	lw	a4,8(s2)
    b72a:	0405                	addi	s0,s0,1
    b72c:	f88755e3          	bge	a4,s0,b6b6 <__gethex+0x42e>
    b730:	b365                	j	b4d8 <__gethex+0x250>
    b732:	01fbfb93          	andi	s7,s7,31
    b736:	4485                	li	s1,1
    b738:	f80b80e3          	beqz	s7,b6b8 <__gethex+0x430>
    b73c:	9752                	add	a4,a4,s4
    b73e:	ffc72503          	lw	a0,-4(a4)
    b742:	29e5                	jal	bc3a <__hi0bits>
    b744:	02000713          	li	a4,32
    b748:	41770bb3          	sub	s7,a4,s7
    b74c:	fd7549e3          	blt	a0,s7,b71e <__gethex+0x496>
    b750:	b7a5                	j	b6b8 <__gethex+0x430>

0000b752 <L_shift>:
    b752:	47a1                	li	a5,8
    b754:	40c78633          	sub	a2,a5,a2
    b758:	060a                	slli	a2,a2,0x2
    b75a:	02000693          	li	a3,32
    b75e:	8e91                	sub	a3,a3,a2
    b760:	415c                	lw	a5,4(a0)
    b762:	4118                	lw	a4,0(a0)
    b764:	0511                	addi	a0,a0,4
    b766:	00d79833          	sll	a6,a5,a3
    b76a:	01076733          	or	a4,a4,a6
    b76e:	00c7d7b3          	srl	a5,a5,a2
    b772:	fee52e23          	sw	a4,-4(a0)
    b776:	c11c                	sw	a5,0(a0)
    b778:	feb564e3          	bltu	a0,a1,b760 <L_shift+0xe>
    b77c:	8082                	ret

0000b77e <__match>:
    b77e:	411c                	lw	a5,0(a0)
    b780:	4865                	li	a6,25
    b782:	0585                	addi	a1,a1,1
    b784:	fff5c603          	lbu	a2,-1(a1) # 7fefffff <_eusrstack+0x5fefafff>
    b788:	0785                	addi	a5,a5,1
    b78a:	e601                	bnez	a2,b792 <__match+0x14>
    b78c:	c11c                	sw	a5,0(a0)
    b78e:	4505                	li	a0,1
    b790:	8082                	ret
    b792:	2398                	lbu	a4,0(a5)
    b794:	fbf70693          	addi	a3,a4,-65
    b798:	0ff6f693          	andi	a3,a3,255
    b79c:	00d86463          	bltu	a6,a3,b7a4 <__match+0x26>
    b7a0:	02070713          	addi	a4,a4,32
    b7a4:	fcc70fe3          	beq	a4,a2,b782 <__match+0x4>
    b7a8:	4501                	li	a0,0
    b7aa:	8082                	ret

0000b7ac <__hexnan>:
    b7ac:	715d                	addi	sp,sp,-80
    b7ae:	dc52                	sw	s4,56(sp)
    b7b0:	0005aa03          	lw	s4,0(a1)
    b7b4:	c2a6                	sw	s1,68(sp)
    b7b6:	de4e                	sw	s3,60(sp)
    b7b8:	405a5493          	srai	s1,s4,0x5
    b7bc:	d85a                	sw	s6,48(sp)
    b7be:	048a                	slli	s1,s1,0x2
    b7c0:	c686                	sw	ra,76(sp)
    b7c2:	c4a2                	sw	s0,72(sp)
    b7c4:	c0ca                	sw	s2,64(sp)
    b7c6:	da56                	sw	s5,52(sp)
    b7c8:	d65e                	sw	s7,44(sp)
    b7ca:	d462                	sw	s8,40(sp)
    b7cc:	d266                	sw	s9,36(sp)
    b7ce:	d06a                	sw	s10,32(sp)
    b7d0:	ce6e                	sw	s11,28(sp)
    b7d2:	01fa7a13          	andi	s4,s4,31
    b7d6:	8b2a                	mv	s6,a0
    b7d8:	89b2                	mv	s3,a2
    b7da:	94b2                	add	s1,s1,a2
    b7dc:	000a0363          	beqz	s4,b7e2 <__hexnan+0x36>
    b7e0:	0491                	addi	s1,s1,4
    b7e2:	000b2783          	lw	a5,0(s6)
    b7e6:	ffc48913          	addi	s2,s1,-4
    b7ea:	fe04ae23          	sw	zero,-4(s1)
    b7ee:	8dca                	mv	s11,s2
    b7f0:	844a                	mv	s0,s2
    b7f2:	4601                	li	a2,0
    b7f4:	4a81                	li	s5,0
    b7f6:	4b81                	li	s7,0
    b7f8:	4c21                	li	s8,8
    b7fa:	02000c93          	li	s9,32
    b7fe:	4d1d                	li	s10,7
    b800:	3394                	lbu	a3,1(a5)
    b802:	00178713          	addi	a4,a5,1
    b806:	c03a                	sw	a4,0(sp)
    b808:	cab1                	beqz	a3,b85c <__hexnan+0xb0>
    b80a:	8536                	mv	a0,a3
    b80c:	c632                	sw	a2,12(sp)
    b80e:	c43e                	sw	a5,8(sp)
    b810:	c236                	sw	a3,4(sp)
    b812:	a37ff0ef          	jal	ra,b248 <__hexdig_fun>
    b816:	4632                	lw	a2,12(sp)
    b818:	e559                	bnez	a0,b8a6 <__hexnan+0xfa>
    b81a:	4692                	lw	a3,4(sp)
    b81c:	47a2                	lw	a5,8(sp)
    b81e:	02dce863          	bltu	s9,a3,b84e <__hexnan+0xa2>
    b822:	037ad463          	bge	s5,s7,b84a <__hexnan+0x9e>
    b826:	01b47863          	bgeu	s0,s11,b836 <__hexnan+0x8a>
    b82a:	00cd4663          	blt	s10,a2,b836 <__hexnan+0x8a>
    b82e:	85ee                	mv	a1,s11
    b830:	8522                	mv	a0,s0
    b832:	f21ff0ef          	jal	ra,b752 <L_shift>
    b836:	4621                	li	a2,8
    b838:	0089f963          	bgeu	s3,s0,b84a <__hexnan+0x9e>
    b83c:	ffc40d93          	addi	s11,s0,-4
    b840:	fe042e23          	sw	zero,-4(s0)
    b844:	8ade                	mv	s5,s7
    b846:	846e                	mv	s0,s11
    b848:	4601                	li	a2,0
    b84a:	4782                	lw	a5,0(sp)
    b84c:	bf55                	j	b800 <__hexnan+0x54>
    b84e:	02900593          	li	a1,41
    b852:	08b69c63          	bne	a3,a1,b8ea <__hexnan+0x13e>
    b856:	0789                	addi	a5,a5,2
    b858:	00fb2023          	sw	a5,0(s6)
    b85c:	080b8763          	beqz	s7,b8ea <__hexnan+0x13e>
    b860:	01b47963          	bgeu	s0,s11,b872 <__hexnan+0xc6>
    b864:	479d                	li	a5,7
    b866:	00c7c663          	blt	a5,a2,b872 <__hexnan+0xc6>
    b86a:	85ee                	mv	a1,s11
    b86c:	8522                	mv	a0,s0
    b86e:	ee5ff0ef          	jal	ra,b752 <L_shift>
    b872:	0489fa63          	bgeu	s3,s0,b8c6 <__hexnan+0x11a>
    b876:	87ce                	mv	a5,s3
    b878:	0411                	addi	s0,s0,4
    b87a:	ffc42703          	lw	a4,-4(s0)
    b87e:	0791                	addi	a5,a5,4
    b880:	fee7ae23          	sw	a4,-4(a5)
    b884:	fe897ae3          	bgeu	s2,s0,b878 <__hexnan+0xcc>
    b888:	0791                	addi	a5,a5,4
    b88a:	fe07ae23          	sw	zero,-4(a5)
    b88e:	fef97de3          	bgeu	s2,a5,b888 <__hexnan+0xdc>
    b892:	00092783          	lw	a5,0(s2)
    b896:	e791                	bnez	a5,b8a2 <__hexnan+0xf6>
    b898:	05391763          	bne	s2,s3,b8e6 <__hexnan+0x13a>
    b89c:	4785                	li	a5,1
    b89e:	00f92023          	sw	a5,0(s2)
    b8a2:	4515                	li	a0,5
    b8a4:	a0a1                	j	b8ec <__hexnan+0x140>
    b8a6:	0605                	addi	a2,a2,1
    b8a8:	0b85                	addi	s7,s7,1
    b8aa:	00cc5863          	bge	s8,a2,b8ba <__hexnan+0x10e>
    b8ae:	f889fee3          	bgeu	s3,s0,b84a <__hexnan+0x9e>
    b8b2:	fe042e23          	sw	zero,-4(s0)
    b8b6:	4605                	li	a2,1
    b8b8:	1471                	addi	s0,s0,-4
    b8ba:	401c                	lw	a5,0(s0)
    b8bc:	893d                	andi	a0,a0,15
    b8be:	0792                	slli	a5,a5,0x4
    b8c0:	8fc9                	or	a5,a5,a0
    b8c2:	c01c                	sw	a5,0(s0)
    b8c4:	b759                	j	b84a <__hexnan+0x9e>
    b8c6:	fc0a06e3          	beqz	s4,b892 <__hexnan+0xe6>
    b8ca:	02000793          	li	a5,32
    b8ce:	414787b3          	sub	a5,a5,s4
    b8d2:	5a7d                	li	s4,-1
    b8d4:	00fa57b3          	srl	a5,s4,a5
    b8d8:	ffc4aa03          	lw	s4,-4(s1)
    b8dc:	00fa7a33          	and	s4,s4,a5
    b8e0:	ff44ae23          	sw	s4,-4(s1)
    b8e4:	b77d                	j	b892 <__hexnan+0xe6>
    b8e6:	1971                	addi	s2,s2,-4
    b8e8:	b76d                	j	b892 <__hexnan+0xe6>
    b8ea:	4511                	li	a0,4
    b8ec:	40b6                	lw	ra,76(sp)
    b8ee:	4426                	lw	s0,72(sp)
    b8f0:	4496                	lw	s1,68(sp)
    b8f2:	4906                	lw	s2,64(sp)
    b8f4:	59f2                	lw	s3,60(sp)
    b8f6:	5a62                	lw	s4,56(sp)
    b8f8:	5ad2                	lw	s5,52(sp)
    b8fa:	5b42                	lw	s6,48(sp)
    b8fc:	5bb2                	lw	s7,44(sp)
    b8fe:	5c22                	lw	s8,40(sp)
    b900:	5c92                	lw	s9,36(sp)
    b902:	5d02                	lw	s10,32(sp)
    b904:	4df2                	lw	s11,28(sp)
    b906:	6161                	addi	sp,sp,80
    b908:	8082                	ret

0000b90a <__locale_ctype_ptr_l>:
    b90a:	0ec52503          	lw	a0,236(a0)
    b90e:	8082                	ret

0000b910 <__localeconv_l>:
    b910:	0f050513          	addi	a0,a0,240
    b914:	8082                	ret

0000b916 <_localeconv_r>:
    b916:	84418793          	addi	a5,gp,-1980 # 20000234 <_impure_ptr>
    b91a:	439c                	lw	a5,0(a5)
    b91c:	5388                	lw	a0,32(a5)
    b91e:	e509                	bnez	a0,b928 <_localeconv_r+0x12>
    b920:	1fff4517          	auipc	a0,0x1fff4
    b924:	76050513          	addi	a0,a0,1888 # 20000080 <__global_locale>
    b928:	0f050513          	addi	a0,a0,240
    b92c:	8082                	ret

0000b92e <__ascii_mbtowc>:
    b92e:	ed91                	bnez	a1,b94a <__ascii_mbtowc+0x1c>
    b930:	1141                	addi	sp,sp,-16
    b932:	006c                	addi	a1,sp,12
    b934:	4501                	li	a0,0
    b936:	ca01                	beqz	a2,b946 <__ascii_mbtowc+0x18>
    b938:	5579                	li	a0,-2
    b93a:	c691                	beqz	a3,b946 <__ascii_mbtowc+0x18>
    b93c:	221c                	lbu	a5,0(a2)
    b93e:	c19c                	sw	a5,0(a1)
    b940:	2208                	lbu	a0,0(a2)
    b942:	00a03533          	snez	a0,a0
    b946:	0141                	addi	sp,sp,16
    b948:	8082                	ret
    b94a:	4501                	li	a0,0
    b94c:	ca09                	beqz	a2,b95e <__ascii_mbtowc+0x30>
    b94e:	5579                	li	a0,-2
    b950:	c699                	beqz	a3,b95e <__ascii_mbtowc+0x30>
    b952:	221c                	lbu	a5,0(a2)
    b954:	c19c                	sw	a5,0(a1)
    b956:	2208                	lbu	a0,0(a2)
    b958:	00a03533          	snez	a0,a0
    b95c:	8082                	ret
    b95e:	8082                	ret

0000b960 <memchr>:
    b960:	0ff5f593          	andi	a1,a1,255
    b964:	962a                	add	a2,a2,a0
    b966:	00c51463          	bne	a0,a2,b96e <memchr+0xe>
    b96a:	4501                	li	a0,0
    b96c:	8082                	ret
    b96e:	211c                	lbu	a5,0(a0)
    b970:	feb78ee3          	beq	a5,a1,b96c <memchr+0xc>
    b974:	0505                	addi	a0,a0,1
    b976:	bfc5                	j	b966 <memchr+0x6>

0000b978 <memcpy>:
    b978:	00a5c7b3          	xor	a5,a1,a0
    b97c:	8b8d                	andi	a5,a5,3
    b97e:	00c50733          	add	a4,a0,a2
    b982:	e781                	bnez	a5,b98a <memcpy+0x12>
    b984:	478d                	li	a5,3
    b986:	00c7ed63          	bltu	a5,a2,b9a0 <memcpy+0x28>
    b98a:	87aa                	mv	a5,a0
    b98c:	08e57e63          	bgeu	a0,a4,ba28 <memcpy+0xb0>
    b990:	2194                	lbu	a3,0(a1)
    b992:	0785                	addi	a5,a5,1
    b994:	0585                	addi	a1,a1,1
    b996:	fed78fa3          	sb	a3,-1(a5)
    b99a:	fee7ebe3          	bltu	a5,a4,b990 <memcpy+0x18>
    b99e:	8082                	ret
    b9a0:	00357693          	andi	a3,a0,3
    b9a4:	87aa                	mv	a5,a0
    b9a6:	ca89                	beqz	a3,b9b8 <memcpy+0x40>
    b9a8:	2194                	lbu	a3,0(a1)
    b9aa:	0785                	addi	a5,a5,1
    b9ac:	0585                	addi	a1,a1,1
    b9ae:	fed78fa3          	sb	a3,-1(a5)
    b9b2:	0037f693          	andi	a3,a5,3
    b9b6:	bfc5                	j	b9a6 <memcpy+0x2e>
    b9b8:	ffc77693          	andi	a3,a4,-4
    b9bc:	fe068613          	addi	a2,a3,-32
    b9c0:	06c7f063          	bgeu	a5,a2,ba20 <memcpy+0xa8>
    b9c4:	0005a383          	lw	t2,0(a1)
    b9c8:	0045a283          	lw	t0,4(a1)
    b9cc:	0085af83          	lw	t6,8(a1)
    b9d0:	00c5af03          	lw	t5,12(a1)
    b9d4:	0105ae83          	lw	t4,16(a1)
    b9d8:	0145ae03          	lw	t3,20(a1)
    b9dc:	0185a303          	lw	t1,24(a1)
    b9e0:	01c5a883          	lw	a7,28(a1)
    b9e4:	02458593          	addi	a1,a1,36
    b9e8:	0077a023          	sw	t2,0(a5)
    b9ec:	ffc5a803          	lw	a6,-4(a1)
    b9f0:	0057a223          	sw	t0,4(a5)
    b9f4:	01f7a423          	sw	t6,8(a5)
    b9f8:	01e7a623          	sw	t5,12(a5)
    b9fc:	01d7a823          	sw	t4,16(a5)
    ba00:	01c7aa23          	sw	t3,20(a5)
    ba04:	0067ac23          	sw	t1,24(a5)
    ba08:	0117ae23          	sw	a7,28(a5)
    ba0c:	02478793          	addi	a5,a5,36
    ba10:	ff07ae23          	sw	a6,-4(a5)
    ba14:	b775                	j	b9c0 <memcpy+0x48>
    ba16:	4190                	lw	a2,0(a1)
    ba18:	0791                	addi	a5,a5,4
    ba1a:	0591                	addi	a1,a1,4
    ba1c:	fec7ae23          	sw	a2,-4(a5)
    ba20:	fed7ebe3          	bltu	a5,a3,ba16 <memcpy+0x9e>
    ba24:	f6e7e6e3          	bltu	a5,a4,b990 <memcpy+0x18>
    ba28:	8082                	ret

0000ba2a <__malloc_lock>:
    ba2a:	8082                	ret

0000ba2c <__malloc_unlock>:
    ba2c:	8082                	ret

0000ba2e <_Balloc>:
    ba2e:	515c                	lw	a5,36(a0)
    ba30:	1141                	addi	sp,sp,-16
    ba32:	c422                	sw	s0,8(sp)
    ba34:	c04a                	sw	s2,0(sp)
    ba36:	c606                	sw	ra,12(sp)
    ba38:	c226                	sw	s1,4(sp)
    ba3a:	842a                	mv	s0,a0
    ba3c:	892e                	mv	s2,a1
    ba3e:	ef89                	bnez	a5,ba58 <_Balloc+0x2a>
    ba40:	4541                	li	a0,16
    ba42:	ff7fc0ef          	jal	ra,8a38 <malloc>
    ba46:	d048                	sw	a0,36(s0)
    ba48:	00052223          	sw	zero,4(a0)
    ba4c:	00052423          	sw	zero,8(a0)
    ba50:	00052023          	sw	zero,0(a0)
    ba54:	00052623          	sw	zero,12(a0)
    ba58:	5044                	lw	s1,36(s0)
    ba5a:	44dc                	lw	a5,12(s1)
    ba5c:	c79d                	beqz	a5,ba8a <_Balloc+0x5c>
    ba5e:	5058                	lw	a4,36(s0)
    ba60:	00291793          	slli	a5,s2,0x2
    ba64:	4758                	lw	a4,12(a4)
    ba66:	97ba                	add	a5,a5,a4
    ba68:	4388                	lw	a0,0(a5)
    ba6a:	e129                	bnez	a0,baac <_Balloc+0x7e>
    ba6c:	4485                	li	s1,1
    ba6e:	012494b3          	sll	s1,s1,s2
    ba72:	00548613          	addi	a2,s1,5
    ba76:	060a                	slli	a2,a2,0x2
    ba78:	4585                	li	a1,1
    ba7a:	8522                	mv	a0,s0
    ba7c:	13d000ef          	jal	ra,c3b8 <_calloc_r>
    ba80:	cd19                	beqz	a0,ba9e <_Balloc+0x70>
    ba82:	01252223          	sw	s2,4(a0)
    ba86:	c504                	sw	s1,8(a0)
    ba88:	a025                	j	bab0 <_Balloc+0x82>
    ba8a:	02100613          	li	a2,33
    ba8e:	4591                	li	a1,4
    ba90:	8522                	mv	a0,s0
    ba92:	127000ef          	jal	ra,c3b8 <_calloc_r>
    ba96:	505c                	lw	a5,36(s0)
    ba98:	c4c8                	sw	a0,12(s1)
    ba9a:	47dc                	lw	a5,12(a5)
    ba9c:	f3e9                	bnez	a5,ba5e <_Balloc+0x30>
    ba9e:	4501                	li	a0,0
    baa0:	40b2                	lw	ra,12(sp)
    baa2:	4422                	lw	s0,8(sp)
    baa4:	4492                	lw	s1,4(sp)
    baa6:	4902                	lw	s2,0(sp)
    baa8:	0141                	addi	sp,sp,16
    baaa:	8082                	ret
    baac:	4118                	lw	a4,0(a0)
    baae:	c398                	sw	a4,0(a5)
    bab0:	00052823          	sw	zero,16(a0)
    bab4:	00052623          	sw	zero,12(a0)
    bab8:	b7e5                	j	baa0 <_Balloc+0x72>

0000baba <_Bfree>:
    baba:	515c                	lw	a5,36(a0)
    babc:	1101                	addi	sp,sp,-32
    babe:	cc22                	sw	s0,24(sp)
    bac0:	ce06                	sw	ra,28(sp)
    bac2:	842a                	mv	s0,a0
    bac4:	ef99                	bnez	a5,bae2 <_Bfree+0x28>
    bac6:	4541                	li	a0,16
    bac8:	c62e                	sw	a1,12(sp)
    baca:	f6ffc0ef          	jal	ra,8a38 <malloc>
    bace:	45b2                	lw	a1,12(sp)
    bad0:	d048                	sw	a0,36(s0)
    bad2:	00052223          	sw	zero,4(a0)
    bad6:	00052423          	sw	zero,8(a0)
    bada:	00052023          	sw	zero,0(a0)
    bade:	00052623          	sw	zero,12(a0)
    bae2:	c991                	beqz	a1,baf6 <_Bfree+0x3c>
    bae4:	5054                	lw	a3,36(s0)
    bae6:	41dc                	lw	a5,4(a1)
    bae8:	00279713          	slli	a4,a5,0x2
    baec:	46dc                	lw	a5,12(a3)
    baee:	97ba                	add	a5,a5,a4
    baf0:	4398                	lw	a4,0(a5)
    baf2:	c198                	sw	a4,0(a1)
    baf4:	c38c                	sw	a1,0(a5)
    baf6:	40f2                	lw	ra,28(sp)
    baf8:	4462                	lw	s0,24(sp)
    bafa:	6105                	addi	sp,sp,32
    bafc:	8082                	ret

0000bafe <__multadd>:
    bafe:	7179                	addi	sp,sp,-48
    bb00:	ce4e                	sw	s3,28(sp)
    bb02:	89aa                	mv	s3,a0
    bb04:	6541                	lui	a0,0x10
    bb06:	d422                	sw	s0,40(sp)
    bb08:	d226                	sw	s1,36(sp)
    bb0a:	842e                	mv	s0,a1
    bb0c:	4984                	lw	s1,16(a1)
    bb0e:	d606                	sw	ra,44(sp)
    bb10:	d04a                	sw	s2,32(sp)
    bb12:	05d1                	addi	a1,a1,20
    bb14:	4801                	li	a6,0
    bb16:	157d                	addi	a0,a0,-1
    bb18:	419c                	lw	a5,0(a1)
    bb1a:	0591                	addi	a1,a1,4
    bb1c:	0805                	addi	a6,a6,1
    bb1e:	00a7f733          	and	a4,a5,a0
    bb22:	02c70733          	mul	a4,a4,a2
    bb26:	83c1                	srli	a5,a5,0x10
    bb28:	02c787b3          	mul	a5,a5,a2
    bb2c:	9736                	add	a4,a4,a3
    bb2e:	01075693          	srli	a3,a4,0x10
    bb32:	8f69                	and	a4,a4,a0
    bb34:	97b6                	add	a5,a5,a3
    bb36:	0107d693          	srli	a3,a5,0x10
    bb3a:	07c2                	slli	a5,a5,0x10
    bb3c:	97ba                	add	a5,a5,a4
    bb3e:	fef5ae23          	sw	a5,-4(a1)
    bb42:	fc984be3          	blt	a6,s1,bb18 <__multadd+0x1a>
    bb46:	c2a1                	beqz	a3,bb86 <__multadd+0x88>
    bb48:	441c                	lw	a5,8(s0)
    bb4a:	02f4c763          	blt	s1,a5,bb78 <__multadd+0x7a>
    bb4e:	404c                	lw	a1,4(s0)
    bb50:	854e                	mv	a0,s3
    bb52:	c636                	sw	a3,12(sp)
    bb54:	0585                	addi	a1,a1,1
    bb56:	ed9ff0ef          	jal	ra,ba2e <_Balloc>
    bb5a:	4810                	lw	a2,16(s0)
    bb5c:	00c40593          	addi	a1,s0,12
    bb60:	892a                	mv	s2,a0
    bb62:	0609                	addi	a2,a2,2
    bb64:	060a                	slli	a2,a2,0x2
    bb66:	0531                	addi	a0,a0,12
    bb68:	e11ff0ef          	jal	ra,b978 <memcpy>
    bb6c:	85a2                	mv	a1,s0
    bb6e:	854e                	mv	a0,s3
    bb70:	f4bff0ef          	jal	ra,baba <_Bfree>
    bb74:	46b2                	lw	a3,12(sp)
    bb76:	844a                	mv	s0,s2
    bb78:	00448793          	addi	a5,s1,4
    bb7c:	078a                	slli	a5,a5,0x2
    bb7e:	97a2                	add	a5,a5,s0
    bb80:	c3d4                	sw	a3,4(a5)
    bb82:	0485                	addi	s1,s1,1
    bb84:	c804                	sw	s1,16(s0)
    bb86:	8522                	mv	a0,s0
    bb88:	50b2                	lw	ra,44(sp)
    bb8a:	5422                	lw	s0,40(sp)
    bb8c:	5492                	lw	s1,36(sp)
    bb8e:	5902                	lw	s2,32(sp)
    bb90:	49f2                	lw	s3,28(sp)
    bb92:	6145                	addi	sp,sp,48
    bb94:	8082                	ret

0000bb96 <__s2b>:
    bb96:	7179                	addi	sp,sp,-48
    bb98:	00868793          	addi	a5,a3,8
    bb9c:	cc52                	sw	s4,24(sp)
    bb9e:	8a36                	mv	s4,a3
    bba0:	46a5                	li	a3,9
    bba2:	d422                	sw	s0,40(sp)
    bba4:	d226                	sw	s1,36(sp)
    bba6:	ce4e                	sw	s3,28(sp)
    bba8:	842e                	mv	s0,a1
    bbaa:	02d7c7b3          	div	a5,a5,a3
    bbae:	d606                	sw	ra,44(sp)
    bbb0:	d04a                	sw	s2,32(sp)
    bbb2:	ca56                	sw	s5,20(sp)
    bbb4:	89aa                	mv	s3,a0
    bbb6:	84b2                	mv	s1,a2
    bbb8:	4685                	li	a3,1
    bbba:	4581                	li	a1,0
    bbbc:	04f6cc63          	blt	a3,a5,bc14 <__s2b+0x7e>
    bbc0:	854e                	mv	a0,s3
    bbc2:	c63a                	sw	a4,12(sp)
    bbc4:	e6bff0ef          	jal	ra,ba2e <_Balloc>
    bbc8:	4732                	lw	a4,12(sp)
    bbca:	4785                	li	a5,1
    bbcc:	c91c                	sw	a5,16(a0)
    bbce:	c958                	sw	a4,20(a0)
    bbd0:	47a5                	li	a5,9
    bbd2:	0497d463          	bge	a5,s1,bc1a <__s2b+0x84>
    bbd6:	00940a93          	addi	s5,s0,9
    bbda:	8956                	mv	s2,s5
    bbdc:	9426                	add	s0,s0,s1
    bbde:	0905                	addi	s2,s2,1
    bbe0:	fff94683          	lbu	a3,-1(s2)
    bbe4:	85aa                	mv	a1,a0
    bbe6:	4629                	li	a2,10
    bbe8:	fd068693          	addi	a3,a3,-48
    bbec:	854e                	mv	a0,s3
    bbee:	f11ff0ef          	jal	ra,bafe <__multadd>
    bbf2:	fe8916e3          	bne	s2,s0,bbde <__s2b+0x48>
    bbf6:	ff848413          	addi	s0,s1,-8
    bbfa:	9456                	add	s0,s0,s5
    bbfc:	8926                	mv	s2,s1
    bbfe:	03494163          	blt	s2,s4,bc20 <__s2b+0x8a>
    bc02:	50b2                	lw	ra,44(sp)
    bc04:	5422                	lw	s0,40(sp)
    bc06:	5492                	lw	s1,36(sp)
    bc08:	5902                	lw	s2,32(sp)
    bc0a:	49f2                	lw	s3,28(sp)
    bc0c:	4a62                	lw	s4,24(sp)
    bc0e:	4ad2                	lw	s5,20(sp)
    bc10:	6145                	addi	sp,sp,48
    bc12:	8082                	ret
    bc14:	0686                	slli	a3,a3,0x1
    bc16:	0585                	addi	a1,a1,1
    bc18:	b755                	j	bbbc <__s2b+0x26>
    bc1a:	0429                	addi	s0,s0,10
    bc1c:	44a5                	li	s1,9
    bc1e:	bff9                	j	bbfc <__s2b+0x66>
    bc20:	409907b3          	sub	a5,s2,s1
    bc24:	97a2                	add	a5,a5,s0
    bc26:	2394                	lbu	a3,0(a5)
    bc28:	85aa                	mv	a1,a0
    bc2a:	4629                	li	a2,10
    bc2c:	fd068693          	addi	a3,a3,-48
    bc30:	854e                	mv	a0,s3
    bc32:	ecdff0ef          	jal	ra,bafe <__multadd>
    bc36:	0905                	addi	s2,s2,1
    bc38:	b7d9                	j	bbfe <__s2b+0x68>

0000bc3a <__hi0bits>:
    bc3a:	7741                	lui	a4,0xffff0
    bc3c:	8f69                	and	a4,a4,a0
    bc3e:	87aa                	mv	a5,a0
    bc40:	4501                	li	a0,0
    bc42:	e319                	bnez	a4,bc48 <__hi0bits+0xe>
    bc44:	07c2                	slli	a5,a5,0x10
    bc46:	4541                	li	a0,16
    bc48:	ff000737          	lui	a4,0xff000
    bc4c:	8f7d                	and	a4,a4,a5
    bc4e:	e319                	bnez	a4,bc54 <__hi0bits+0x1a>
    bc50:	0521                	addi	a0,a0,8
    bc52:	07a2                	slli	a5,a5,0x8
    bc54:	f0000737          	lui	a4,0xf0000
    bc58:	8f7d                	and	a4,a4,a5
    bc5a:	e319                	bnez	a4,bc60 <__hi0bits+0x26>
    bc5c:	0511                	addi	a0,a0,4
    bc5e:	0792                	slli	a5,a5,0x4
    bc60:	c0000737          	lui	a4,0xc0000
    bc64:	8f7d                	and	a4,a4,a5
    bc66:	e319                	bnez	a4,bc6c <__hi0bits+0x32>
    bc68:	0509                	addi	a0,a0,2
    bc6a:	078a                	slli	a5,a5,0x2
    bc6c:	0007c963          	bltz	a5,bc7e <__hi0bits+0x44>
    bc70:	00179713          	slli	a4,a5,0x1
    bc74:	0505                	addi	a0,a0,1
    bc76:	00074463          	bltz	a4,bc7e <__hi0bits+0x44>
    bc7a:	02000513          	li	a0,32
    bc7e:	8082                	ret

0000bc80 <__lo0bits>:
    bc80:	411c                	lw	a5,0(a0)
    bc82:	0077f713          	andi	a4,a5,7
    bc86:	c30d                	beqz	a4,bca8 <__lo0bits+0x28>
    bc88:	0017f693          	andi	a3,a5,1
    bc8c:	4701                	li	a4,0
    bc8e:	e699                	bnez	a3,bc9c <__lo0bits+0x1c>
    bc90:	0027f713          	andi	a4,a5,2
    bc94:	c711                	beqz	a4,bca0 <__lo0bits+0x20>
    bc96:	8385                	srli	a5,a5,0x1
    bc98:	c11c                	sw	a5,0(a0)
    bc9a:	4705                	li	a4,1
    bc9c:	853a                	mv	a0,a4
    bc9e:	8082                	ret
    bca0:	8389                	srli	a5,a5,0x2
    bca2:	c11c                	sw	a5,0(a0)
    bca4:	4709                	li	a4,2
    bca6:	bfdd                	j	bc9c <__lo0bits+0x1c>
    bca8:	01079693          	slli	a3,a5,0x10
    bcac:	82c1                	srli	a3,a3,0x10
    bcae:	4701                	li	a4,0
    bcb0:	e299                	bnez	a3,bcb6 <__lo0bits+0x36>
    bcb2:	83c1                	srli	a5,a5,0x10
    bcb4:	4741                	li	a4,16
    bcb6:	0ff7f693          	andi	a3,a5,255
    bcba:	e299                	bnez	a3,bcc0 <__lo0bits+0x40>
    bcbc:	0721                	addi	a4,a4,8
    bcbe:	83a1                	srli	a5,a5,0x8
    bcc0:	00f7f693          	andi	a3,a5,15
    bcc4:	e299                	bnez	a3,bcca <__lo0bits+0x4a>
    bcc6:	0711                	addi	a4,a4,4
    bcc8:	8391                	srli	a5,a5,0x4
    bcca:	0037f693          	andi	a3,a5,3
    bcce:	e299                	bnez	a3,bcd4 <__lo0bits+0x54>
    bcd0:	0709                	addi	a4,a4,2
    bcd2:	8389                	srli	a5,a5,0x2
    bcd4:	0017f693          	andi	a3,a5,1
    bcd8:	e681                	bnez	a3,bce0 <__lo0bits+0x60>
    bcda:	8385                	srli	a5,a5,0x1
    bcdc:	0705                	addi	a4,a4,1
    bcde:	c399                	beqz	a5,bce4 <__lo0bits+0x64>
    bce0:	c11c                	sw	a5,0(a0)
    bce2:	bf6d                	j	bc9c <__lo0bits+0x1c>
    bce4:	02000713          	li	a4,32
    bce8:	bf55                	j	bc9c <__lo0bits+0x1c>

0000bcea <__i2b>:
    bcea:	1141                	addi	sp,sp,-16
    bcec:	c422                	sw	s0,8(sp)
    bcee:	842e                	mv	s0,a1
    bcf0:	4585                	li	a1,1
    bcf2:	c606                	sw	ra,12(sp)
    bcf4:	d3bff0ef          	jal	ra,ba2e <_Balloc>
    bcf8:	c940                	sw	s0,20(a0)
    bcfa:	40b2                	lw	ra,12(sp)
    bcfc:	4422                	lw	s0,8(sp)
    bcfe:	4705                	li	a4,1
    bd00:	c918                	sw	a4,16(a0)
    bd02:	0141                	addi	sp,sp,16
    bd04:	8082                	ret

0000bd06 <__multiply>:
    bd06:	4998                	lw	a4,16(a1)
    bd08:	4a1c                	lw	a5,16(a2)
    bd0a:	7179                	addi	sp,sp,-48
    bd0c:	d226                	sw	s1,36(sp)
    bd0e:	d606                	sw	ra,44(sp)
    bd10:	d422                	sw	s0,40(sp)
    bd12:	d04a                	sw	s2,32(sp)
    bd14:	ce4e                	sw	s3,28(sp)
    bd16:	84ae                	mv	s1,a1
    bd18:	00f75463          	bge	a4,a5,bd20 <__multiply+0x1a>
    bd1c:	84b2                	mv	s1,a2
    bd1e:	862e                	mv	a2,a1
    bd20:	0104a983          	lw	s3,16(s1)
    bd24:	01062903          	lw	s2,16(a2) # 10010 <_data_lma+0xd94>
    bd28:	449c                	lw	a5,8(s1)
    bd2a:	40cc                	lw	a1,4(s1)
    bd2c:	01298433          	add	s0,s3,s2
    bd30:	0087d363          	bge	a5,s0,bd36 <__multiply+0x30>
    bd34:	0585                	addi	a1,a1,1
    bd36:	c632                	sw	a2,12(sp)
    bd38:	cf7ff0ef          	jal	ra,ba2e <_Balloc>
    bd3c:	4632                	lw	a2,12(sp)
    bd3e:	01450813          	addi	a6,a0,20 # 10014 <_data_lma+0xd98>
    bd42:	00241313          	slli	t1,s0,0x2
    bd46:	9342                	add	t1,t1,a6
    bd48:	87c2                	mv	a5,a6
    bd4a:	0267ed63          	bltu	a5,t1,bd84 <__multiply+0x7e>
    bd4e:	01448593          	addi	a1,s1,20
    bd52:	00299893          	slli	a7,s3,0x2
    bd56:	0651                	addi	a2,a2,20
    bd58:	00291e13          	slli	t3,s2,0x2
    bd5c:	66c1                	lui	a3,0x10
    bd5e:	98ae                	add	a7,a7,a1
    bd60:	9e32                	add	t3,t3,a2
    bd62:	16fd                	addi	a3,a3,-1
    bd64:	03c66463          	bltu	a2,t3,bd8c <__multiply+0x86>
    bd68:	00805663          	blez	s0,bd74 <__multiply+0x6e>
    bd6c:	1371                	addi	t1,t1,-4
    bd6e:	00032783          	lw	a5,0(t1)
    bd72:	cbf1                	beqz	a5,be46 <__multiply+0x140>
    bd74:	c900                	sw	s0,16(a0)
    bd76:	50b2                	lw	ra,44(sp)
    bd78:	5422                	lw	s0,40(sp)
    bd7a:	5492                	lw	s1,36(sp)
    bd7c:	5902                	lw	s2,32(sp)
    bd7e:	49f2                	lw	s3,28(sp)
    bd80:	6145                	addi	sp,sp,48
    bd82:	8082                	ret
    bd84:	0007a023          	sw	zero,0(a5)
    bd88:	0791                	addi	a5,a5,4
    bd8a:	b7c1                	j	bd4a <__multiply+0x44>
    bd8c:	00062f83          	lw	t6,0(a2)
    bd90:	00dfffb3          	and	t6,t6,a3
    bd94:	040f8a63          	beqz	t6,bde8 <__multiply+0xe2>
    bd98:	8f42                	mv	t5,a6
    bd9a:	82ae                	mv	t0,a1
    bd9c:	4481                	li	s1,0
    bd9e:	0002a703          	lw	a4,0(t0)
    bda2:	000f2383          	lw	t2,0(t5)
    bda6:	0f11                	addi	t5,t5,4
    bda8:	00d77eb3          	and	t4,a4,a3
    bdac:	03fe8eb3          	mul	t4,t4,t6
    bdb0:	00d3f7b3          	and	a5,t2,a3
    bdb4:	0103d393          	srli	t2,t2,0x10
    bdb8:	0291                	addi	t0,t0,4
    bdba:	9ebe                	add	t4,t4,a5
    bdbc:	01075793          	srli	a5,a4,0x10
    bdc0:	03f787b3          	mul	a5,a5,t6
    bdc4:	9ea6                	add	t4,t4,s1
    bdc6:	010ed713          	srli	a4,t4,0x10
    bdca:	00defeb3          	and	t4,t4,a3
    bdce:	979e                	add	a5,a5,t2
    bdd0:	97ba                	add	a5,a5,a4
    bdd2:	0107d493          	srli	s1,a5,0x10
    bdd6:	07c2                	slli	a5,a5,0x10
    bdd8:	01d7e7b3          	or	a5,a5,t4
    bddc:	feff2e23          	sw	a5,-4(t5)
    bde0:	fb12efe3          	bltu	t0,a7,bd9e <__multiply+0x98>
    bde4:	009f2023          	sw	s1,0(t5)
    bde8:	00265283          	lhu	t0,2(a2)
    bdec:	04028a63          	beqz	t0,be40 <__multiply+0x13a>
    bdf0:	00082783          	lw	a5,0(a6)
    bdf4:	8ec2                	mv	t4,a6
    bdf6:	8f2e                	mv	t5,a1
    bdf8:	4f81                	li	t6,0
    bdfa:	000f2703          	lw	a4,0(t5)
    bdfe:	002ed383          	lhu	t2,2(t4)
    be02:	8ff5                	and	a5,a5,a3
    be04:	8f75                	and	a4,a4,a3
    be06:	02570733          	mul	a4,a4,t0
    be0a:	0e91                	addi	t4,t4,4
    be0c:	0f11                	addi	t5,t5,4
    be0e:	971e                	add	a4,a4,t2
    be10:	977e                	add	a4,a4,t6
    be12:	01071f93          	slli	t6,a4,0x10
    be16:	00ffe7b3          	or	a5,t6,a5
    be1a:	fefeae23          	sw	a5,-4(t4)
    be1e:	ffef5783          	lhu	a5,-2(t5)
    be22:	000eaf83          	lw	t6,0(t4)
    be26:	8341                	srli	a4,a4,0x10
    be28:	025787b3          	mul	a5,a5,t0
    be2c:	00dfffb3          	and	t6,t6,a3
    be30:	97fe                	add	a5,a5,t6
    be32:	97ba                	add	a5,a5,a4
    be34:	0107df93          	srli	t6,a5,0x10
    be38:	fd1f61e3          	bltu	t5,a7,bdfa <__multiply+0xf4>
    be3c:	00fea023          	sw	a5,0(t4)
    be40:	0611                	addi	a2,a2,4
    be42:	0811                	addi	a6,a6,4
    be44:	b705                	j	bd64 <__multiply+0x5e>
    be46:	147d                	addi	s0,s0,-1
    be48:	b705                	j	bd68 <__multiply+0x62>

0000be4a <__pow5mult>:
    be4a:	1101                	addi	sp,sp,-32
    be4c:	ca26                	sw	s1,20(sp)
    be4e:	c84a                	sw	s2,16(sp)
    be50:	c64e                	sw	s3,12(sp)
    be52:	ce06                	sw	ra,28(sp)
    be54:	cc22                	sw	s0,24(sp)
    be56:	c452                	sw	s4,8(sp)
    be58:	00367793          	andi	a5,a2,3
    be5c:	892a                	mv	s2,a0
    be5e:	84b2                	mv	s1,a2
    be60:	89ae                	mv	s3,a1
    be62:	cf89                	beqz	a5,be7c <__pow5mult+0x32>
    be64:	17fd                	addi	a5,a5,-1
    be66:	00003717          	auipc	a4,0x3
    be6a:	2f270713          	addi	a4,a4,754 # f158 <p05.3319>
    be6e:	078a                	slli	a5,a5,0x2
    be70:	97ba                	add	a5,a5,a4
    be72:	4390                	lw	a2,0(a5)
    be74:	4681                	li	a3,0
    be76:	c89ff0ef          	jal	ra,bafe <__multadd>
    be7a:	89aa                	mv	s3,a0
    be7c:	8489                	srai	s1,s1,0x2
    be7e:	cca5                	beqz	s1,bef6 <__pow5mult+0xac>
    be80:	02492783          	lw	a5,36(s2)
    be84:	ef91                	bnez	a5,bea0 <__pow5mult+0x56>
    be86:	4541                	li	a0,16
    be88:	bb1fc0ef          	jal	ra,8a38 <malloc>
    be8c:	02a92223          	sw	a0,36(s2)
    be90:	00052223          	sw	zero,4(a0)
    be94:	00052423          	sw	zero,8(a0)
    be98:	00052023          	sw	zero,0(a0)
    be9c:	00052623          	sw	zero,12(a0)
    bea0:	02492a03          	lw	s4,36(s2)
    bea4:	008a2403          	lw	s0,8(s4)
    bea8:	e819                	bnez	s0,bebe <__pow5mult+0x74>
    beaa:	27100593          	li	a1,625
    beae:	854a                	mv	a0,s2
    beb0:	e3bff0ef          	jal	ra,bcea <__i2b>
    beb4:	00aa2423          	sw	a0,8(s4)
    beb8:	842a                	mv	s0,a0
    beba:	00052023          	sw	zero,0(a0)
    bebe:	0014f793          	andi	a5,s1,1
    bec2:	cf81                	beqz	a5,beda <__pow5mult+0x90>
    bec4:	85ce                	mv	a1,s3
    bec6:	8622                	mv	a2,s0
    bec8:	854a                	mv	a0,s2
    beca:	e3dff0ef          	jal	ra,bd06 <__multiply>
    bece:	8a2a                	mv	s4,a0
    bed0:	85ce                	mv	a1,s3
    bed2:	854a                	mv	a0,s2
    bed4:	be7ff0ef          	jal	ra,baba <_Bfree>
    bed8:	89d2                	mv	s3,s4
    beda:	8485                	srai	s1,s1,0x1
    bedc:	cc89                	beqz	s1,bef6 <__pow5mult+0xac>
    bede:	4008                	lw	a0,0(s0)
    bee0:	e909                	bnez	a0,bef2 <__pow5mult+0xa8>
    bee2:	8622                	mv	a2,s0
    bee4:	85a2                	mv	a1,s0
    bee6:	854a                	mv	a0,s2
    bee8:	e1fff0ef          	jal	ra,bd06 <__multiply>
    beec:	c008                	sw	a0,0(s0)
    beee:	00052023          	sw	zero,0(a0)
    bef2:	842a                	mv	s0,a0
    bef4:	b7e9                	j	bebe <__pow5mult+0x74>
    bef6:	40f2                	lw	ra,28(sp)
    bef8:	4462                	lw	s0,24(sp)
    befa:	854e                	mv	a0,s3
    befc:	44d2                	lw	s1,20(sp)
    befe:	4942                	lw	s2,16(sp)
    bf00:	49b2                	lw	s3,12(sp)
    bf02:	4a22                	lw	s4,8(sp)
    bf04:	6105                	addi	sp,sp,32
    bf06:	8082                	ret

0000bf08 <__lshift>:
    bf08:	7179                	addi	sp,sp,-48
    bf0a:	d226                	sw	s1,36(sp)
    bf0c:	84ae                	mv	s1,a1
    bf0e:	ce4e                	sw	s3,28(sp)
    bf10:	0104a983          	lw	s3,16(s1)
    bf14:	d422                	sw	s0,40(sp)
    bf16:	41cc                	lw	a1,4(a1)
    bf18:	40565413          	srai	s0,a2,0x5
    bf1c:	449c                	lw	a5,8(s1)
    bf1e:	99a2                	add	s3,s3,s0
    bf20:	d04a                	sw	s2,32(sp)
    bf22:	ca56                	sw	s5,20(sp)
    bf24:	d606                	sw	ra,44(sp)
    bf26:	cc52                	sw	s4,24(sp)
    bf28:	8aaa                	mv	s5,a0
    bf2a:	00198913          	addi	s2,s3,1
    bf2e:	0927c463          	blt	a5,s2,bfb6 <__lshift+0xae>
    bf32:	8556                	mv	a0,s5
    bf34:	c632                	sw	a2,12(sp)
    bf36:	af9ff0ef          	jal	ra,ba2e <_Balloc>
    bf3a:	4632                	lw	a2,12(sp)
    bf3c:	01450793          	addi	a5,a0,20
    bf40:	8a2a                	mv	s4,a0
    bf42:	86be                	mv	a3,a5
    bf44:	4701                	li	a4,0
    bf46:	0691                	addi	a3,a3,4
    bf48:	06874a63          	blt	a4,s0,bfbc <__lshift+0xb4>
    bf4c:	00045363          	bgez	s0,bf52 <__lshift+0x4a>
    bf50:	4401                	li	s0,0
    bf52:	4894                	lw	a3,16(s1)
    bf54:	040a                	slli	s0,s0,0x2
    bf56:	00878733          	add	a4,a5,s0
    bf5a:	068a                	slli	a3,a3,0x2
    bf5c:	01448793          	addi	a5,s1,20
    bf60:	8a7d                	andi	a2,a2,31
    bf62:	96be                	add	a3,a3,a5
    bf64:	c225                	beqz	a2,bfc4 <__lshift+0xbc>
    bf66:	02000813          	li	a6,32
    bf6a:	40c80833          	sub	a6,a6,a2
    bf6e:	4581                	li	a1,0
    bf70:	4388                	lw	a0,0(a5)
    bf72:	0711                	addi	a4,a4,4
    bf74:	0791                	addi	a5,a5,4
    bf76:	00c51533          	sll	a0,a0,a2
    bf7a:	8dc9                	or	a1,a1,a0
    bf7c:	feb72e23          	sw	a1,-4(a4)
    bf80:	ffc7a583          	lw	a1,-4(a5)
    bf84:	0105d5b3          	srl	a1,a1,a6
    bf88:	fed7e4e3          	bltu	a5,a3,bf70 <__lshift+0x68>
    bf8c:	c30c                	sw	a1,0(a4)
    bf8e:	c199                	beqz	a1,bf94 <__lshift+0x8c>
    bf90:	00298913          	addi	s2,s3,2
    bf94:	197d                	addi	s2,s2,-1
    bf96:	012a2823          	sw	s2,16(s4)
    bf9a:	8556                	mv	a0,s5
    bf9c:	85a6                	mv	a1,s1
    bf9e:	b1dff0ef          	jal	ra,baba <_Bfree>
    bfa2:	50b2                	lw	ra,44(sp)
    bfa4:	5422                	lw	s0,40(sp)
    bfa6:	8552                	mv	a0,s4
    bfa8:	5492                	lw	s1,36(sp)
    bfaa:	5902                	lw	s2,32(sp)
    bfac:	49f2                	lw	s3,28(sp)
    bfae:	4a62                	lw	s4,24(sp)
    bfb0:	4ad2                	lw	s5,20(sp)
    bfb2:	6145                	addi	sp,sp,48
    bfb4:	8082                	ret
    bfb6:	0585                	addi	a1,a1,1
    bfb8:	0786                	slli	a5,a5,0x1
    bfba:	bf95                	j	bf2e <__lshift+0x26>
    bfbc:	fe06ae23          	sw	zero,-4(a3) # fffc <_data_lma+0xd80>
    bfc0:	0705                	addi	a4,a4,1
    bfc2:	b751                	j	bf46 <__lshift+0x3e>
    bfc4:	0791                	addi	a5,a5,4
    bfc6:	ffc7a603          	lw	a2,-4(a5)
    bfca:	0711                	addi	a4,a4,4
    bfcc:	fec72e23          	sw	a2,-4(a4)
    bfd0:	fed7eae3          	bltu	a5,a3,bfc4 <__lshift+0xbc>
    bfd4:	b7c1                	j	bf94 <__lshift+0x8c>

0000bfd6 <__mcmp>:
    bfd6:	491c                	lw	a5,16(a0)
    bfd8:	4998                	lw	a4,16(a1)
    bfda:	8f99                	sub	a5,a5,a4
    bfdc:	e38d                	bnez	a5,bffe <__mcmp+0x28>
    bfde:	070a                	slli	a4,a4,0x2
    bfe0:	0551                	addi	a0,a0,20
    bfe2:	05d1                	addi	a1,a1,20
    bfe4:	00e506b3          	add	a3,a0,a4
    bfe8:	95ba                	add	a1,a1,a4
    bfea:	16f1                	addi	a3,a3,-4
    bfec:	15f1                	addi	a1,a1,-4
    bfee:	4290                	lw	a2,0(a3)
    bff0:	4198                	lw	a4,0(a1)
    bff2:	00e60863          	beq	a2,a4,c002 <__mcmp+0x2c>
    bff6:	57fd                	li	a5,-1
    bff8:	00e66363          	bltu	a2,a4,bffe <__mcmp+0x28>
    bffc:	4785                	li	a5,1
    bffe:	853e                	mv	a0,a5
    c000:	8082                	ret
    c002:	fed564e3          	bltu	a0,a3,bfea <__mcmp+0x14>
    c006:	bfe5                	j	bffe <__mcmp+0x28>

0000c008 <__mdiff>:
    c008:	1101                	addi	sp,sp,-32
    c00a:	ca26                	sw	s1,20(sp)
    c00c:	84ae                	mv	s1,a1
    c00e:	c64e                	sw	s3,12(sp)
    c010:	85b2                	mv	a1,a2
    c012:	89aa                	mv	s3,a0
    c014:	8526                	mv	a0,s1
    c016:	cc22                	sw	s0,24(sp)
    c018:	ce06                	sw	ra,28(sp)
    c01a:	c84a                	sw	s2,16(sp)
    c01c:	8432                	mv	s0,a2
    c01e:	fb9ff0ef          	jal	ra,bfd6 <__mcmp>
    c022:	e105                	bnez	a0,c042 <__mdiff+0x3a>
    c024:	4581                	li	a1,0
    c026:	854e                	mv	a0,s3
    c028:	a07ff0ef          	jal	ra,ba2e <_Balloc>
    c02c:	4785                	li	a5,1
    c02e:	c91c                	sw	a5,16(a0)
    c030:	00052a23          	sw	zero,20(a0)
    c034:	40f2                	lw	ra,28(sp)
    c036:	4462                	lw	s0,24(sp)
    c038:	44d2                	lw	s1,20(sp)
    c03a:	4942                	lw	s2,16(sp)
    c03c:	49b2                	lw	s3,12(sp)
    c03e:	6105                	addi	sp,sp,32
    c040:	8082                	ret
    c042:	4905                	li	s2,1
    c044:	00054663          	bltz	a0,c050 <__mdiff+0x48>
    c048:	87a2                	mv	a5,s0
    c04a:	4901                	li	s2,0
    c04c:	8426                	mv	s0,s1
    c04e:	84be                	mv	s1,a5
    c050:	404c                	lw	a1,4(s0)
    c052:	854e                	mv	a0,s3
    c054:	9dbff0ef          	jal	ra,ba2e <_Balloc>
    c058:	01042303          	lw	t1,16(s0)
    c05c:	0104a883          	lw	a7,16(s1)
    c060:	01440613          	addi	a2,s0,20
    c064:	00231e13          	slli	t3,t1,0x2
    c068:	01448813          	addi	a6,s1,20
    c06c:	088a                	slli	a7,a7,0x2
    c06e:	6ec1                	lui	t4,0x10
    c070:	01252623          	sw	s2,12(a0)
    c074:	9e32                	add	t3,t3,a2
    c076:	98c2                	add	a7,a7,a6
    c078:	01450693          	addi	a3,a0,20
    c07c:	4f01                	li	t5,0
    c07e:	1efd                	addi	t4,t4,-1
    c080:	4218                	lw	a4,0(a2)
    c082:	00082f83          	lw	t6,0(a6)
    c086:	0691                	addi	a3,a3,4
    c088:	01d775b3          	and	a1,a4,t4
    c08c:	01dff7b3          	and	a5,t6,t4
    c090:	95fa                	add	a1,a1,t5
    c092:	8d9d                	sub	a1,a1,a5
    c094:	010fdf93          	srli	t6,t6,0x10
    c098:	01075793          	srli	a5,a4,0x10
    c09c:	41f787b3          	sub	a5,a5,t6
    c0a0:	4105d713          	srai	a4,a1,0x10
    c0a4:	97ba                	add	a5,a5,a4
    c0a6:	4107df13          	srai	t5,a5,0x10
    c0aa:	01d5f5b3          	and	a1,a1,t4
    c0ae:	07c2                	slli	a5,a5,0x10
    c0b0:	8fcd                	or	a5,a5,a1
    c0b2:	0811                	addi	a6,a6,4
    c0b4:	fef6ae23          	sw	a5,-4(a3)
    c0b8:	0611                	addi	a2,a2,4
    c0ba:	fd1863e3          	bltu	a6,a7,c080 <__mdiff+0x78>
    c0be:	65c1                	lui	a1,0x10
    c0c0:	15fd                	addi	a1,a1,-1
    c0c2:	01c66863          	bltu	a2,t3,c0d2 <__mdiff+0xca>
    c0c6:	16f1                	addi	a3,a3,-4
    c0c8:	429c                	lw	a5,0(a3)
    c0ca:	c795                	beqz	a5,c0f6 <__mdiff+0xee>
    c0cc:	00652823          	sw	t1,16(a0)
    c0d0:	b795                	j	c034 <__mdiff+0x2c>
    c0d2:	421c                	lw	a5,0(a2)
    c0d4:	0691                	addi	a3,a3,4
    c0d6:	0611                	addi	a2,a2,4
    c0d8:	00b7f733          	and	a4,a5,a1
    c0dc:	977a                	add	a4,a4,t5
    c0de:	41075813          	srai	a6,a4,0x10
    c0e2:	83c1                	srli	a5,a5,0x10
    c0e4:	97c2                	add	a5,a5,a6
    c0e6:	4107df13          	srai	t5,a5,0x10
    c0ea:	8f6d                	and	a4,a4,a1
    c0ec:	07c2                	slli	a5,a5,0x10
    c0ee:	8fd9                	or	a5,a5,a4
    c0f0:	fef6ae23          	sw	a5,-4(a3)
    c0f4:	b7f9                	j	c0c2 <__mdiff+0xba>
    c0f6:	137d                	addi	t1,t1,-1
    c0f8:	b7f9                	j	c0c6 <__mdiff+0xbe>

0000c0fa <__ulp>:
    c0fa:	7ff007b7          	lui	a5,0x7ff00
    c0fe:	8dfd                	and	a1,a1,a5
    c100:	fcc007b7          	lui	a5,0xfcc00
    c104:	95be                	add	a1,a1,a5
    c106:	00b05563          	blez	a1,c110 <__ulp+0x16>
    c10a:	4781                	li	a5,0
    c10c:	853e                	mv	a0,a5
    c10e:	8082                	ret
    c110:	40b005b3          	neg	a1,a1
    c114:	4145d793          	srai	a5,a1,0x14
    c118:	474d                	li	a4,19
    c11a:	00f74763          	blt	a4,a5,c128 <__ulp+0x2e>
    c11e:	000805b7          	lui	a1,0x80
    c122:	40f5d5b3          	sra	a1,a1,a5
    c126:	b7d5                	j	c10a <__ulp+0x10>
    c128:	fec78713          	addi	a4,a5,-20 # fcbfffec <_eusrstack+0xdcbfafec>
    c12c:	46f9                	li	a3,30
    c12e:	4581                	li	a1,0
    c130:	4785                	li	a5,1
    c132:	fce6cde3          	blt	a3,a4,c10c <__ulp+0x12>
    c136:	800007b7          	lui	a5,0x80000
    c13a:	00e7d7b3          	srl	a5,a5,a4
    c13e:	b7f9                	j	c10c <__ulp+0x12>

0000c140 <__b2d>:
    c140:	7179                	addi	sp,sp,-48
    c142:	d226                	sw	s1,36(sp)
    c144:	4904                	lw	s1,16(a0)
    c146:	ce4e                	sw	s3,28(sp)
    c148:	01450993          	addi	s3,a0,20
    c14c:	048a                	slli	s1,s1,0x2
    c14e:	94ce                	add	s1,s1,s3
    c150:	d422                	sw	s0,40(sp)
    c152:	ffc4a403          	lw	s0,-4(s1)
    c156:	d04a                	sw	s2,32(sp)
    c158:	c62e                	sw	a1,12(sp)
    c15a:	8522                	mv	a0,s0
    c15c:	d606                	sw	ra,44(sp)
    c15e:	addff0ef          	jal	ra,bc3a <__hi0bits>
    c162:	45b2                	lw	a1,12(sp)
    c164:	02000793          	li	a5,32
    c168:	8f89                	sub	a5,a5,a0
    c16a:	c19c                	sw	a5,0(a1)
    c16c:	47a9                	li	a5,10
    c16e:	ffc48913          	addi	s2,s1,-4
    c172:	02a7cd63          	blt	a5,a0,c1ac <__b2d+0x6c>
    c176:	47ad                	li	a5,11
    c178:	8f89                	sub	a5,a5,a0
    c17a:	3ff00737          	lui	a4,0x3ff00
    c17e:	00f456b3          	srl	a3,s0,a5
    c182:	8ed9                	or	a3,a3,a4
    c184:	4701                	li	a4,0
    c186:	0129f463          	bgeu	s3,s2,c18e <__b2d+0x4e>
    c18a:	ff84a703          	lw	a4,-8(s1)
    c18e:	0555                	addi	a0,a0,21
    c190:	00a41533          	sll	a0,s0,a0
    c194:	00f757b3          	srl	a5,a4,a5
    c198:	8fc9                	or	a5,a5,a0
    c19a:	50b2                	lw	ra,44(sp)
    c19c:	5422                	lw	s0,40(sp)
    c19e:	5492                	lw	s1,36(sp)
    c1a0:	5902                	lw	s2,32(sp)
    c1a2:	49f2                	lw	s3,28(sp)
    c1a4:	853e                	mv	a0,a5
    c1a6:	85b6                	mv	a1,a3
    c1a8:	6145                	addi	sp,sp,48
    c1aa:	8082                	ret
    c1ac:	4781                	li	a5,0
    c1ae:	0129f663          	bgeu	s3,s2,c1ba <__b2d+0x7a>
    c1b2:	ff84a783          	lw	a5,-8(s1)
    c1b6:	ff848913          	addi	s2,s1,-8
    c1ba:	1555                	addi	a0,a0,-11
    c1bc:	c905                	beqz	a0,c1ec <__b2d+0xac>
    c1be:	02000713          	li	a4,32
    c1c2:	40a70633          	sub	a2,a4,a0
    c1c6:	00c7d733          	srl	a4,a5,a2
    c1ca:	00a41433          	sll	s0,s0,a0
    c1ce:	8c59                	or	s0,s0,a4
    c1d0:	3ff006b7          	lui	a3,0x3ff00
    c1d4:	8ec1                	or	a3,a3,s0
    c1d6:	4701                	li	a4,0
    c1d8:	0129f463          	bgeu	s3,s2,c1e0 <__b2d+0xa0>
    c1dc:	ffc92703          	lw	a4,-4(s2)
    c1e0:	00a797b3          	sll	a5,a5,a0
    c1e4:	00c75733          	srl	a4,a4,a2
    c1e8:	8fd9                	or	a5,a5,a4
    c1ea:	bf45                	j	c19a <__b2d+0x5a>
    c1ec:	3ff006b7          	lui	a3,0x3ff00
    c1f0:	8ec1                	or	a3,a3,s0
    c1f2:	b765                	j	c19a <__b2d+0x5a>

0000c1f4 <__d2b>:
    c1f4:	7179                	addi	sp,sp,-48
    c1f6:	d422                	sw	s0,40(sp)
    c1f8:	842e                	mv	s0,a1
    c1fa:	4585                	li	a1,1
    c1fc:	d226                	sw	s1,36(sp)
    c1fe:	d04a                	sw	s2,32(sp)
    c200:	84b2                	mv	s1,a2
    c202:	ce4e                	sw	s3,28(sp)
    c204:	cc52                	sw	s4,24(sp)
    c206:	893a                	mv	s2,a4
    c208:	d606                	sw	ra,44(sp)
    c20a:	8a36                	mv	s4,a3
    c20c:	823ff0ef          	jal	ra,ba2e <_Balloc>
    c210:	00100737          	lui	a4,0x100
    c214:	fff70793          	addi	a5,a4,-1 # fffff <_data_lma+0xf0d83>
    c218:	8fe5                	and	a5,a5,s1
    c21a:	80d1                	srli	s1,s1,0x14
    c21c:	7ff4f493          	andi	s1,s1,2047
    c220:	89aa                	mv	s3,a0
    c222:	e0b5                	bnez	s1,c286 <__d2b+0x92>
    c224:	c63e                	sw	a5,12(sp)
    c226:	c42d                	beqz	s0,c290 <__d2b+0x9c>
    c228:	0028                	addi	a0,sp,8
    c22a:	c422                	sw	s0,8(sp)
    c22c:	a55ff0ef          	jal	ra,bc80 <__lo0bits>
    c230:	46a2                	lw	a3,8(sp)
    c232:	cd21                	beqz	a0,c28a <__d2b+0x96>
    c234:	4732                	lw	a4,12(sp)
    c236:	02000793          	li	a5,32
    c23a:	8f89                	sub	a5,a5,a0
    c23c:	00f717b3          	sll	a5,a4,a5
    c240:	8fd5                	or	a5,a5,a3
    c242:	00a75733          	srl	a4,a4,a0
    c246:	00f9aa23          	sw	a5,20(s3)
    c24a:	c63a                	sw	a4,12(sp)
    c24c:	4432                	lw	s0,12(sp)
    c24e:	0089ac23          	sw	s0,24(s3)
    c252:	00803433          	snez	s0,s0
    c256:	0405                	addi	s0,s0,1
    c258:	0089a823          	sw	s0,16(s3)
    c25c:	c4b9                	beqz	s1,c2aa <__d2b+0xb6>
    c25e:	bcd48493          	addi	s1,s1,-1075
    c262:	94aa                	add	s1,s1,a0
    c264:	03500793          	li	a5,53
    c268:	009a2023          	sw	s1,0(s4)
    c26c:	40a78533          	sub	a0,a5,a0
    c270:	00a92023          	sw	a0,0(s2)
    c274:	50b2                	lw	ra,44(sp)
    c276:	5422                	lw	s0,40(sp)
    c278:	854e                	mv	a0,s3
    c27a:	5492                	lw	s1,36(sp)
    c27c:	5902                	lw	s2,32(sp)
    c27e:	49f2                	lw	s3,28(sp)
    c280:	4a62                	lw	s4,24(sp)
    c282:	6145                	addi	sp,sp,48
    c284:	8082                	ret
    c286:	8fd9                	or	a5,a5,a4
    c288:	bf71                	j	c224 <__d2b+0x30>
    c28a:	00d9aa23          	sw	a3,20(s3)
    c28e:	bf7d                	j	c24c <__d2b+0x58>
    c290:	0068                	addi	a0,sp,12
    c292:	9efff0ef          	jal	ra,bc80 <__lo0bits>
    c296:	47b2                	lw	a5,12(sp)
    c298:	02050513          	addi	a0,a0,32
    c29c:	4405                	li	s0,1
    c29e:	00f9aa23          	sw	a5,20(s3)
    c2a2:	4785                	li	a5,1
    c2a4:	00f9a823          	sw	a5,16(s3)
    c2a8:	bf55                	j	c25c <__d2b+0x68>
    c2aa:	00241793          	slli	a5,s0,0x2
    c2ae:	bce50513          	addi	a0,a0,-1074
    c2b2:	97ce                	add	a5,a5,s3
    c2b4:	00aa2023          	sw	a0,0(s4)
    c2b8:	4b88                	lw	a0,16(a5)
    c2ba:	0416                	slli	s0,s0,0x5
    c2bc:	97fff0ef          	jal	ra,bc3a <__hi0bits>
    c2c0:	8c09                	sub	s0,s0,a0
    c2c2:	00892023          	sw	s0,0(s2)
    c2c6:	b77d                	j	c274 <__d2b+0x80>

0000c2c8 <__ratio>:
    c2c8:	7179                	addi	sp,sp,-48
    c2ca:	d04a                	sw	s2,32(sp)
    c2cc:	892e                	mv	s2,a1
    c2ce:	002c                	addi	a1,sp,8
    c2d0:	d606                	sw	ra,44(sp)
    c2d2:	d422                	sw	s0,40(sp)
    c2d4:	d226                	sw	s1,36(sp)
    c2d6:	ce4e                	sw	s3,28(sp)
    c2d8:	cc52                	sw	s4,24(sp)
    c2da:	8a2a                	mv	s4,a0
    c2dc:	e65ff0ef          	jal	ra,c140 <__b2d>
    c2e0:	89aa                	mv	s3,a0
    c2e2:	84ae                	mv	s1,a1
    c2e4:	842e                	mv	s0,a1
    c2e6:	854a                	mv	a0,s2
    c2e8:	006c                	addi	a1,sp,12
    c2ea:	e57ff0ef          	jal	ra,c140 <__b2d>
    c2ee:	01092783          	lw	a5,16(s2)
    c2f2:	010a2703          	lw	a4,16(s4)
    c2f6:	46a2                	lw	a3,8(sp)
    c2f8:	8f1d                	sub	a4,a4,a5
    c2fa:	47b2                	lw	a5,12(sp)
    c2fc:	0716                	slli	a4,a4,0x5
    c2fe:	8e9d                	sub	a3,a3,a5
    c300:	00d707b3          	add	a5,a4,a3
    c304:	02f05563          	blez	a5,c32e <__ratio+0x66>
    c308:	07d2                	slli	a5,a5,0x14
    c30a:	862e                	mv	a2,a1
    c30c:	00978433          	add	s0,a5,s1
    c310:	8732                	mv	a4,a2
    c312:	85a2                	mv	a1,s0
    c314:	862a                	mv	a2,a0
    c316:	86ba                	mv	a3,a4
    c318:	854e                	mv	a0,s3
    c31a:	f41f90ef          	jal	ra,625a <__divdf3>
    c31e:	50b2                	lw	ra,44(sp)
    c320:	5422                	lw	s0,40(sp)
    c322:	5492                	lw	s1,36(sp)
    c324:	5902                	lw	s2,32(sp)
    c326:	49f2                	lw	s3,28(sp)
    c328:	4a62                	lw	s4,24(sp)
    c32a:	6145                	addi	sp,sp,48
    c32c:	8082                	ret
    c32e:	fff00737          	lui	a4,0xfff00
    c332:	02e787b3          	mul	a5,a5,a4
    c336:	00b78633          	add	a2,a5,a1
    c33a:	bfd9                	j	c310 <__ratio+0x48>

0000c33c <__copybits>:
    c33c:	fff58793          	addi	a5,a1,-1 # 7ffff <_data_lma+0x70d83>
    c340:	4a18                	lw	a4,16(a2)
    c342:	8795                	srai	a5,a5,0x5
    c344:	0785                	addi	a5,a5,1
    c346:	078a                	slli	a5,a5,0x2
    c348:	01460693          	addi	a3,a2,20
    c34c:	070a                	slli	a4,a4,0x2
    c34e:	97aa                	add	a5,a5,a0
    c350:	9736                	add	a4,a4,a3
    c352:	00e6e563          	bltu	a3,a4,c35c <__copybits+0x20>
    c356:	00f56a63          	bltu	a0,a5,c36a <__copybits+0x2e>
    c35a:	8082                	ret
    c35c:	0691                	addi	a3,a3,4
    c35e:	ffc6a603          	lw	a2,-4(a3) # 3feffffc <_eusrstack+0x1fefaffc>
    c362:	0511                	addi	a0,a0,4
    c364:	fec52e23          	sw	a2,-4(a0)
    c368:	b7ed                	j	c352 <__copybits+0x16>
    c36a:	0511                	addi	a0,a0,4
    c36c:	fe052e23          	sw	zero,-4(a0)
    c370:	b7dd                	j	c356 <__copybits+0x1a>

0000c372 <__any_on>:
    c372:	4914                	lw	a3,16(a0)
    c374:	4055d793          	srai	a5,a1,0x5
    c378:	01450713          	addi	a4,a0,20
    c37c:	02f6c763          	blt	a3,a5,c3aa <__any_on+0x38>
    c380:	00d7df63          	bge	a5,a3,c39e <__any_on+0x2c>
    c384:	89fd                	andi	a1,a1,31
    c386:	cd81                	beqz	a1,c39e <__any_on+0x2c>
    c388:	00279693          	slli	a3,a5,0x2
    c38c:	96ba                	add	a3,a3,a4
    c38e:	4290                	lw	a2,0(a3)
    c390:	4505                	li	a0,1
    c392:	00b656b3          	srl	a3,a2,a1
    c396:	00b695b3          	sll	a1,a3,a1
    c39a:	00b61e63          	bne	a2,a1,c3b6 <__any_on+0x44>
    c39e:	078a                	slli	a5,a5,0x2
    c3a0:	97ba                	add	a5,a5,a4
    c3a2:	00f76663          	bltu	a4,a5,c3ae <__any_on+0x3c>
    c3a6:	4501                	li	a0,0
    c3a8:	8082                	ret
    c3aa:	87b6                	mv	a5,a3
    c3ac:	bfcd                	j	c39e <__any_on+0x2c>
    c3ae:	17f1                	addi	a5,a5,-4
    c3b0:	4394                	lw	a3,0(a5)
    c3b2:	dae5                	beqz	a3,c3a2 <__any_on+0x30>
    c3b4:	4505                	li	a0,1
    c3b6:	8082                	ret

0000c3b8 <_calloc_r>:
    c3b8:	02c58633          	mul	a2,a1,a2
    c3bc:	1101                	addi	sp,sp,-32
    c3be:	cc22                	sw	s0,24(sp)
    c3c0:	ce06                	sw	ra,28(sp)
    c3c2:	85b2                	mv	a1,a2
    c3c4:	c632                	sw	a2,12(sp)
    c3c6:	f24fc0ef          	jal	ra,8aea <_malloc_r>
    c3ca:	842a                	mv	s0,a0
    c3cc:	c509                	beqz	a0,c3d6 <_calloc_r+0x1e>
    c3ce:	4632                	lw	a2,12(sp)
    c3d0:	4581                	li	a1,0
    c3d2:	ee9f30ef          	jal	ra,2ba <memset>
    c3d6:	8522                	mv	a0,s0
    c3d8:	40f2                	lw	ra,28(sp)
    c3da:	4462                	lw	s0,24(sp)
    c3dc:	6105                	addi	sp,sp,32
    c3de:	8082                	ret

0000c3e0 <__ssputs_r>:
    c3e0:	1101                	addi	sp,sp,-32
    c3e2:	c84a                	sw	s2,16(sp)
    c3e4:	0085a903          	lw	s2,8(a1)
    c3e8:	cc22                	sw	s0,24(sp)
    c3ea:	c452                	sw	s4,8(sp)
    c3ec:	c05a                	sw	s6,0(sp)
    c3ee:	ce06                	sw	ra,28(sp)
    c3f0:	ca26                	sw	s1,20(sp)
    c3f2:	c64e                	sw	s3,12(sp)
    c3f4:	c256                	sw	s5,4(sp)
    c3f6:	842e                	mv	s0,a1
    c3f8:	8b32                	mv	s6,a2
    c3fa:	8a36                	mv	s4,a3
    c3fc:	0926e963          	bltu	a3,s2,c48e <__ssputs_r+0xae>
    c400:	25de                	lhu	a5,12(a1)
    c402:	4807f713          	andi	a4,a5,1152
    c406:	c351                	beqz	a4,c48a <__ssputs_r+0xaa>
    c408:	4004                	lw	s1,0(s0)
    c40a:	498c                	lw	a1,16(a1)
    c40c:	4858                	lw	a4,20(s0)
    c40e:	8aaa                	mv	s5,a0
    c410:	40b489b3          	sub	s3,s1,a1
    c414:	448d                	li	s1,3
    c416:	02e484b3          	mul	s1,s1,a4
    c41a:	4709                	li	a4,2
    c41c:	02e4c4b3          	div	s1,s1,a4
    c420:	00168713          	addi	a4,a3,1
    c424:	974e                	add	a4,a4,s3
    c426:	00e4f363          	bgeu	s1,a4,c42c <__ssputs_r+0x4c>
    c42a:	84ba                	mv	s1,a4
    c42c:	4007f793          	andi	a5,a5,1024
    c430:	cfb5                	beqz	a5,c4ac <__ssputs_r+0xcc>
    c432:	85a6                	mv	a1,s1
    c434:	8556                	mv	a0,s5
    c436:	eb4fc0ef          	jal	ra,8aea <_malloc_r>
    c43a:	892a                	mv	s2,a0
    c43c:	e11d                	bnez	a0,c462 <__ssputs_r+0x82>
    c43e:	47b1                	li	a5,12
    c440:	00faa023          	sw	a5,0(s5)
    c444:	245e                	lhu	a5,12(s0)
    c446:	557d                	li	a0,-1
    c448:	0407e793          	ori	a5,a5,64
    c44c:	a45e                	sh	a5,12(s0)
    c44e:	40f2                	lw	ra,28(sp)
    c450:	4462                	lw	s0,24(sp)
    c452:	44d2                	lw	s1,20(sp)
    c454:	4942                	lw	s2,16(sp)
    c456:	49b2                	lw	s3,12(sp)
    c458:	4a22                	lw	s4,8(sp)
    c45a:	4a92                	lw	s5,4(sp)
    c45c:	4b02                	lw	s6,0(sp)
    c45e:	6105                	addi	sp,sp,32
    c460:	8082                	ret
    c462:	480c                	lw	a1,16(s0)
    c464:	864e                	mv	a2,s3
    c466:	d12ff0ef          	jal	ra,b978 <memcpy>
    c46a:	245e                	lhu	a5,12(s0)
    c46c:	b7f7f793          	andi	a5,a5,-1153
    c470:	0807e793          	ori	a5,a5,128
    c474:	a45e                	sh	a5,12(s0)
    c476:	01242823          	sw	s2,16(s0)
    c47a:	c844                	sw	s1,20(s0)
    c47c:	994e                	add	s2,s2,s3
    c47e:	413484b3          	sub	s1,s1,s3
    c482:	01242023          	sw	s2,0(s0)
    c486:	c404                	sw	s1,8(s0)
    c488:	8952                	mv	s2,s4
    c48a:	012a7363          	bgeu	s4,s2,c490 <__ssputs_r+0xb0>
    c48e:	8952                	mv	s2,s4
    c490:	4008                	lw	a0,0(s0)
    c492:	864a                	mv	a2,s2
    c494:	85da                	mv	a1,s6
    c496:	2ce1                	jal	c76e <memmove>
    c498:	441c                	lw	a5,8(s0)
    c49a:	4501                	li	a0,0
    c49c:	412787b3          	sub	a5,a5,s2
    c4a0:	c41c                	sw	a5,8(s0)
    c4a2:	401c                	lw	a5,0(s0)
    c4a4:	993e                	add	s2,s2,a5
    c4a6:	01242023          	sw	s2,0(s0)
    c4aa:	b755                	j	c44e <__ssputs_r+0x6e>
    c4ac:	8626                	mv	a2,s1
    c4ae:	8556                	mv	a0,s5
    c4b0:	2611                	jal	c7b4 <_realloc_r>
    c4b2:	892a                	mv	s2,a0
    c4b4:	f169                	bnez	a0,c476 <__ssputs_r+0x96>
    c4b6:	480c                	lw	a1,16(s0)
    c4b8:	8556                	mv	a0,s5
    c4ba:	d88fc0ef          	jal	ra,8a42 <_free_r>
    c4be:	b741                	j	c43e <__ssputs_r+0x5e>

0000c4c0 <_svfiprintf_r>:
    c4c0:	25de                	lhu	a5,12(a1)
    c4c2:	7171                	addi	sp,sp,-176
    c4c4:	d326                	sw	s1,164(sp)
    c4c6:	d14a                	sw	s2,160(sp)
    c4c8:	cf4e                	sw	s3,156(sp)
    c4ca:	d706                	sw	ra,172(sp)
    c4cc:	d522                	sw	s0,168(sp)
    c4ce:	cd52                	sw	s4,152(sp)
    c4d0:	cb56                	sw	s5,148(sp)
    c4d2:	c95a                	sw	s6,144(sp)
    c4d4:	c75e                	sw	s7,140(sp)
    c4d6:	c562                	sw	s8,136(sp)
    c4d8:	c366                	sw	s9,132(sp)
    c4da:	0807f793          	andi	a5,a5,128
    c4de:	89aa                	mv	s3,a0
    c4e0:	892e                	mv	s2,a1
    c4e2:	84b2                	mv	s1,a2
    c4e4:	c3b9                	beqz	a5,c52a <_svfiprintf_r+0x6a>
    c4e6:	499c                	lw	a5,16(a1)
    c4e8:	e3a9                	bnez	a5,c52a <_svfiprintf_r+0x6a>
    c4ea:	04000593          	li	a1,64
    c4ee:	c636                	sw	a3,12(sp)
    c4f0:	dfafc0ef          	jal	ra,8aea <_malloc_r>
    c4f4:	00a92023          	sw	a0,0(s2)
    c4f8:	00a92823          	sw	a0,16(s2)
    c4fc:	46b2                	lw	a3,12(sp)
    c4fe:	e115                	bnez	a0,c522 <_svfiprintf_r+0x62>
    c500:	47b1                	li	a5,12
    c502:	00f9a023          	sw	a5,0(s3)
    c506:	557d                	li	a0,-1
    c508:	50ba                	lw	ra,172(sp)
    c50a:	542a                	lw	s0,168(sp)
    c50c:	549a                	lw	s1,164(sp)
    c50e:	590a                	lw	s2,160(sp)
    c510:	49fa                	lw	s3,156(sp)
    c512:	4a6a                	lw	s4,152(sp)
    c514:	4ada                	lw	s5,148(sp)
    c516:	4b4a                	lw	s6,144(sp)
    c518:	4bba                	lw	s7,140(sp)
    c51a:	4c2a                	lw	s8,136(sp)
    c51c:	4c9a                	lw	s9,132(sp)
    c51e:	614d                	addi	sp,sp,176
    c520:	8082                	ret
    c522:	04000793          	li	a5,64
    c526:	00f92a23          	sw	a5,20(s2)
    c52a:	02000793          	li	a5,32
    c52e:	02f10ca3          	sb	a5,57(sp)
    c532:	03000793          	li	a5,48
    c536:	da02                	sw	zero,52(sp)
    c538:	02f10d23          	sb	a5,58(sp)
    c53c:	ce36                	sw	a3,28(sp)
    c53e:	02500b93          	li	s7,37
    c542:	00003a97          	auipc	s5,0x3
    c546:	c22a8a93          	addi	s5,s5,-990 # f164 <p05.3319+0xc>
    c54a:	4c05                	li	s8,1
    c54c:	4b29                	li	s6,10
    c54e:	8426                	mv	s0,s1
    c550:	201c                	lbu	a5,0(s0)
    c552:	c399                	beqz	a5,c558 <_svfiprintf_r+0x98>
    c554:	09779963          	bne	a5,s7,c5e6 <_svfiprintf_r+0x126>
    c558:	40940cb3          	sub	s9,s0,s1
    c55c:	000c8e63          	beqz	s9,c578 <_svfiprintf_r+0xb8>
    c560:	86e6                	mv	a3,s9
    c562:	8626                	mv	a2,s1
    c564:	85ca                	mv	a1,s2
    c566:	854e                	mv	a0,s3
    c568:	e79ff0ef          	jal	ra,c3e0 <__ssputs_r>
    c56c:	57fd                	li	a5,-1
    c56e:	18f50963          	beq	a0,a5,c700 <_svfiprintf_r+0x240>
    c572:	56d2                	lw	a3,52(sp)
    c574:	96e6                	add	a3,a3,s9
    c576:	da36                	sw	a3,52(sp)
    c578:	201c                	lbu	a5,0(s0)
    c57a:	18078363          	beqz	a5,c700 <_svfiprintf_r+0x240>
    c57e:	57fd                	li	a5,-1
    c580:	00140493          	addi	s1,s0,1
    c584:	d002                	sw	zero,32(sp)
    c586:	d602                	sw	zero,44(sp)
    c588:	d23e                	sw	a5,36(sp)
    c58a:	d402                	sw	zero,40(sp)
    c58c:	060101a3          	sb	zero,99(sp)
    c590:	dc82                	sw	zero,120(sp)
    c592:	208c                	lbu	a1,0(s1)
    c594:	4615                	li	a2,5
    c596:	8556                	mv	a0,s5
    c598:	bc8ff0ef          	jal	ra,b960 <memchr>
    c59c:	00148413          	addi	s0,s1,1
    c5a0:	5782                	lw	a5,32(sp)
    c5a2:	e521                	bnez	a0,c5ea <_svfiprintf_r+0x12a>
    c5a4:	0107f713          	andi	a4,a5,16
    c5a8:	c709                	beqz	a4,c5b2 <_svfiprintf_r+0xf2>
    c5aa:	02000713          	li	a4,32
    c5ae:	06e101a3          	sb	a4,99(sp)
    c5b2:	0087f713          	andi	a4,a5,8
    c5b6:	c709                	beqz	a4,c5c0 <_svfiprintf_r+0x100>
    c5b8:	02b00713          	li	a4,43
    c5bc:	06e101a3          	sb	a4,99(sp)
    c5c0:	2094                	lbu	a3,0(s1)
    c5c2:	02a00713          	li	a4,42
    c5c6:	02e68a63          	beq	a3,a4,c5fa <_svfiprintf_r+0x13a>
    c5ca:	57b2                	lw	a5,44(sp)
    c5cc:	8426                	mv	s0,s1
    c5ce:	4681                	li	a3,0
    c5d0:	4625                	li	a2,9
    c5d2:	2018                	lbu	a4,0(s0)
    c5d4:	00140593          	addi	a1,s0,1
    c5d8:	fd070713          	addi	a4,a4,-48 # ffefffd0 <_eusrstack+0xdfefafd0>
    c5dc:	06e67263          	bgeu	a2,a4,c640 <_svfiprintf_r+0x180>
    c5e0:	c68d                	beqz	a3,c60a <_svfiprintf_r+0x14a>
    c5e2:	d63e                	sw	a5,44(sp)
    c5e4:	a01d                	j	c60a <_svfiprintf_r+0x14a>
    c5e6:	0405                	addi	s0,s0,1
    c5e8:	b7a5                	j	c550 <_svfiprintf_r+0x90>
    c5ea:	41550533          	sub	a0,a0,s5
    c5ee:	00ac1533          	sll	a0,s8,a0
    c5f2:	8fc9                	or	a5,a5,a0
    c5f4:	d03e                	sw	a5,32(sp)
    c5f6:	84a2                	mv	s1,s0
    c5f8:	bf69                	j	c592 <_svfiprintf_r+0xd2>
    c5fa:	4772                	lw	a4,28(sp)
    c5fc:	00470693          	addi	a3,a4,4
    c600:	4318                	lw	a4,0(a4)
    c602:	ce36                	sw	a3,28(sp)
    c604:	02074763          	bltz	a4,c632 <_svfiprintf_r+0x172>
    c608:	d63a                	sw	a4,44(sp)
    c60a:	2018                	lbu	a4,0(s0)
    c60c:	02e00793          	li	a5,46
    c610:	04f71d63          	bne	a4,a5,c66a <_svfiprintf_r+0x1aa>
    c614:	3018                	lbu	a4,1(s0)
    c616:	02a00793          	li	a5,42
    c61a:	02f71b63          	bne	a4,a5,c650 <_svfiprintf_r+0x190>
    c61e:	47f2                	lw	a5,28(sp)
    c620:	0409                	addi	s0,s0,2
    c622:	00478713          	addi	a4,a5,4 # 80000004 <_eusrstack+0x5fffb004>
    c626:	439c                	lw	a5,0(a5)
    c628:	ce3a                	sw	a4,28(sp)
    c62a:	0207c163          	bltz	a5,c64c <_svfiprintf_r+0x18c>
    c62e:	d23e                	sw	a5,36(sp)
    c630:	a82d                	j	c66a <_svfiprintf_r+0x1aa>
    c632:	40e00733          	neg	a4,a4
    c636:	0027e793          	ori	a5,a5,2
    c63a:	d63a                	sw	a4,44(sp)
    c63c:	d03e                	sw	a5,32(sp)
    c63e:	b7f1                	j	c60a <_svfiprintf_r+0x14a>
    c640:	036787b3          	mul	a5,a5,s6
    c644:	4685                	li	a3,1
    c646:	842e                	mv	s0,a1
    c648:	97ba                	add	a5,a5,a4
    c64a:	b761                	j	c5d2 <_svfiprintf_r+0x112>
    c64c:	57fd                	li	a5,-1
    c64e:	b7c5                	j	c62e <_svfiprintf_r+0x16e>
    c650:	0405                	addi	s0,s0,1
    c652:	d202                	sw	zero,36(sp)
    c654:	4681                	li	a3,0
    c656:	4781                	li	a5,0
    c658:	4625                	li	a2,9
    c65a:	2018                	lbu	a4,0(s0)
    c65c:	00140593          	addi	a1,s0,1
    c660:	fd070713          	addi	a4,a4,-48
    c664:	06e67663          	bgeu	a2,a4,c6d0 <_svfiprintf_r+0x210>
    c668:	f2f9                	bnez	a3,c62e <_svfiprintf_r+0x16e>
    c66a:	200c                	lbu	a1,0(s0)
    c66c:	460d                	li	a2,3
    c66e:	00003517          	auipc	a0,0x3
    c672:	afe50513          	addi	a0,a0,-1282 # f16c <p05.3319+0x14>
    c676:	aeaff0ef          	jal	ra,b960 <memchr>
    c67a:	cd11                	beqz	a0,c696 <_svfiprintf_r+0x1d6>
    c67c:	00003797          	auipc	a5,0x3
    c680:	af078793          	addi	a5,a5,-1296 # f16c <p05.3319+0x14>
    c684:	8d1d                	sub	a0,a0,a5
    c686:	04000793          	li	a5,64
    c68a:	00a797b3          	sll	a5,a5,a0
    c68e:	5502                	lw	a0,32(sp)
    c690:	0405                	addi	s0,s0,1
    c692:	8d5d                	or	a0,a0,a5
    c694:	d02a                	sw	a0,32(sp)
    c696:	200c                	lbu	a1,0(s0)
    c698:	4619                	li	a2,6
    c69a:	00003517          	auipc	a0,0x3
    c69e:	ad650513          	addi	a0,a0,-1322 # f170 <p05.3319+0x18>
    c6a2:	00140493          	addi	s1,s0,1
    c6a6:	02b10c23          	sb	a1,56(sp)
    c6aa:	ab6ff0ef          	jal	ra,b960 <memchr>
    c6ae:	c135                	beqz	a0,c712 <_svfiprintf_r+0x252>
    c6b0:	ffffc797          	auipc	a5,0xffffc
    c6b4:	68278793          	addi	a5,a5,1666 # 8d32 <_printf_float>
    c6b8:	e795                	bnez	a5,c6e4 <_svfiprintf_r+0x224>
    c6ba:	5702                	lw	a4,32(sp)
    c6bc:	47f2                	lw	a5,28(sp)
    c6be:	10077713          	andi	a4,a4,256
    c6c2:	cf09                	beqz	a4,c6dc <_svfiprintf_r+0x21c>
    c6c4:	0791                	addi	a5,a5,4
    c6c6:	ce3e                	sw	a5,28(sp)
    c6c8:	57d2                	lw	a5,52(sp)
    c6ca:	97d2                	add	a5,a5,s4
    c6cc:	da3e                	sw	a5,52(sp)
    c6ce:	b541                	j	c54e <_svfiprintf_r+0x8e>
    c6d0:	036787b3          	mul	a5,a5,s6
    c6d4:	4685                	li	a3,1
    c6d6:	842e                	mv	s0,a1
    c6d8:	97ba                	add	a5,a5,a4
    c6da:	b741                	j	c65a <_svfiprintf_r+0x19a>
    c6dc:	079d                	addi	a5,a5,7
    c6de:	9be1                	andi	a5,a5,-8
    c6e0:	07a1                	addi	a5,a5,8
    c6e2:	b7d5                	j	c6c6 <_svfiprintf_r+0x206>
    c6e4:	0878                	addi	a4,sp,28
    c6e6:	00000697          	auipc	a3,0x0
    c6ea:	cfa68693          	addi	a3,a3,-774 # c3e0 <__ssputs_r>
    c6ee:	864a                	mv	a2,s2
    c6f0:	100c                	addi	a1,sp,32
    c6f2:	854e                	mv	a0,s3
    c6f4:	e3efc0ef          	jal	ra,8d32 <_printf_float>
    c6f8:	57fd                	li	a5,-1
    c6fa:	8a2a                	mv	s4,a0
    c6fc:	fcf516e3          	bne	a0,a5,c6c8 <_svfiprintf_r+0x208>
    c700:	00c95783          	lhu	a5,12(s2)
    c704:	557d                	li	a0,-1
    c706:	0407f793          	andi	a5,a5,64
    c70a:	de079fe3          	bnez	a5,c508 <_svfiprintf_r+0x48>
    c70e:	5552                	lw	a0,52(sp)
    c710:	bbe5                	j	c508 <_svfiprintf_r+0x48>
    c712:	0878                	addi	a4,sp,28
    c714:	00000697          	auipc	a3,0x0
    c718:	ccc68693          	addi	a3,a3,-820 # c3e0 <__ssputs_r>
    c71c:	864a                	mv	a2,s2
    c71e:	100c                	addi	a1,sp,32
    c720:	854e                	mv	a0,s3
    c722:	be1fc0ef          	jal	ra,9302 <_printf_i>
    c726:	bfc9                	j	c6f8 <_svfiprintf_r+0x238>

0000c728 <strncmp>:
    c728:	c215                	beqz	a2,c74c <strncmp+0x24>
    c72a:	167d                	addi	a2,a2,-1
    c72c:	4701                	li	a4,0
    c72e:	00e507b3          	add	a5,a0,a4
    c732:	00e586b3          	add	a3,a1,a4
    c736:	239c                	lbu	a5,0(a5)
    c738:	2294                	lbu	a3,0(a3)
    c73a:	00d79663          	bne	a5,a3,c746 <strncmp+0x1e>
    c73e:	00c70463          	beq	a4,a2,c746 <strncmp+0x1e>
    c742:	0705                	addi	a4,a4,1
    c744:	f7ed                	bnez	a5,c72e <strncmp+0x6>
    c746:	40d78533          	sub	a0,a5,a3
    c74a:	8082                	ret
    c74c:	4501                	li	a0,0
    c74e:	8082                	ret

0000c750 <__ascii_wctomb>:
    c750:	cd89                	beqz	a1,c76a <__ascii_wctomb+0x1a>
    c752:	0ff00793          	li	a5,255
    c756:	00c7f763          	bgeu	a5,a2,c764 <__ascii_wctomb+0x14>
    c75a:	08a00793          	li	a5,138
    c75e:	c11c                	sw	a5,0(a0)
    c760:	557d                	li	a0,-1
    c762:	8082                	ret
    c764:	a190                	sb	a2,0(a1)
    c766:	4505                	li	a0,1
    c768:	8082                	ret
    c76a:	4501                	li	a0,0
    c76c:	8082                	ret

0000c76e <memmove>:
    c76e:	04a5f163          	bgeu	a1,a0,c7b0 <memmove+0x42>
    c772:	00c586b3          	add	a3,a1,a2
    c776:	02d57d63          	bgeu	a0,a3,c7b0 <memmove+0x42>
    c77a:	fff64593          	not	a1,a2
    c77e:	4781                	li	a5,0
    c780:	17fd                	addi	a5,a5,-1
    c782:	00f59363          	bne	a1,a5,c788 <memmove+0x1a>
    c786:	8082                	ret
    c788:	00f68733          	add	a4,a3,a5
    c78c:	00074803          	lbu	a6,0(a4)
    c790:	00c78733          	add	a4,a5,a2
    c794:	972a                	add	a4,a4,a0
    c796:	01070023          	sb	a6,0(a4)
    c79a:	b7dd                	j	c780 <memmove+0x12>
    c79c:	00f58733          	add	a4,a1,a5
    c7a0:	2314                	lbu	a3,0(a4)
    c7a2:	00f50733          	add	a4,a0,a5
    c7a6:	0785                	addi	a5,a5,1
    c7a8:	a314                	sb	a3,0(a4)
    c7aa:	fef619e3          	bne	a2,a5,c79c <memmove+0x2e>
    c7ae:	8082                	ret
    c7b0:	4781                	li	a5,0
    c7b2:	bfe5                	j	c7aa <memmove+0x3c>

0000c7b4 <_realloc_r>:
    c7b4:	e581                	bnez	a1,c7bc <_realloc_r+0x8>
    c7b6:	85b2                	mv	a1,a2
    c7b8:	b32fc06f          	j	8aea <_malloc_r>
    c7bc:	1101                	addi	sp,sp,-32
    c7be:	cc22                	sw	s0,24(sp)
    c7c0:	ce06                	sw	ra,28(sp)
    c7c2:	ca26                	sw	s1,20(sp)
    c7c4:	c84a                	sw	s2,16(sp)
    c7c6:	c64e                	sw	s3,12(sp)
    c7c8:	8432                	mv	s0,a2
    c7ca:	ee01                	bnez	a2,c7e2 <_realloc_r+0x2e>
    c7cc:	a76fc0ef          	jal	ra,8a42 <_free_r>
    c7d0:	4901                	li	s2,0
    c7d2:	40f2                	lw	ra,28(sp)
    c7d4:	4462                	lw	s0,24(sp)
    c7d6:	854a                	mv	a0,s2
    c7d8:	44d2                	lw	s1,20(sp)
    c7da:	4942                	lw	s2,16(sp)
    c7dc:	49b2                	lw	s3,12(sp)
    c7de:	6105                	addi	sp,sp,32
    c7e0:	8082                	ret
    c7e2:	84ae                	mv	s1,a1
    c7e4:	89aa                	mv	s3,a0
    c7e6:	201d                	jal	c80c <_malloc_usable_size_r>
    c7e8:	8926                	mv	s2,s1
    c7ea:	fe8574e3          	bgeu	a0,s0,c7d2 <_realloc_r+0x1e>
    c7ee:	85a2                	mv	a1,s0
    c7f0:	854e                	mv	a0,s3
    c7f2:	af8fc0ef          	jal	ra,8aea <_malloc_r>
    c7f6:	892a                	mv	s2,a0
    c7f8:	dd69                	beqz	a0,c7d2 <_realloc_r+0x1e>
    c7fa:	85a6                	mv	a1,s1
    c7fc:	8622                	mv	a2,s0
    c7fe:	97aff0ef          	jal	ra,b978 <memcpy>
    c802:	85a6                	mv	a1,s1
    c804:	854e                	mv	a0,s3
    c806:	a3cfc0ef          	jal	ra,8a42 <_free_r>
    c80a:	b7e1                	j	c7d2 <_realloc_r+0x1e>

0000c80c <_malloc_usable_size_r>:
    c80c:	ffc5a783          	lw	a5,-4(a1)
    c810:	ffc78513          	addi	a0,a5,-4
    c814:	0007d563          	bgez	a5,c81e <_malloc_usable_size_r+0x12>
    c818:	95aa                	add	a1,a1,a0
    c81a:	419c                	lw	a5,0(a1)
    c81c:	953e                	add	a0,a0,a5
    c81e:	8082                	ret

0000c820 <__trunctfdf2>:
    c820:	00c52803          	lw	a6,12(a0)
    c824:	4118                	lw	a4,0(a0)
    c826:	4154                	lw	a3,4(a0)
    c828:	450c                	lw	a1,8(a0)
    c82a:	6521                	lui	a0,0x8
    c82c:	fff50793          	addi	a5,a0,-1 # 7fff <__mulsf3+0xc9>
    c830:	01085613          	srli	a2,a6,0x10
    c834:	00359e13          	slli	t3,a1,0x3
    c838:	8e7d                	and	a2,a2,a5
    c83a:	01d75893          	srli	a7,a4,0x1d
    c83e:	01d6d793          	srli	a5,a3,0x1d
    c842:	01081313          	slli	t1,a6,0x10
    c846:	068e                	slli	a3,a3,0x3
    c848:	1141                	addi	sp,sp,-16
    c84a:	01c7e7b3          	or	a5,a5,t3
    c84e:	0116e6b3          	or	a3,a3,a7
    c852:	01035313          	srli	t1,t1,0x10
    c856:	00371e13          	slli	t3,a4,0x3
    c85a:	00160893          	addi	a7,a2,1
    c85e:	1579                	addi	a0,a0,-2
    c860:	81f5                	srli	a1,a1,0x1d
    c862:	030e                	slli	t1,t1,0x3
    c864:	c43e                	sw	a5,8(sp)
    c866:	c236                	sw	a3,4(sp)
    c868:	c072                	sw	t3,0(sp)
    c86a:	00a8f533          	and	a0,a7,a0
    c86e:	01f85813          	srli	a6,a6,0x1f
    c872:	0065e5b3          	or	a1,a1,t1
    c876:	c905                	beqz	a0,c8a6 <__trunctfdf2+0x86>
    c878:	7771                	lui	a4,0xffffc
    c87a:	40070713          	addi	a4,a4,1024 # ffffc400 <_eusrstack+0xdfff7400>
    c87e:	963a                	add	a2,a2,a4
    c880:	7fe00713          	li	a4,2046
    c884:	04c75d63          	bge	a4,a2,c8de <__trunctfdf2+0xbe>
    c888:	7ff00613          	li	a2,2047
    c88c:	4701                	li	a4,0
    c88e:	4781                	li	a5,0
    c890:	0732                	slli	a4,a4,0xc
    c892:	0652                	slli	a2,a2,0x14
    c894:	8331                	srli	a4,a4,0xc
    c896:	087e                	slli	a6,a6,0x1f
    c898:	8f51                	or	a4,a4,a2
    c89a:	01076733          	or	a4,a4,a6
    c89e:	853e                	mv	a0,a5
    c8a0:	85ba                	mv	a1,a4
    c8a2:	0141                	addi	sp,sp,16
    c8a4:	8082                	ret
    c8a6:	8fd5                	or	a5,a5,a3
    c8a8:	8fcd                	or	a5,a5,a1
    c8aa:	01c7e7b3          	or	a5,a5,t3
    c8ae:	e205                	bnez	a2,c8ce <__trunctfdf2+0xae>
    c8b0:	cbf1                	beqz	a5,c984 <__trunctfdf2+0x164>
    c8b2:	4781                	li	a5,0
    c8b4:	4695                	li	a3,5
    c8b6:	0036d593          	srli	a1,a3,0x3
    c8ba:	00979713          	slli	a4,a5,0x9
    c8be:	01d79693          	slli	a3,a5,0x1d
    c8c2:	00b6e7b3          	or	a5,a3,a1
    c8c6:	8331                	srli	a4,a4,0xc
    c8c8:	7ff67613          	andi	a2,a2,2047
    c8cc:	b7d1                	j	c890 <__trunctfdf2+0x70>
    c8ce:	dfcd                	beqz	a5,c888 <__trunctfdf2+0x68>
    c8d0:	4801                	li	a6,0
    c8d2:	7ff00613          	li	a2,2047
    c8d6:	00080737          	lui	a4,0x80
    c8da:	4781                	li	a5,0
    c8dc:	bf55                	j	c890 <__trunctfdf2+0x70>
    c8de:	0ac04663          	bgtz	a2,c98a <__trunctfdf2+0x16a>
    c8e2:	fcc00793          	li	a5,-52
    c8e6:	0ef64f63          	blt	a2,a5,c9e4 <__trunctfdf2+0x1c4>
    c8ea:	03d00793          	li	a5,61
    c8ee:	40c78633          	sub	a2,a5,a2
    c8f2:	40565793          	srai	a5,a2,0x5
    c8f6:	00080737          	lui	a4,0x80
    c8fa:	8dd9                	or	a1,a1,a4
    c8fc:	00279513          	slli	a0,a5,0x2
    c900:	870a                	mv	a4,sp
    c902:	4681                	li	a3,0
    c904:	c62e                	sw	a1,12(sp)
    c906:	00a108b3          	add	a7,sp,a0
    c90a:	0711                	addi	a4,a4,4
    c90c:	8a7d                	andi	a2,a2,31
    c90e:	01c6e6b3          	or	a3,a3,t3
    c912:	01170963          	beq	a4,a7,c924 <__trunctfdf2+0x104>
    c916:	00072e03          	lw	t3,0(a4) # 80000 <_data_lma+0x70d84>
    c91a:	0711                	addi	a4,a4,4
    c91c:	01c6e6b3          	or	a3,a3,t3
    c920:	ff171be3          	bne	a4,a7,c916 <__trunctfdf2+0xf6>
    c924:	470d                	li	a4,3
    c926:	8f1d                	sub	a4,a4,a5
    c928:	ca79                	beqz	a2,c9fe <__trunctfdf2+0x1de>
    c92a:	01010893          	addi	a7,sp,16
    c92e:	98aa                	add	a7,a7,a0
    c930:	ff08a883          	lw	a7,-16(a7) # fff0 <_data_lma+0xd74>
    c934:	02000e13          	li	t3,32
    c938:	40ce0e33          	sub	t3,t3,a2
    c93c:	01c898b3          	sll	a7,a7,t3
    c940:	0116e6b3          	or	a3,a3,a7
    c944:	cb75                	beqz	a4,ca38 <__trunctfdf2+0x218>
    c946:	070a                	slli	a4,a4,0x2
    c948:	950a                	add	a0,a0,sp
    c94a:	00e10eb3          	add	t4,sp,a4
    c94e:	888a                	mv	a7,sp
    c950:	410c                	lw	a1,0(a0)
    c952:	00452303          	lw	t1,4(a0)
    c956:	0891                	addi	a7,a7,4
    c958:	00c5d5b3          	srl	a1,a1,a2
    c95c:	01c31333          	sll	t1,t1,t3
    c960:	0065e5b3          	or	a1,a1,t1
    c964:	feb8ae23          	sw	a1,-4(a7)
    c968:	0511                	addi	a0,a0,4
    c96a:	ff1e93e3          	bne	t4,a7,c950 <__trunctfdf2+0x130>
    c96e:	4591                	li	a1,4
    c970:	40f587b3          	sub	a5,a1,a5
    c974:	45b2                	lw	a1,12(sp)
    c976:	0808                	addi	a0,sp,16
    c978:	972a                	add	a4,a4,a0
    c97a:	00c5d5b3          	srl	a1,a1,a2
    c97e:	feb72823          	sw	a1,-16(a4)
    c982:	a861                	j	ca1a <__trunctfdf2+0x1fa>
    c984:	4601                	li	a2,0
    c986:	4701                	li	a4,0
    c988:	b721                	j	c890 <__trunctfdf2+0x70>
    c98a:	00469713          	slli	a4,a3,0x4
    c98e:	00479513          	slli	a0,a5,0x4
    c992:	01c76733          	or	a4,a4,t3
    c996:	82f1                	srli	a3,a3,0x1c
    c998:	83f1                	srli	a5,a5,0x1c
    c99a:	0592                	slli	a1,a1,0x4
    c99c:	00e03733          	snez	a4,a4
    c9a0:	8ec9                	or	a3,a3,a0
    c9a2:	8fcd                	or	a5,a5,a1
    c9a4:	8ed9                	or	a3,a3,a4
    c9a6:	0076f713          	andi	a4,a3,7
    c9aa:	c711                	beqz	a4,c9b6 <__trunctfdf2+0x196>
    c9ac:	00f6f713          	andi	a4,a3,15
    c9b0:	4591                	li	a1,4
    c9b2:	02b71c63          	bne	a4,a1,c9ea <__trunctfdf2+0x1ca>
    c9b6:	00800737          	lui	a4,0x800
    c9ba:	8f7d                	and	a4,a4,a5
    c9bc:	ee070de3          	beqz	a4,c8b6 <__trunctfdf2+0x96>
    c9c0:	0605                	addi	a2,a2,1
    c9c2:	7ff00713          	li	a4,2047
    c9c6:	ece601e3          	beq	a2,a4,c888 <__trunctfdf2+0x68>
    c9ca:	ff800737          	lui	a4,0xff800
    c9ce:	177d                	addi	a4,a4,-1
    c9d0:	8f7d                	and	a4,a4,a5
    c9d2:	01d71793          	slli	a5,a4,0x1d
    c9d6:	828d                	srli	a3,a3,0x3
    c9d8:	0726                	slli	a4,a4,0x9
    c9da:	7ff67613          	andi	a2,a2,2047
    c9de:	8fd5                	or	a5,a5,a3
    c9e0:	8331                	srli	a4,a4,0xc
    c9e2:	b57d                	j	c890 <__trunctfdf2+0x70>
    c9e4:	4685                	li	a3,1
    c9e6:	4781                	li	a5,0
    c9e8:	4601                	li	a2,0
    c9ea:	ffc6b713          	sltiu	a4,a3,-4
    c9ee:	00174713          	xori	a4,a4,1
    c9f2:	97ba                	add	a5,a5,a4
    c9f4:	00800737          	lui	a4,0x800
    c9f8:	0691                	addi	a3,a3,4
    c9fa:	8f7d                	and	a4,a4,a5
    c9fc:	b7c1                	j	c9bc <__trunctfdf2+0x19c>
    c9fe:	858a                	mv	a1,sp
    ca00:	00a588b3          	add	a7,a1,a0
    ca04:	0008a883          	lw	a7,0(a7)
    ca08:	0591                	addi	a1,a1,4
    ca0a:	0605                	addi	a2,a2,1
    ca0c:	ff15ae23          	sw	a7,-4(a1)
    ca10:	fec758e3          	bge	a4,a2,ca00 <__trunctfdf2+0x1e0>
    ca14:	4711                	li	a4,4
    ca16:	40f707b3          	sub	a5,a4,a5
    ca1a:	078a                	slli	a5,a5,0x2
    ca1c:	978a                	add	a5,a5,sp
    ca1e:	0818                	addi	a4,sp,16
    ca20:	0007a023          	sw	zero,0(a5)
    ca24:	0791                	addi	a5,a5,4
    ca26:	fee79de3          	bne	a5,a4,ca20 <__trunctfdf2+0x200>
    ca2a:	4702                	lw	a4,0(sp)
    ca2c:	00d036b3          	snez	a3,a3
    ca30:	4792                	lw	a5,4(sp)
    ca32:	8ed9                	or	a3,a3,a4
    ca34:	4601                	li	a2,0
    ca36:	bf85                	j	c9a6 <__trunctfdf2+0x186>
    ca38:	4785                	li	a5,1
    ca3a:	4701                	li	a4,0
    ca3c:	bf2d                	j	c976 <__trunctfdf2+0x156>
    ca3e:	0000                	unimp
    ca40:	0000                	unimp
    ca42:	42a0                	lw	s0,64(a3)
    ca44:	0000                	unimp
    ca46:	41f0                	lw	a2,68(a1)
    ca48:	0000                	unimp
    ca4a:	0000                	unimp
    ca4c:	0000                	unimp
    ca4e:	3f30                	lbu	a2,27(a4)
    ca50:	0000                	unimp
    ca52:	0000                	unimp
    ca54:	0000                	unimp
    ca56:	3ff0                	lbu	a2,31(a5)
    ca58:	99e6                	add	s3,s3,s9
    ca5a:	e8ba                	fsw	fa4,80(sp)
    ca5c:	bae4bd83          	0xbae4bd83
    ca60:	e795                	bnez	a5,ca8c <__trunctfdf2+0x26c>
    ca62:	ade8969b          	0xade8969b
    ca66:	e6a6                	fsw	fs1,76(sp)
    ca68:	a58a                	sh	a0,8(a1)
    ca6a:	e7bbb3e7          	0xe7bbb3e7
    ca6e:	00009fbb          	0x9fbb
    ca72:	0000                	unimp
    ca74:	8ae8                	0x8ae8
    ca76:	ab81e7af          	0xab81e7af
    ca7a:	bee5                	j	c672 <_svfiprintf_r+0x1b2>
    ca7c:	e981                	bnez	a1,ca8c <__trunctfdf2+0x26c>
    ca7e:	9480                	0x9480
    ca80:	e42c                	fsw	fa1,72(s0)
    ca82:	a0bd                	j	caf0 <__trunctfdf2+0x2d0>
    ca84:	a5e5                	j	d16c <ascii_2412+0x2c0>
    ca86:	e6bd                	bnez	a3,caf4 <__trunctfdf2+0x2d4>
    ca88:	b8ac                	sb	a1,19(s1)
    ca8a:	93e5                	srli	a5,a5,0x39
    ca8c:	008e                	slli	ra,ra,0x3
    ca8e:	0000                	unimp
    ca90:	3032                	lhu	a2,34(s0)
    ca92:	3532                	lhu	a2,42(a0)
    ca94:	e52c                	fsw	fa1,72(a0)
    ca96:	8cb5                	xor	s1,s1,a3
    ca98:	85e5                	srai	a1,a1,0x19
    ca9a:	e5a5                	bnez	a1,cb02 <__trunctfdf2+0x2e2>
    ca9c:	8fbc                	0x8fbc
    ca9e:	a4e5                	j	cd86 <__trunctfdf2+0x566>
    caa0:	9bb5e8a7          	0x9bb5e8a7
    caa4:	0000                	unimp
    caa6:	0000                	unimp
    caa8:	80e5                	srli	s1,s1,0x19
    caaa:	e6be                	fsw	fa5,76(sp)
    caac:	9c96                	add	s9,s9,t0
    caae:	a7e8                	sb	a0,14(a5)
    cab0:	e592                	fsw	ft4,200(sp)
    cab2:	a6ba                	sh	a4,10(a3)
    cab4:	253a                	lhu	a4,10(a0)
    cab6:	66322e33          	0x66322e33
    caba:	b0c2                	sh	s0,36(s1)
    cabc:	0000                	unimp
    cabe:	0000                	unimp
    cac0:	514d                	li	sp,-13
    cac2:	345f 565f 6c61      	0x6c61565f345f
    cac8:	6575                	lui	a0,0x1d
    caca:	253a                	lhu	a4,10(a0)
    cacc:	66322e33          	0x66322e33
    cad0:	2525                	jal	d0f8 <ascii_2412+0x24c>
    cad2:	0000                	unimp
    cad4:	6142                	flw	ft2,16(sp)
    cad6:	7474                	flw	fa3,108(s0)
    cad8:	7265                	lui	tp,0xffff9
    cada:	5f79                	li	t5,-2
    cadc:	6156                	flw	ft2,84(sp)
    cade:	756c                	flw	fa1,108(a0)
    cae0:	3a65                	jal	c498 <__ssputs_r+0xb8>
    cae2:	3325                	jal	c80a <_realloc_r+0x56>
    cae4:	2564                	lbu	s1,14(a0)
    cae6:	0025                	c.nop	9
    cae8:	65746157          	0x65746157
    caec:	5f72                	lw	t5,60(sp)
    caee:	74617453          	0x74617453
    caf2:	3a65                	jal	c4aa <__ssputs_r+0xca>
    caf4:	7325                	lui	t1,0xfffe9
    caf6:	0000                	unimp
    caf8:	4148                	lw	a0,4(a0)
    cafa:	4c4c                	lw	a1,28(s0)
    cafc:	535f 6174 6574      	0x65746174535f
    cb02:	253a                	lhu	a4,10(a0)
    cb04:	00000073          	ecall
    cb08:	b852                	sh	a2,52(s0)
    cb0a:	3f7e                	lhu	a5,62(a4)
    cb0c:	d70a                	sw	sp,172(sp)
    cb0e:	00003ba3          	0x3ba3
    cb12:	3f80                	lbu	s0,25(a5)
    cb14:	f000                	fsw	fs0,32(s0)
    cb16:	457f                	0x457f
    cb18:	0000                	unimp
    cb1a:	42c8                	lw	a0,4(a3)
    cb1c:	40533333          	0x40533333
    cb20:	6666                	flw	fa2,88(sp)
    cb22:	4086                	lw	ra,64(sp)
    cb24:	0000                	unimp
    cb26:	4080                	lw	s0,0(s1)
    cb28:	6666                	flw	fa2,88(sp)
    cb2a:	4066                	0x4066
    cb2c:	0000                	unimp
    cb2e:	4248                	lw	a0,4(a2)
    cb30:	cccd                	beqz	s1,cbea <__trunctfdf2+0x3ca>
    cb32:	3ecc                	lbu	a1,29(a3)
    cb34:	0000                	unimp
    cb36:	4220                	lw	s0,64(a2)
    cb38:	0000                	unimp
    cb3a:	4040                	lw	s0,4(s0)
    cb3c:	999a                	add	s3,s3,t1
    cb3e:	3f19                	jal	ca54 <__trunctfdf2+0x234>
    cb40:	0000                	unimp
    cb42:	0000                	unimp
    cb44:	0000                	unimp
    cb46:	3fe0                	lbu	s0,31(a5)
    cb48:	0000                	unimp
    cb4a:	0000                	unimp
    cb4c:	0000                	unimp
    cb4e:	405e                	0x405e
    cb50:	0000                	unimp
    cb52:	0000                	unimp
    cb54:	0000                	unimp
    cb56:	4059                	c.li	zero,22
    cb58:	0000                	unimp
    cb5a:	0000                	unimp
    cb5c:	0000                	unimp
    cb5e:	4044                	lw	s1,4(s0)
    cb60:	65666153          	0x65666153
    cb64:	7974                	flw	fa3,116(a0)
    cb66:	0000                	unimp
    cb68:	6c41                	lui	s8,0x10
    cb6a:	7265                	lui	tp,0xffff9
    cb6c:	2174                	lbu	a3,6(a0)
    cb6e:	0000                	unimp
    cb70:	0000                	unimp
    cb72:	4120                	lw	s0,64(a0)
    cb74:	d70a                	sw	sp,172(sp)
    cb76:	33333c23          	0x33333c23
    cb7a:	4265                	li	tp,25
    cb7c:	0000                	unimp
    cb7e:	c000                	sw	s0,0(s0)
    cb80:	0000                	unimp
    cb82:	6000                	flw	fs0,0(s0)
    cb84:	a666                	sh	s1,14(a2)
    cb86:	404c                	lw	a1,4(s0)
    cb88:	2476                	lhu	a3,14(s0)
    cb8a:	0000                	unimp
    cb8c:	2492                	lhu	a2,8(s1)
    cb8e:	0000                	unimp
    cb90:	24ae                	lhu	a1,10(s1)
    cb92:	0000                	unimp
    cb94:	24ca                	lhu	a0,12(s1)
    cb96:	0000                	unimp
    cb98:	24e6                	lhu	s1,14(s1)
    cb9a:	0000                	unimp
    cb9c:	25b0                	lbu	a2,10(a1)
    cb9e:	0000                	unimp
    cba0:	25be                	lhu	a5,10(a1)
    cba2:	0000                	unimp
    cba4:	25c4                	lbu	s1,12(a1)
    cba6:	0000                	unimp
    cba8:	2550                	lbu	a2,12(a0)
    cbaa:	0000                	unimp
    cbac:	25ca                	lhu	a0,12(a1)
    cbae:	0000                	unimp
    cbb0:	2550                	lbu	a2,12(a0)
    cbb2:	0000                	unimp
    cbb4:	25d2                	lhu	a2,12(a1)
    cbb6:	0000                	unimp
    cbb8:	2550                	lbu	a2,12(a0)
    cbba:	0000                	unimp
    cbbc:	25da                	lhu	a4,12(a1)
    cbbe:	0000                	unimp
    cbc0:	5441                	li	s0,-16
    cbc2:	0a0d                	addi	s4,s4,3
    cbc4:	0000                	unimp
    cbc6:	0000                	unimp
    cbc8:	5441                	li	s0,-16
    cbca:	5546432b          	0x5546432b
    cbce:	3d4e                	lhu	a1,60(a0)
    cbd0:	0d31                	addi	s10,s10,12
    cbd2:	000a                	c.slli	zero,0x2
    cbd4:	5441                	li	s0,-16
    cbd6:	4552432b          	0x4552432b
    cbda:	0d313d47          	0xd313d47
    cbde:	000a                	c.slli	zero,0x2
    cbe0:	5441                	li	s0,-16
    cbe2:	5350472b          	0x5350472b
    cbe6:	4452                	lw	s0,20(sp)
    cbe8:	353d                	jal	ca16 <__trunctfdf2+0x1f6>
    cbea:	0a0d                	addi	s4,s4,3
    cbec:	0000                	unimp
    cbee:	0000                	unimp
    cbf0:	5441                	li	s0,-16
    cbf2:	5350472b          	0x5350472b
    cbf6:	313d                	jal	c824 <__trunctfdf2+0x4>
    cbf8:	0a0d                	addi	s4,s4,3
    cbfa:	0000                	unimp
    cbfc:	5441                	li	s0,-16
    cbfe:	4d43452b          	0x4d43452b
    cc02:	4354                	lw	a3,4(a4)
    cc04:	4746                	lw	a4,80(sp)
    cc06:	3d20                	lbu	s0,27(a0)
    cc08:	6322                	flw	ft6,8(sp)
    cc0a:	6f6c                	flw	fa1,92(a4)
    cc0c:	6475                	lui	s0,0x1d
    cc0e:	2c22                	lhu	s0,26(s0)
    cc10:	2c30                	lbu	a2,26(s0)
    cc12:	2c34                	lbu	a3,26(s0)
    cc14:	0d31                	addi	s10,s10,12
    cc16:	000a                	c.slli	zero,0x2
    cc18:	5441                	li	s0,-16
    cc1a:	4d43452b          	0x4d43452b
    cc1e:	4f54                	lw	a3,28(a4)
    cc20:	4550                	lw	a2,12(a0)
    cc22:	3d4e                	lhu	a1,60(a0)
    cc24:	2c30                	lbu	a2,26(s0)
    cc26:	7322                	flw	ft6,40(sp)
    cc28:	2d68                	lbu	a0,30(a0)
    cc2a:	2d31                	jal	d246 <ascii_2412+0x39a>
    cc2c:	716d                	addi	sp,sp,-272
    cc2e:	7474                	flw	fa3,108(s0)
    cc30:	692e                	flw	fs2,200(sp)
    cc32:	612d746f          	jal	s0,e4244 <_data_lma+0xd4fc8>
    cc36:	6970                	flw	fa2,84(a0)
    cc38:	632e                	flw	ft6,200(sp)
    cc3a:	2c226d6f          	jal	s10,32efc <_data_lma+0x23c80>
    cc3e:	3831                	jal	c45a <__ssputs_r+0x7a>
    cc40:	3338                	lbu	a4,3(a4)
    cc42:	0a0d                	addi	s4,s4,3
    cc44:	0000                	unimp
    cc46:	0000                	unimp
    cc48:	5441                	li	s0,-16
    cc4a:	4d43452b          	0x4d43452b
    cc4e:	4354                	lw	a3,4(a4)
    cc50:	3d4e4e4f          	0x3d4e4e4f
    cc54:	2c30                	lbu	a2,26(s0)
    cc56:	2022                	lhu	s0,2(s0)
    cc58:	2c22                	lhu	s0,26(s0)
    cc5a:	7922                	flw	fs2,40(sp)
    cc5c:	7275                	lui	tp,0xffffd
    cc5e:	3878                	lbu	a4,23(s0)
    cc60:	7661                	lui	a2,0xffff8
    cc62:	746b3873          	csrrc	a6,0x746,s6
    cc66:	7430                	flw	fa2,104(s0)
    cc68:	3175                	jal	c914 <__trunctfdf2+0xf4>
    cc6a:	2276                	lhu	a3,6(a2)
    cc6c:	222c                	lbu	a1,2(a2)
    cc6e:	6d4a                	flw	fs10,144(sp)
    cc70:	3334                	lbu	a3,3(a4)
    cc72:	4851                	li	a6,20
    cc74:	4a30                	lw	a2,80(a2)
    cc76:	4d34                	lw	a3,88(a0)
    cc78:	0d22                	slli	s10,s10,0x8
    cc7a:	000a                	c.slli	zero,0x2
    cc7c:	4724                	lw	s1,72(a4)
    cc7e:	524e                	lw	tp,240(sp)
    cc80:	434d                	li	t1,19
    cc82:	0000                	unimp
    cc84:	0000                	unimp
    cc86:	0000                	unimp
    cc88:	33333333          	0x33333333
    cc8c:	3fe33333          	0x3fe33333
    cc90:	4d43452b          	0x4d43452b
    cc94:	5254                	lw	a3,36(a2)
    cc96:	4345                	li	t1,17
    cc98:	3a56                	lhu	a3,52(a2)
    cc9a:	3020                	lbu	s0,3(s0)
    cc9c:	302c                	lbu	a1,3(s0)
    cc9e:	222c                	lbu	a1,2(a2)
    cca0:	7461                	lui	s0,0xffff8
    cca2:	7274                	flw	fa3,100(a2)
    cca4:	6269                	lui	tp,0x1a
    cca6:	7475                	lui	s0,0xffffd
    cca8:	7365                	lui	t1,0xffff9
    ccaa:	7375702f          	0x7375702f
    ccae:	2268                	lbu	a0,6(a2)
    ccb0:	7b2c                	flw	fa1,112(a4)
    ccb2:	6b22                	flw	fs6,8(sp)
    ccb4:	7965                	lui	s2,0xffff9
    ccb6:	3a22                	lhu	s0,50(a2)
    ccb8:	0000                	unimp
    ccba:	0000                	unimp
    ccbc:	6b22                	flw	fs6,8(sp)
    ccbe:	7965                	lui	s2,0xffff9
    ccc0:	3a22                	lhu	s0,50(a2)
    ccc2:	0031                	c.nop	12
    ccc4:	6b22                	flw	fs6,8(sp)
    ccc6:	7965                	lui	s2,0xffff9
    ccc8:	3a22                	lhu	s0,50(a2)
    ccca:	0030                	addi	a2,sp,8
    cccc:	5441                	li	s0,-16
    ccce:	4d43452b          	0x4d43452b
    ccd2:	5054                	lw	a3,36(s0)
    ccd4:	4255                	li	tp,21
    ccd6:	303d                	jal	c504 <_svfiprintf_r+0x44>
    ccd8:	312c                	lbu	a1,3(a0)
    ccda:	312c                	lbu	a1,3(a0)
    ccdc:	302c                	lbu	a1,3(s0)
    ccde:	222c                	lbu	a1,2(a2)
    cce0:	7461                	lui	s0,0xffff8
    cce2:	7274                	flw	fa3,100(a2)
    cce4:	6269                	lui	tp,0x1a
    cce6:	7475                	lui	s0,0xffffd
    cce8:	7365                	lui	t1,0xffff9
    ccea:	2c22                	lhu	s0,26(s0)
    ccec:	7b22                	flw	fs6,40(sp)
    ccee:	4722                	lw	a4,8(sp)
    ccf0:	5350                	lw	a2,36(a4)
    ccf2:	6954                	flw	fa3,20(a0)
    ccf4:	656d                	lui	a0,0x1b
    ccf6:	3a22                	lhu	s0,50(a2)
    ccf8:	2522                	lhu	s0,10(a0)
    ccfa:	3430                	lbu	a2,11(s0)
    ccfc:	e564                	fsw	fs1,76(a0)
    ccfe:	b4b9                	j	c74c <strncmp+0x24>
    cd00:	3025                	jal	c528 <_svfiprintf_r+0x68>
    cd02:	6432                	flw	fs0,12(sp)
    cd04:	9ce6                	add	s9,s9,s9
    cd06:	2588                	lbu	a0,8(a1)
    cd08:	3230                	lbu	a2,3(a2)
    cd0a:	e664                	fsw	fs1,76(a2)
    cd0c:	3025a597          	auipc	a1,0x3025a
    cd10:	6432                	flw	fs0,12(sp)
    cd12:	253a                	lhu	a4,10(a0)
    cd14:	3230                	lbu	a2,3(a2)
    cd16:	3a64                	lbu	s1,23(a2)
    cd18:	3025                	jal	c540 <_svfiprintf_r+0x80>
    cd1a:	6432                	flw	fs0,12(sp)
    cd1c:	2c22                	lhu	s0,26(s0)
    cd1e:	6c22                	flw	fs8,8(sp)
    cd20:	7461636f          	jal	t1,23466 <_data_lma+0x141ea>
    cd24:	6f69                	lui	t5,0x1a
    cd26:	226e                	lhu	a1,6(a2)
    cd28:	7b3a                	flw	fs6,172(sp)
    cd2a:	6c22                	flw	fs8,8(sp)
    cd2c:	7461                	lui	s0,0xffff8
    cd2e:	3a22                	lhu	s0,50(a2)
    cd30:	3325                	jal	ca58 <__trunctfdf2+0x238>
    cd32:	362e                	lhu	a1,42(a2)
    cd34:	2c66                	lhu	s1,30(s0)
    cd36:	6c22                	flw	fs8,8(sp)
    cd38:	676e                	flw	fa4,216(sp)
    cd3a:	3a22                	lhu	s0,50(a2)
    cd3c:	3325                	jal	ca64 <__trunctfdf2+0x244>
    cd3e:	362e                	lhu	a1,42(a2)
    cd40:	7d66                	flw	fs10,120(sp)
    cd42:	222c                	lbu	a1,2(a2)
    cd44:	53535047          	fmsub.d	ft0,ft6,fs5,fa0,unknown
    cd48:	6174                	flw	fa3,68(a0)
    cd4a:	6574                	flw	fa3,76(a0)
    cd4c:	3a22                	lhu	s0,50(a2)
    cd4e:	2522                	lhu	s0,10(a0)
    cd50:	222c2273          	csrrs	tp,0x222,s8
    cd54:	65746157          	0x65746157
    cd58:	5372                	lw	t1,60(sp)
    cd5a:	6174                	flw	fa3,68(a0)
    cd5c:	6574                	flw	fa3,76(a0)
    cd5e:	3a22                	lhu	s0,50(a2)
    cd60:	2522                	lhu	s0,10(a0)
    cd62:	222c2273          	csrrs	tp,0x222,s8
    cd66:	22736147          	fmsub.d	ft2,ft6,ft7,ft4,unknown
    cd6a:	253a                	lhu	a4,10(a0)
    cd6c:	66322e33          	0x66322e33
    cd70:	222c                	lbu	a1,2(a2)
    cd72:	6564                	flw	fs1,76(a0)
    cd74:	65657267          	0x65657267
    cd78:	253a2273          	csrrs	tp,0x253,s4
    cd7c:	66322e33          	0x66322e33
    cd80:	222c                	lbu	a1,2(a2)
    cd82:	6c65                	lui	s8,0x19
    cd84:	6365                	lui	t1,0x19
    cd86:	3a22                	lhu	s0,50(a2)
    cd88:	6425                	lui	s0,0x9
    cd8a:	222c                	lbu	a1,2(a2)
    cd8c:	2279656b          	0x2279656b
    cd90:	253a                	lhu	a4,10(a0)
    cd92:	7d64                	flw	fs1,124(a0)
    cd94:	0d22                	slli	s10,s10,0x8
    cd96:	000a                	c.slli	zero,0x2
    cd98:	7222                	flw	ft4,40(sp)
    cd9a:	7365                	lui	t1,0xffff9
    cd9c:	6c75                	lui	s8,0x1d
    cd9e:	2274                	lbu	a3,6(a2)
    cda0:	003a                	c.slli	zero,0xe
    cda2:	0000                	unimp
    cda4:	6522                	flw	fa0,8(sp)
    cda6:	7272                	flw	ft4,60(sp)
    cda8:	65646f63          	bltu	s0,s6,d406 <ascii_2412+0x55a>
    cdac:	3a22                	lhu	s0,50(a2)
    cdae:	3034                	lbu	a3,3(s0)
    cdb0:	00000033          	add	zero,zero,zero
    cdb4:	5441                	li	s0,-16
    cdb6:	4d43452b          	0x4d43452b
    cdba:	5354                	lw	a3,36(a4)
    cdbc:	4255                	li	tp,21
    cdbe:	303d                	jal	c5ec <_svfiprintf_r+0x12c>
    cdc0:	312c                	lbu	a1,3(a0)
    cdc2:	222c                	lbu	a1,2(a2)
    cdc4:	7461                	lui	s0,0xffff8
    cdc6:	7274                	flw	fa3,100(a2)
    cdc8:	6269                	lui	tp,0x1a
    cdca:	7475                	lui	s0,0xffffd
    cdcc:	7365                	lui	t1,0xffff9
    cdce:	2c22                	lhu	s0,26(s0)
    cdd0:	0d31                	addi	s10,s10,12
    cdd2:	000a                	c.slli	zero,0x2
    cdd4:	5441                	li	s0,-16
    cdd6:	4d43452b          	0x4d43452b
    cdda:	5354                	lw	a3,36(a4)
    cddc:	4255                	li	tp,21
    cdde:	303d                	jal	c60c <_svfiprintf_r+0x14c>
    cde0:	312c                	lbu	a1,3(a0)
    cde2:	222c                	lbu	a1,2(a2)
    cde4:	7461                	lui	s0,0xffff8
    cde6:	7274                	flw	fa3,100(a2)
    cde8:	6269                	lui	tp,0x1a
    cdea:	7475                	lui	s0,0xffffd
    cdec:	7365                	lui	t1,0xffff9
    cdee:	7365722f          	0x7365722f
    cdf2:	6f70                	flw	fa2,92(a4)
    cdf4:	736e                	flw	ft6,248(sp)
    cdf6:	2265                	jal	cf9e <ascii_2412+0xf2>
    cdf8:	312c                	lbu	a1,3(a0)
    cdfa:	0a0d                	addi	s4,s4,3
    cdfc:	0000                	unimp
    cdfe:	0000                	unimp
    ce00:	5441                	li	s0,-16
    ce02:	4d43452b          	0x4d43452b
    ce06:	5354                	lw	a3,36(a4)
    ce08:	4255                	li	tp,21
    ce0a:	303d                	jal	c638 <_svfiprintf_r+0x178>
    ce0c:	312c                	lbu	a1,3(a0)
    ce0e:	222c                	lbu	a1,2(a2)
    ce10:	7461                	lui	s0,0xffff8
    ce12:	7274                	flw	fa3,100(a2)
    ce14:	6269                	lui	tp,0x1a
    ce16:	7475                	lui	s0,0xffffd
    ce18:	7365                	lui	t1,0xffff9
    ce1a:	7375702f          	0x7375702f
    ce1e:	2268                	lbu	a0,6(a2)
    ce20:	312c                	lbu	a1,3(a0)
    ce22:	0a0d                	addi	s4,s4,3
    ce24:	0000                	unimp
    ce26:	0000                	unimp
    ce28:	4d43452b          	0x4d43452b
    ce2c:	4454                	lw	a3,12(s0)
    ce2e:	5349                	li	t1,-14
    ce30:	30203a43          	fmadd.s	fs4,ft0,ft2,ft6,rup
    ce34:	302c                	lbu	a1,3(s0)
    ce36:	0000                	unimp
    ce38:	4d43452b          	0x4d43452b
    ce3c:	4354                	lw	a3,4(a4)
    ce3e:	3a4e4e4f          	fnmadd.d	ft8,ft8,ft4,ft7,rmm
    ce42:	3020                	lbu	s0,3(s0)
    ce44:	302c                	lbu	a1,3(s0)
    ce46:	302c                	lbu	a1,3(s0)
    ce48:	0000                	unimp
    ce4a:	0000                	unimp
    ce4c:	4d43452b          	0x4d43452b
    ce50:	4f54                	lw	a3,28(a4)
    ce52:	4550                	lw	a2,12(a0)
    ce54:	3a4e                	lhu	a1,52(a2)
    ce56:	3020                	lbu	s0,3(s0)
    ce58:	302c                	lbu	a1,3(s0)
    ce5a:	0000                	unimp
    ce5c:	00004b4f          	fnmadd.s	fs6,ft0,ft0,ft0,rmm
    ce60:	0046464f          	fnmadd.s	fa2,fa2,ft4,ft0,rmm
    ce64:	00004e4f          	fnmadd.s	ft8,ft0,ft0,ft0,rmm
    ce68:	cccd                	beqz	s1,cf22 <ascii_2412+0x76>
    ce6a:	411c                	lw	a5,0(a0)
    ce6c:	0000                	unimp
    ce6e:	3880                	lbu	s0,17(s1)
    ce70:	0000                	unimp
    ce72:	43fa                	lw	t2,156(sp)
    ce74:	0000                	unimp
    ce76:	3780                	lbu	s0,9(a5)
    ce78:	0000                	unimp
    ce7a:	3d7a                	lhu	a4,62(a0)
    ce7c:	0000                	unimp
    ce7e:	3dfa                	lhu	a4,62(a1)
    ce80:	0000                	unimp
    ce82:	3e7a                	lhu	a4,62(a2)
    ce84:	0000                	unimp
    ce86:	3efa                	lhu	a4,62(a3)
    ce88:	0000                	unimp
    ce8a:	39f2                	lhu	a2,54(a1)
    ce8c:	0000                	unimp
    ce8e:	3a7a                	lhu	a4,54(a2)
    ce90:	0000                	unimp
    ce92:	3afa                	lhu	a4,54(a3)
    ce94:	0000                	unimp
    ce96:	3b7a                	lhu	a4,54(a4)
    ce98:	0000                	unimp
    ce9a:	3bfa                	lhu	a4,54(a5)
    ce9c:	0000                	unimp
    ce9e:	3c7a                	lhu	a4,62(s0)
    cea0:	0000                	unimp
    cea2:	3cfa                	lhu	a4,62(s1)
    cea4:	6e726157          	0x6e726157
    cea8:	2020                	lbu	s0,2(s0)
	...

0000ceac <ascii_2412>:
	...
    cee4:	0060 0060 0060 0060 0060 0060 0060 0040     `.`.`.`.`.`.`.@.
    cef4:	0020 0020 0020 0000 0000 0000 0060 0060      . . .......`.`.
    cf04:	0060 0000 0000 0000 0000 0000 0660 0660     `...........`.`.
    cf14:	0330 0198 0088 0044 0000 0000 0000 0000     0.....D.........
	...
    cf44:	0210 0210 0210 0210 07fe 07fe 0208 0108     ................
    cf54:	0108 0108 0108 07fe 07fe 0104 0104 0104     ................
    cf64:	0104 0000 0000 0000 0000 0000 0000 0040     ..............@.
    cf74:	0040 01f0 0358 034c 03cc 004c 0058 0070     @...X.L...L.X.p.
    cf84:	00e0 01c0 01c0 0340 034c 035c 034c 0148     ......@.L.\.L.H.
    cf94:	00f0 0040 0040 0000 0000 0000 0000 0000     ..@.@...........
    cfa4:	010e 010a 0091 0091 0091 0051 0051 003a     ..........Q.Q.:.
    cfb4:	03ae 02a0 0450 0450 0448 0448 0448 0284     ....P.P.H.H.H...
    cfc4:	0384 0000 0000 0000 0000 0000 0000 0000     ................
    cfd4:	0038 006c 006c 006c 006c 006c 002c 0798     8.l.l.l.l.l.,...
    cfe4:	011c 011a 0133 0133 0163 00e3 08c3 09c6     ....3.3.c.......
    cff4:	073c 0000 0000 0000 0000 0000 000c 001c     <...............
    d004:	0010 0010 0008 0004 0000 0000 0000 0000     ................
	...
    d030:	0400 0200 0100 0080 0080 0040 0040 0020     ..........@.@. .
    d040:	0020 0020 0020 0020 0020 0020 0040 0040      . . . . . .@.@.
    d050:	0080 0080 0100 0200 0400 0000 0000 0000     ................
    d060:	0002 0004 0008 0010 0010 0020 0020 0040     .......... . .@.
    d070:	0040 0040 0040 0040 0040 0040 0020 0020     @.@.@.@.@.@. . .
    d080:	0010 0010 0008 0004 0002 0000 0000 0000     ................
	...
    d098:	0040 00c0 0040 0c46 0f4e 01d0 01f0 0f5e     @...@.F.N.....^.
    d0a8:	0c46 0040 0040 0040 0000 0000 0000 0000     F.@.@.@.........
	...
    d0c8:	0000 0040 0040 0040 0040 0040 0ffe 0040     ..@.@.@.@.@...@.
    d0d8:	0040 0040 0040 0040 0000 0000 0000 0000     @.@.@.@.........
	...
    d110:	000c 001c 0010 0010 0008 0004 0000 0000     ................
	...
    d134:	07fe 0000 0000 0000 0000 0000 0000 0000     ................
	...
    d170:	001c 001c 001c 0000 0000 0000 0000 0000     ................
    d180:	0400 0600 0200 0300 0100 0100 0080 0080     ................
    d190:	0040 0040 0060 0020 0020 0010 0010 0008     @.@.`. . .......
    d1a0:	0008 000c 0004 0006 0002 0000 0000 0000     ................
    d1b0:	0000 0000 0000 00f0 0198 030c 030c 0606     ................
    d1c0:	0606 0606 0606 0606 0606 0606 0606 030c     ................
    d1d0:	030c 0198 00f0 0000 0000 0000 0000 0000     ................
    d1e0:	0000 0000 0000 0040 007c 0060 0060 0060     ......@.|.`.`.`.
    d1f0:	0060 0060 0060 0060 0060 0060 0060 0060     `.`.`.`.`.`.`.`.
    d200:	0060 0060 03fc 0000 0000 0000 0000 0000     `.`.............
    d210:	0000 0000 0000 00f8 0184 0302 0306 0306     ................
    d220:	0300 0100 0180 00c0 0060 0020 0010 0208     ........`. .....
    d230:	0204 0206 03fe 0000 0000 0000 0000 0000     ................
    d240:	0000 0000 0000 0078 00c6 0186 0186 0180     ......x.........
    d250:	0180 00c0 0070 0180 0100 0300 0300 0306     ....p...........
    d260:	0306 0186 00f8 0000 0000 0000 0000 0000     ................
    d270:	0000 0000 0000 0180 0180 01c0 01a0 01a0     ................
    d280:	0190 0188 0188 0184 0182 0ffe 0180 0180     ................
    d290:	0180 0180 07e0 0000 0000 0000 0000 0000     ................
    d2a0:	0000 0000 0000 03fc 0004 0004 0004 0004     ................
    d2b0:	0004 00f4 018c 0304 0300 0300 0306 0306     ................
    d2c0:	0182 0184 00f8 0000 0000 0000 0000 0000     ................
    d2d0:	0000 0000 0000 01e0 0318 030c 000c 0004     ................
    d2e0:	0006 01e6 0316 060e 0606 0606 0606 0604     ................
    d2f0:	020c 0318 00f0 0000 0000 0000 0000 0000     ................
    d300:	0000 0000 0000 07f8 060c 0204 0104 0100     ................
    d310:	0100 0080 0080 0040 0040 0040 0060 0060     ......@.@.@.`.`.
    d320:	0060 0060 0060 0000 0000 0000 0000 0000     `.`.`...........
    d330:	0000 0000 0000 01f8 030c 0606 0606 0606     ................
    d340:	020c 031c 00f0 01c8 030c 0606 0606 0606     ................
    d350:	0606 030c 01f0 0000 0000 0000 0000 0000     ................
    d360:	0000 0000 0000 00f0 010c 030c 0206 0606     ................
    d370:	0606 0606 0706 068c 0678 0600 0300 0300     ........x.......
    d380:	010c 018c 0078 0000 0000 0000 0000 0000     ....x...........
	...
    d3a0:	00e0 00e0 00e0 0000 0000 0000 0000 0000     ................
    d3b0:	00e0 00e0 00e0 0000 0000 0000 0000 0000     ................
	...
    d3d0:	0060 0060 0000 0000 0000 0000 0000 0000     `.`.............
    d3e0:	0000 0060 0060 0040 0020 0020 0000 0000     ..`.`.@. . .....
    d3f0:	0000 0000 0400 0200 0100 0080 0040 0020     ............@. .
    d400:	0010 0008 0004 0008 0010 0020 0040 0080     .......... .@...
    d410:	0100 0200 0400 0000 0000 0000 0000 0000     ................
	...
    d430:	07fe 0000 0000 0000 07fe 0000 0000 0000     ................
	...
    d454:	0004 0008 0010 0020 0040 0080 0100 0200     ...... .@.......
    d464:	0400 0200 0100 0080 0040 0020 0010 0008     ........@. .....
    d474:	0004 0000 0000 0000 0000 0000 0000 0000     ................
    d484:	0000 03e0 0618 0c04 0c04 0c0c 0c0c 0700     ................
    d494:	0180 0040 0040 0040 0000 0000 00e0 00e0     ..@.@.@.........
    d4a4:	00e0 0000 0000 0000 0000 0000 0000 0000     ................
    d4b4:	00e0 0318 020c 05cc 0564 0566 05a6 04b6     ........d.f.....
    d4c4:	04b6 04b6 04b6 02b6 01e4 040c 020c 0318     ................
    d4d4:	00f0 0000 0000 0000 0000 0000 0000 0000     ................
    d4e4:	0000 0060 0060 0050 00d0 0090 0090 0088     ..`.`.P.........
    d4f4:	0188 0108 01f8 0304 0304 0204 0202 0602     ................
    d504:	0f0f 0000 0000 0000 0000 0000 0000 0000     ................
    d514:	0000 00fe 038c 030c 030c 030c 030c 018c     ................
    d524:	00fc 030c 020c 060c 060c 060c 060c 030c     ................
    d534:	01fe 0000 0000 0000 0000 0000 0000 0000     ................
    d544:	0000 03e0 0318 060c 040c 0404 0006 0006     ................
    d554:	0006 0006 0006 0006 0406 040c 020c 0318     ................
    d564:	00f0 0000 0000 0000 0000 0000 0000 0000     ................
    d574:	0000 007f 018c 030c 030c 060c 060c 060c     ................
    d584:	060c 060c 060c 060c 060c 030c 030c 018c     ................
    d594:	007f 0000 0000 0000 0000 0000 0000 0000     ................
    d5a4:	0000 03ff 0306 0406 0406 0006 0086 0086     ................
    d5b4:	00fe 0086 0086 0086 0006 0406 0406 0206     ................
    d5c4:	03ff 0000 0000 0000 0000 0000 0000 0000     ................
    d5d4:	0000 03ff 0306 0406 0406 0006 0086 0086     ................
    d5e4:	00fe 0086 0086 0086 0006 0006 0006 0006     ................
    d5f4:	001f 0000 0000 0000 0000 0000 0000 0000     ................
    d604:	0000 00f0 0118 020c 020c 0204 0006 0006     ................
    d614:	0006 0006 0fc6 0306 0306 030c 030c 0318     ................
    d624:	00f0 0000 0000 0000 0000 0000 0000 0000     ................
    d634:	0000 0f0f 0606 0606 0606 0606 0606 0606     ................
    d644:	07fe 0606 0606 0606 0606 0606 0606 0606     ................
    d654:	0f0f 0000 0000 0000 0000 0000 0000 0000     ................
    d664:	0000 03fc 0060 0060 0060 0060 0060 0060     ....`.`.`.`.`.`.
    d674:	0060 0060 0060 0060 0060 0060 0060 0060     `.`.`.`.`.`.`.`.
    d684:	03fc 0000 0000 0000 0000 0000 0000 0000     ................
    d694:	0000 07f8 00c0 00c0 00c0 00c0 00c0 00c0     ................
    d6a4:	00c0 00c0 00c0 00c0 00c0 00c0 00c0 00c0     ................
    d6b4:	00c0 00c6 0066 003c 0000 0000 0000 0000     ....f.<.........
    d6c4:	0000 03cf 0186 00c6 0046 0026 0016 0036     ........F.&...6.
    d6d4:	002e 006e 0046 00c6 0086 0186 0106 0306     ..n.F...........
    d6e4:	078f 0000 0000 0000 0000 0000 0000 0000     ................
    d6f4:	0000 001f 0006 0006 0006 0006 0006 0006     ................
    d704:	0006 0006 0006 0006 0006 0406 0406 0206     ................
    d714:	03ff 0000 0000 0000 0000 0000 0000 0000     ................
    d724:	0000 0707 0386 0386 038e 038e 034e 034e     ............N.N.
    d734:	034a 035a 035a 033a 0332 0332 0332 0312     J.Z.Z.:.2.2.2...
    d744:	0787 0000 0000 0000 0000 0000 0000 0000     ................
    d754:	0000 0f8e 020c 021c 021c 0234 0234 0264     ..........4.4.d.
    d764:	0264 0244 02c4 0284 0384 0384 0304 0304     d.D.............
    d774:	021f 0000 0000 0000 0000 0000 0000 0000     ................
    d784:	0000 00f0 0198 030c 020c 0606 0606 0606     ................
    d794:	0606 0606 0606 0606 0606 020c 030c 0198     ................
    d7a4:	00f0 0000 0000 0000 0000 0000 0000 0000     ................
    d7b4:	0000 00ff 0306 0606 0606 0606 0606 0606     ................
    d7c4:	0386 00fe 0006 0006 0006 0006 0006 0006     ................
    d7d4:	001f 0000 0000 0000 0000 0000 0000 0000     ................
    d7e4:	0000 00f0 0198 030c 020c 0606 0606 0606     ................
    d7f4:	0606 0606 0606 0606 0676 024c 03cc 0198     ........v.L.....
    d804:	00f0 0780 0300 0000 0000 0000 0000 0000     ................
    d814:	0000 01ff 0306 0606 0606 0606 0606 0306     ................
    d824:	00fe 0046 00c6 0086 0186 0306 0306 0606     ..F.............
    d834:	0e0f 0000 0000 0000 0000 0000 0000 0000     ................
    d844:	0000 02f8 030c 0206 0206 0006 000e 003c     ..............<.
    d854:	00f8 03e0 0380 0700 0602 0602 0606 030c     ................
    d864:	01f0 0000 0000 0000 0000 0000 0000 0000     ................
    d874:	0000 07fe 0462 0861 0861 0060 0060 0060     ....b.a.a.`.`.`.
    d884:	0060 0060 0060 0060 0060 0060 0060 0060     `.`.`.`.`.`.`.`.
    d894:	01f8 0000 0000 0000 0000 0000 0000 0000     ................
    d8a4:	0000 071e 020c 020c 020c 020c 020c 020c     ................
    d8b4:	020c 020c 020c 020c 020c 020c 020c 0118     ................
    d8c4:	00f0 0000 0000 0000 0000 0000 0000 0000     ................
    d8d4:	0000 070f 0206 0104 0104 010c 010c 0088     ................
    d8e4:	0088 0098 0098 0050 0050 0070 0030 0020     ......P.P.p.0. .
    d8f4:	0020 0000 0000 0000 0000 0000 0000 0000      ...............
    d904:	0000 0ef7 0462 0442 0446 0446 0264 0264     ....b.B.F.F.d.d.
    d914:	02e4 02e4 029c 019c 0198 0198 0188 0088     ................
    d924:	0088 0000 0000 0000 0000 0000 0000 0000     ................
    d934:	0000 079e 010c 0108 0118 0090 00b0 0060     ..............`.
    d944:	0020 0060 0060 00d0 0090 0188 0108 0304      .`.`...........
    d954:	078e 0000 0000 0000 0000 0000 0000 0000     ................
    d964:	0000 0f0f 0406 0204 020c 0108 0118 00b8     ................
    d974:	00b0 0070 0060 0060 0060 0060 0060 0060     ..p.`.`.`.`.`.`.
    d984:	01f8 0000 0000 0000 0000 0000 0000 0000     ................
    d994:	0000 07fc 020c 0306 0102 0180 0080 0040     ..............@.
    d9a4:	0040 0020 0020 0010 0018 0408 040c 0204     @. . ...........
    d9b4:	03fe 0000 0000 0000 0000 0000 03e0 0020     .............. .
    d9c4:	0020 0020 0020 0020 0020 0020 0020 0020      . . . . . . . .
    d9d4:	0020 0020 0020 0020 0020 0020 0020 0020      . . . . . . . .
    d9e4:	0020 0020 03e0 0000 0000 0000 0000 0000      . .............
    d9f4:	0004 0004 0008 0008 0010 0010 0010 0020     .............. .
    da04:	0020 0040 0040 00c0 0080 0080 0100 0100      .@.@...........
    da14:	0200 0200 0200 0400 0000 0000 007c 0040     ............|.@.
    da24:	0040 0040 0040 0040 0040 0040 0040 0040     @.@.@.@.@.@.@.@.
    da34:	0040 0040 0040 0040 0040 0040 0040 0040     @.@.@.@.@.@.@.@.
    da44:	0040 0040 007c 0000 0000 0060 0090 0108     @.@.|.....`.....
	...
    daa8:	0000 0fff 0000 0000 0018 0060 0000 0000     ..........`.....
	...
    daf0:	01f0 030c 030c 0300 03e0 031c 030e 0306     ................
    db00:	0306 0b8e 0e7c 0000 0000 0000 0000 0000     ....|...........
    db10:	0000 0000 0008 000e 000c 000c 000c 000c     ................
    db20:	01cc 033c 061c 060c 060c 060c 060c 060c     ..<.............
    db30:	020c 031c 01e4 0000 0000 0000 0000 0000     ................
	...
    db50:	00f0 018c 018c 0186 0006 0006 0006 0206     ................
    db60:	020c 010c 00f0 0000 0000 0000 0000 0000     ................
    db70:	0000 0000 0200 03c0 0300 0300 0300 0300     ................
    db80:	0378 038c 030c 0306 0306 0306 0306 0306     x...............
    db90:	0304 078c 0178 0000 0000 0000 0000 0000     ....x...........
	...
    dbb0:	01e0 0318 0208 060c 060c 07fc 000c 000c     ................
    dbc0:	0418 0218 01e0 0000 0000 0000 0000 0000     ................
    dbd0:	0000 0000 0000 03c0 0660 0630 0030 0030     ........`.0.0.0.
    dbe0:	01fe 0030 0030 0030 0030 0030 0030 0030     ..0.0.0.0.0.0.0.
    dbf0:	0030 0030 01fc 0000 0000 0000 0000 0000     0.0.............
	...
    dc10:	07f0 06d8 018c 018c 018c 0198 00f8 000c     ................
    dc20:	00fc 03cc 0306 0306 038e 00f8 0000 0000     ................
    dc30:	0000 0000 0008 000e 000c 000c 000c 000c     ................
    dc40:	01ec 031c 030c 030c 030c 030c 030c 030c     ................
    dc50:	030c 030c 079e 0000 0000 0000 0000 0000     ................
    dc60:	0000 0000 0000 0060 0060 0000 0000 0040     ......`.`.....@.
    dc70:	007c 0060 0060 0060 0060 0060 0060 0060     |.`.`.`.`.`.`.`.
    dc80:	0060 0060 03fc 0000 0000 0000 0000 0000     `.`.............
    dc90:	0000 0000 0000 01c0 01c0 0000 0000 0100     ................
    dca0:	01f0 0180 0180 0180 0180 0180 0180 0180     ................
    dcb0:	0180 0180 0180 0180 00cc 007c 0000 0000     ..........|.....
    dcc0:	0000 0000 0008 000e 000c 000c 000c 000c     ................
    dcd0:	038c 008c 008c 004c 006c 005c 008c 018c     ......L.l.\.....
    dce0:	010c 030c 079e 0000 0000 0000 0000 0000     ................
    dcf0:	0000 0000 0040 007c 0060 0060 0060 0060     ....@.|.`.`.`.`.
    dd00:	0060 0060 0060 0060 0060 0060 0060 0060     `.`.`.`.`.`.`.`.
    dd10:	0060 0060 03fc 0000 0000 0000 0000 0000     `.`.............
	...
    dd30:	0737 06ee 0666 0666 0666 0666 0666 0666     7...f.f.f.f.f.f.
    dd40:	0666 0666 0fff 0000 0000 0000 0000 0000     f.f.............
	...
    dd60:	01ee 031c 030c 030c 030c 030c 030c 030c     ................
    dd70:	030c 030c 079e 0000 0000 0000 0000 0000     ................
	...
    dd90:	00f0 0198 030c 0606 0606 0606 0606 0606     ................
    dda0:	030c 030c 00f0 0000 0000 0000 0000 0000     ................
	...
    ddc0:	01ee 031c 060c 060c 060c 060c 060c 060c     ................
    ddd0:	030c 031c 01ec 000c 000c 003e 0000 0000     ..........>.....
	...
    ddf0:	0278 038c 030c 0306 0306 0306 0306 0306     x...............
    de00:	0304 038c 0378 0300 0300 07c0 0000 0000     ....x...........
	...
    de20:	039f 0658 0638 0018 0018 0018 0018 0018     ..X.8...........
    de30:	0018 0018 00ff 0000 0000 0000 0000 0000     ................
	...
    de50:	03f0 031c 020c 020c 0038 00f0 03c0 0304     ........8.......
    de60:	0304 038c 01fc 0000 0000 0000 0000 0000     ................
	...
    de78:	0020 0020 0030 0030 01fe 0030 0030 0030      . .0.0...0.0.0.
    de88:	0030 0030 0030 0030 0230 0230 01e0 0000     0.0.0.0.0.0.....
	...
    deac:	0000 0208 038e 030c 030c 030c 030c 030c     ................
    debc:	030c 030c 030c 079c 0178 0000 0000 0000     ........x.......
	...
    dee0:	071e 020c 0108 0108 0118 0090 00b0 00b0     ................
    def0:	0060 0060 0020 0000 0000 0000 0000 0000     `.`. ...........
	...
    df10:	0ef7 0462 0446 0264 0264 02ec 019c 0198     ..b.F.d.d.......
    df20:	0198 0198 0008 0000 0000 0000 0000 0000     ................
	...
    df40:	07bc 0118 0110 00b0 0060 0060 00e0 0090     ........`.`.....
    df50:	0108 0308 079e 0000 0000 0000 0000 0000     ................
	...
    df70:	079e 0108 0108 0108 0090 0090 00b0 0060     ..............`.
    df80:	0060 0060 0020 0020 0024 001c 0000 0000     `.`. . .$.......
	...
    dfa0:	01fc 0184 00c4 0044 0060 0020 0030 0218     ......D.`. .0...
    dfb0:	0208 030c 01fc 0000 0000 0000 0000 0000     ................
    dfc0:	0300 0080 0080 0080 0080 0080 0080 0080     ................
    dfd0:	0080 0040 0020 0040 0080 0080 0080 0080     ..@. .@.........
    dfe0:	0080 0080 0080 0080 0300 0000 0040 0040     ............@.@.
    dff0:	0040 0040 0040 0040 0040 0040 0040 0040     @.@.@.@.@.@.@.@.
    e000:	0040 0040 0040 0040 0040 0040 0040 0040     @.@.@.@.@.@.@.@.
    e010:	0040 0040 0040 0040 0040 0040 0000 0000     @.@.@.@.@.@.....
    e020:	000c 0010 0010 0010 0010 0010 0010 0010     ................
    e030:	0010 0020 0040 0020 0010 0010 0010 0010     .. .@. .........
    e040:	0010 0010 0010 0010 000c 0000 0000 001c     ................
    e050:	0422 04c2 0380 0000 0000 0000 0000 0000     "...............
	...

0000e07c <tfont24>:
    e07c:	80e5 00be 0000 0000 0000 0000 0000 0040     ..............@.
    e08c:	c010 3e00 f0c0 c001 0100 8360 2001 0e8a     ...>......`.. ..
    e09c:	7e30 7819 1822 2268 241b 1922 3a22 2019     0~.x".h".$".":. 
    e0ac:	1926 2320 2019 0123 8020 2001 0680 4020     &. #. #. .. .. @
    e0bc:	201c 1820 1800 0010 0000 0000 e600 9c96     .  .............
	...
    e0d4:	0000 8000 0301 0180 8002 0201 6ec0 4002     .............n.@
    e0e4:	0248 0020 3002 0227 40d8 0c02 3201 8f02     H. ..0'..@...2..
    e0f4:	f87f 0279 0100 0002 0201 0d10 1002 0209     ..y.............
    e104:	0198 c002 0200 0080 0002 0200 0000 0002     ................
    e114:	0200 a7e8 0092 0000 0000 0000 0000 000c     ................
    e124:	8c00 0001 03fe c300 8000 0061 2040 2000     ..........a.@ . 
    e134:	07f0 1f80 8006 0610 5080 8006 063e 1080     .........P..>...
    e144:	8006 0610 fc80 8006 0617 1040 4006 0610     ..........@..@..
    e154:	1040 2006 0710 0010 0003 0000 0000 e500     @.. ............
    e164:	a6ba 0000 0000 0000 0000 3800 0000 0030     ...........8..0.
    e174:	0000 0001 01f0 4f80 8000 0080 8480 8006     .......O........
    e184:	01fc 47c0 4000 0048 3840 4000 00c0 f840     ...G.@H.@8.@..@.
    e194:	2001 00c4 4c20 3000 0078 3010 0800 00d8     . .. L.0x..0....
    e1a4:	8c04 8003 3f03 0000 000c 0000 b0c2 0000     .....?..........
	...
    e1bc:	0000 0060 9000 0000 0108 0800 0001 0088     ..`.............
    e1cc:	7000 0000 0000 0000 0000 0000 0000 0000     .p..............
	...
    e1fc:	e600 ba99 0000 0000 2000 0000 0020 f000     ......... .. ...
    e20c:	1fcf 4110 0810 1041 4188 fc10 107f 4080     ...A..A..A.....@
    e21c:	8010 1043 ccc0 601f 1058 4830 8800 07ff     ..C....`X.0H....
    e22c:	0084 8002 0200 ff80 8003 0200 0080 8002     ................
    e23c:	0200 ff80 8007 0600 0000 0002 0000 83e8     ................
    e24c:	00bd 0000 0000 0040 c000 00c0 4060 2008     ......@.....`@. 
    e25c:	1c42 4410 0c06 01cf 48fc 0000 2048 47f8     B..D.....H..H .G
    e26c:	1820 3fc6 0618 f800 0027 4618 1808 1c46      ..?....'..F..F.
    e27c:	4618 f806 01c7 4618 1820 2046 4618 1820     .F.....F .F .F .
    e28c:	6046 c798 083f 0002 0000 e400 95ba 0000     F`..?...........
    e29c:	0000 0000 0081 8300 0000 0081 8100 0000     ................
    e2ac:	0081 fffc 001f 0081 8100 0000 0081 8100     ................
    e2bc:	0000 1081 fffe 003f 0081 8100 0000 0081     ......?.........
    e2cc:	8180 8000 0080 80c0 4000 0080 8020 1800     .........@.. ...
    e2dc:	0080 0006 0000 0000 9be7 0096 0000 0000     ................
    e2ec:	8080 0000 0081 4300 0000 0042 fff8 000f     .......C..B.....
    e2fc:	0018 1800 f004 0fff 1800 0000 0018 1800     ................
    e30c:	fc00 1fff 0000 e000 07ff 6220 2004 0462     .......... b. b.
    e31c:	6220 2004 0462 6220 2004 0462 fffe 003f      b. b. b. b...?.
    e32c:	0000 0000 e800 a6ad 0000 0000 2000 0082     ............. ..
    e33c:	8260 fe00 00bf c270 f03f 0cdf a808 f804     `.....p.?.......
    e34c:	04a9 0914 f003 030d 8590 001c 386e 1000     ............n8..
    e35c:	fc10 1fff ffe0 0003 0000 ffe0 0003 0000     ................
    e36c:	ffe0 6003 0300 0060 e003 03ff 0060 0001     ...`..`.....`...
    e37c:	0000 8ae6 00a5 0000 0000 0000 2000 0000     ............. ..
    e38c:	f860 600f 0408 0860 6004 0408 0bfe 6004     `..`..`..`.....`
    e39c:	048c 0860 6007 0208 fb60 e01f 0828 487c     ..`..`..`...(.|H
    e3ac:	660c 0448 8860 6006 0288 0860 6003 0688     .fH.`..`..`..`..
    e3bc:	4860 601c 7028 1878 3000 0000 0000 e700     `H.`(px..0......
    e3cc:	bbb3 0000 0000 0000 0400 e000 e00f 001f     ................
    e3dc:	3800 0000 000c 0200 8002 0301 ff60 c000     .8..........`...
    e3ec:	0061 1800 0000 0206 0180 700c 1bff 30e0     a..........p...0
    e3fc:	0018 0031 b100 8001 0631 30c0 200c 1830     ..1.....1..0. 0.
    e40c:	3318 0430 101c 0800 0000 0000 bbe7 009f     .30.............
    e41c:	0000 0000 4040 c000 0080 8060 2001 3ffc     ....@@....`.. .?
    e42c:	c010 1000 00c3 2108 fc00 0420 1044 6018     .......!.. .D..`
    e43c:	3f88 7c30 1032 0260 21ec 1c02 0220 2000     .?0|2.`..!.. .. 
    e44c:	0002 0220 21c0 3c22 2230 100c 0022 2208     .. ..!"<0"..".."
    e45c:	0600 003e 0001 0000 e500 8cb5 0000 0000     ..>.............
    e46c:	0000 0000 0800 0000 0108 0800 c003 0308     ................
    e47c:	e880 8001 001f 40c0 0000 0043 4300 3000     .......@..C..C.0
    e48c:	0fa2 6e30 f006 0213 423e 3000 0042 62f0     ..0n....>B.0B..b
    e49c:	1000 01a2 3310 f003 0613 0910 003c 0006     .....3......<...
    e4ac:	0000 0000 0000 85e5 00a5 0000 0000 0000     ................
	...
    e4c4:	0000 0300 0000 0004 0c00 0000 000c 1400     ................
    e4d4:	0000 0016 2200 0000 0063 4100 8000 00c1     ....."..c..A....
    e4e4:	80c0 6001 0300 0030 080f 7e00 0000 0000     ...`..0....~....
	...
    e4fc:	0000 e500 8fbc 0000 0000 0000 0000 0400     ................
    e50c:	0000 0398 1800 0007 0018 1000 0000 00d0     ................
    e51c:	f800 8000 003f 2000 0000 0020 6000 8000     ....?.. .. ..`..
    e52c:	004f c3c0 0000 0083 8300 0001 011e 01c0     O...............
    e53c:	3822 2600 0000 003c 3800 0000 0060 0000     "8.&..<..8..`...
    e54c:	a4e5 00a7 0000 0000 0000 0000 0000 1c00     ................
    e55c:	0000 0008 0800 0000 0008 0800 0000 0008     ................
    e56c:	8800 0007 00ff 0de0 0000 000c 0c00 0000     ................
    e57c:	0014 2400 0000 0066 4200 0000 01c1 8180     ...$..f..B......
    e58c:	4003 0f00 0030 007e 0000 0000 e800 9bb5     .@..0.~.........
    e59c:	0000 0000 0000 0004 1800 0000 0310 ff00     ................
    e5ac:	e00e 0230 5230 c000 003f 5200 8000 003f     ..0.0R..?..R..?.
    e5bc:	f200 f007 002f 4100 8000 01f0 4f40 2007     ..../..A....@O. 
    e5cc:	3e49 4910 0c00 0049 4900 0000 0015 6400     I>.I..I..I.....d
    e5dc:	0000 00c2 8180 0000 0000 0000 0000 ff00     ................
    e5ec:	ffff 0007 07e0 f000 000d 1998 8c00 0031     ..............1.
    e5fc:	6186 8300 80c1 8181 80c1 6301 0180 8036     .a.........c..6.
    e60c:	1c01 0180 801c 3601 0180 8063 c181 c180     .......6..c.....
    e61c:	8180 0061 3183 8600 0019 0d8c 9800 0007     ..a..1..........
    e62c:	07f0 e000 ffff 00ff                         ........

0000e634 <tfont32>:
    e634:	8ae8 00af 0000 0000 0000 0000 0000 0000     ................
    e644:	0000 1800 0000 3000 0000 3000 0000 301c     .......0...0...0
    e654:	0000 3018 0000 1818 0004 f818 000f 1ff8     ...0............
    e664:	f000 083f c000 0c11 0000 0410 0000 0410     ..?.............
    e674:	0000 0000 0000 0060 0000 81c0 0003 0380     ......`.........
    e684:	000f 0300 400e 0000 600c 2004 6000 2004     .....@...`. .`. 
    e694:	7000 4008 3800 c018 3800 8030 0001 e3e0     .p.@.8...80.....
    e6a4:	0007 ffc0 0001 1e00 0000 0000 0000 0000     ................
    e6b4:	0000 0000 e700 ab81 0000 0000 0000 0000     ................
	...
    e6cc:	0000 6000 0000 e000 0000 e000 0000 e000     ...`............
    e6dc:	0000 6000 0000 6000 0080 6000 01c0 6000     ...`...`...`...`
    e6ec:	03c0 6180 00e0 6300 0030 6700 0008 6600     ...a...c0..g...f
    e6fc:	0004 6400 0000 e000 0000 2000 0001 3000     ...d....... ...0
    e70c:	0003 3000 0002 1000 0004 1800 000c 0c00     ...0............
    e71c:	0038 0e00 0070 0700 01e0 0380 07e0 00c0     8...p...........
    e72c:	1fc0 0030 3f00 0000 0000 0000 0000 0000     ..0..?..........
    e73c:	0000 bee5 0081 0000 0000 0000 0000 0000     ................
    e74c:	0000 0000 0002 0000 000e 0000 000e 0000     ................
    e75c:	0006 0000 0003 0000 c001 8007 fc00 4001     ...............@
    e76c:	1e04 2000 300c 0000 200e 0000 2006 0000     ... .0... ... ..
    e77c:	2002 0000 2003 0006 e1c1 8007 2181 c000     . ... .......!..
    e78c:	2183 6000 2083 3000 2083 1800 2083 0c00     .!.`. .0. ... ..
    e79c:	2083 0000 f083 003f 0fff 0000 003b 0000     . ....?.....;...
    e7ac:	0001 0000 0001 0000 0001 0000 0000 0000     ................
    e7bc:	0000 0000 0000 e900 9480 0000 0000 0000     ................
	...
    e7d4:	0000 0002 0000 000e 01c0 0006 0380 0007     ................
    e7e4:	0300 001b 8200 0031 8000 00e0 c000 01c0     ......1.........
    e7f4:	6000 0fb8 f000 3f0f 19c0 0006 07f0 0044     .`.....?......D.
    e804:	01c0 00fc f0c0 0007 00c0 0004 40c0 0004     .............@..
    e814:	40c0 00e4 6080 01c4 3080 0184 a080 0007     .@...`...0......
    e824:	01e0 0007 0e1c 0006 7800 0000 c000 000f     .........x......
    e834:	0000 3fff 0000 0ff8 0000 01e0 0000 0000     ...?............
    e844:	0000 0000 bde4 00a0 0000 0000 0000 0000     ................
    e854:	0000 0000 0000 0c00 0000 1c0c 0000 1c1c     ................
    e864:	0000 0c0c 0000 060e 0000 0606 0000 0306     ................
    e874:	0003 c303 800f 3d81 801e 0683 c007 0043     .......=......C.
    e884:	6001 1822 2000 3802 1000 1802 0800 1802     .`".. .8........
    e894:	0000 1842 0000 9842 0001 1843 0007 1863     ..B...B...C...c.
    e8a4:	000e 1873 001c 1833 0018 1813 0010 1803     ..s...3.........
    e8b4:	0000 1f03 0000 1e01 0000 1c00 0000 0800     ................
	...
    e8cc:	e500 bda5 0000 0000 0000 0000 0000 0000     ................
    e8dc:	0000 0000 0000 0300 0000 0600 0000 0600     ................
    e8ec:	07e0 0600 0f1f 0200 0382 0200 0180 1300     ................
    e8fc:	0040 3300 0038 7100 0030 3d00 0060 33fe     @..38..q0..=`..3
    e90c:	7fe0 31bc 07fe d080 0047 1880 0040 0880     ...1....G...@...
    e91c:	0040 0f00 00c0 0e00 00c0 1e00 00c0 3b00     @..............;
    e92c:	00c0 3180 0040 60c0 0060 2020 0062 0018     ...1@..``.  b...
    e93c:	007c 0000 0078 0000 0030 0000 0010 0000     |...x...0.......
    e94c:	0000 0000 0000 ace6 00b8 0000 0000 0000     ................
	...
    e970:	03c0 0000 03e0 0000 07e0 0000 0730 0000     ............0...
    e980:	0f30 0000 0e18 0000 1e18 0000 1e0c 0000     0...............
    e990:	3c0c 0000 3c06 0000 7806 0000 7803 0000     .<...<...x...x..
    e9a0:	f003 8000 ffff c000 e001 c001 e000 e001     ................
    e9b0:	c000 6003 c000 7003 8000 7007 8000 7807     ...`...p...p...x
    e9c0:	8000 ff0f f003 007f 0000 0000 0000 0000     ................
    e9d0:	0000 0000 0000 e500 8e93 0000 0000 0000     ................
	...
    e9f4:	ffc0 03ff c000 0003 c000 0003 c000 0003     ................
    ea04:	c000 0003 c000 0003 c000 0003 c000 0003     ................
    ea14:	c000 0003 c000 0003 c000 0003 c000 0003     ................
    ea24:	c000 0003 c000 0003 c000 0003 c000 0003     ................
    ea34:	c000 0003 c000 0003 c000 0003 c000 0003     ................
    ea44:	e000 0007 ffc0 03ff 0000 0000 0000 0000     ................
	...
    ea5c:	7361 6e69 0000 0000 0000 0000 0000 0000     asin............
    ea6c:	0000 fff0 0000 e000 ffff 47ef 0000 e000     ...........G....
    ea7c:	ffff c7ef 0000 0000 0000 7ff0 6f70 0077     ............pow.
    ea8c:	7173 7472 0000 0000 0000 0000 2d18 5444     sqrt.........-DT
    ea9c:	21fb 3ff9 5c07 3314 a626 3c91 759c 8800     .!.?.\.3&..<.u..
    eaac:	e43c 7e37 f709 0dfd 3de1 3f02 b288 7501     <.7~.....=.?...u
    eabc:	efe0 3f49 8f3b b568 8228 3fa4 4455 0e88     ..I?;.h.(..?UD..
    eacc:	c155 3fc9 6f7d 03eb d612 3fd4 5555 5555     U..?}o.....?UUUU
    eadc:	5555 3fc5 9282 b12e b8c5 3fb3 0159 1b8d     UU.?.......?Y...
    eaec:	066c 3fe6 8ac8 9c59 2ae5 4000 2d4b 1c8a     l..?..Y..*.@K-..
    eafc:	3a27 4003 2d18 5444 21fb 3fe9 2d18 5444     ':.@.-DT.!.?.-DT
    eb0c:	21fb 4009 2d18 5444 21fb c009 0000 0000     .!.@.-DT.!......
    eb1c:	0000 8000 2d18 5444 21fb bff9 21d2 7f33     .....-DT.!...!3.
    eb2c:	d97c 4002 21d2 7f33 d97c c002 2d18 5444     |..@.!3.|....-DT
    eb3c:	21fb bfe9 5c07 3314 a626 3ca1 0000 4000     .!...\.3&..<...@
    eb4c:	b803 3fe2 d006 43cf fdeb 3e4c 0000 0000     ...?...C..L>....
    eb5c:	0000 3ff8 0000 0000 0000 bff0 0000 6000     ...?...........`
    eb6c:	1547 3ff7 df44 f85d ae0b 3e54 0000 0000     G..?D.]...T>....
    eb7c:	0000 3fd0 5555 5555 5555 3fd5 82fe 652b     ...?UUUUUU.?..+e
    eb8c:	1547 3ff7 0000 0000 0000 4340 4eef 4a45     G..?......@C.NEJ
    eb9c:	7e28 3fca db65 93c9 864a 3fcd 4101 a91d     (~.?e...J..?.A..
    ebac:	7460 3fd1 264d 518f 5555 3fd5 abff db6f     `t.?M&.QUU.?..o.
    ebbc:	6db6 3fdb 3303 3333 3333 3fe3 0000 0000     .m.?.33333.?....
    ebcc:	0000 4008 0000 e000 c709 3fee 03fd dc3a     ...@.......?..:.
    ebdc:	c709 3fee 01f5 145b 2fe0 be3e 82fe 652b     ...?..[../>...+e
    ebec:	1547 3c97 f359 c2f8 6e1f 01a5 0000 0000     G..<Y....n......
    ebfc:	2e43 3fe6 39ef fefa 2e42 3fe6 6c39 0ca8     C..?.9..B..?9l..
    ec0c:	5c61 be20 a4d0 72be 3769 3e66 6bf1 c5d2     a\ ....ri7f>.k..
    ec1c:	bd41 3ebb de2c af25 566a 3f11 bd93 16be     A..>,.%.jV.?....
    ec2c:	c16c 3f66 553e 5555 5555 3fc5 0000 0000     l.f?>UUUUU.?....
    ec3c:	0000 4000 da11 e322 ad3a 3f90 0deb 2476     ...@..".:..?..v$
    ec4c:	7b4b 3fa9 3d51 a0d0 0d66 3fb1 206e c54c     K{.?Q=..f..?n L.
    ec5c:	45cd 3fb7 83ff 9200 4924 3fc2 550d 5555     .E.?....$I.?.UUU
    ec6c:	5555 3fd5 6c2f 2c6a b444 bfa2 fd9a 52de     UU.?/lj,D......R
    ec7c:	de2d 3fad 9a6d af74 b0f2 3fb3 1671 fe23     -..?m.t....?q.#.
    ec8c:	71c6 3fbc ebc4 9998 9999 3fc9               .q.?.......?

0000ec98 <atanhi>:
    ec98:	bb4f 0561 ac67 3fdd 2d18 5444 21fb 3fe9     O.a.g..?.-DT.!.?
    eca8:	f69b d281 730b 3fef 2d18 5444 21fb 3ff9     .....s.?.-DT.!.?

0000ecb8 <atanlo>:
    ecb8:	65e2 222f 2b7f 3c7a 5c07 3314 a626 3c81     .e/".+z<.\.3&..<
    ecc8:	cbbd 7af0 0788 3c70 5c07 3314 a626 3c91     ...z..p<.\.3&..<
    ecd8:	0000 0000 0000 7ff8                         ........

0000ece0 <TWO52>:
    ece0:	0000 0000 0000 4330 0000 0000 0000 c330     ......0C......0.
    ecf0:	0000 0000 0000 4350 0000 0000 0000 3c90     ......PC.......<
    ed00:	779c ffff 7620 ffff 7730 ffff 7738 ffff     .w.. v..0w..8w..
    ed10:	7730 ffff 7650 ffff 7730 ffff 7738 ffff     0w..Pv..0w..8w..
    ed20:	7620 ffff 7620 ffff 7650 ffff 7738 ffff      v.. v..Pv..8w..
    ed30:	7792 ffff 7792 ffff 7792 ffff 7650 ffff     .w...w...w..Pv..
    ed40:	7eac ffff 7d9e ffff 7d9e ffff 7d9c ffff     .~...}...}...}..
    ed50:	7da4 ffff 7da4 ffff 7d6a ffff 7d9c ffff     .}...}..j}...}..
    ed60:	7da4 ffff 7d6a ffff 7da4 ffff 7d9c ffff     .}..j}...}...}..
    ed70:	7e98 ffff 7e98 ffff 7e98 ffff 7d6a ffff     .~...~...~..j}..
    ed80:	8f50 ffff 8e76 ffff 8f4a ffff 8e7e ffff     P...v...J...~...
    ed90:	8f4a ffff 8e44 ffff 8f4a ffff 8e7e ffff     J...D...J...~...
    eda0:	8e76 ffff 8e76 ffff 8e44 ffff 8e7e ffff     v...v...D...~...
    edb0:	8e84 ffff 8e84 ffff 8e84 ffff 8e44 ffff     ............D...
    edc0:	8e36 ffff 8e36 ffff 8f0a ffff 8fe6 ffff     6...6...........
    edd0:	8f0a ffff 8e04 ffff 8f0a ffff 8fe6 ffff     ................
    ede0:	8e36 ffff 8e36 ffff 8e04 ffff 8fe6 ffff     6...6...........
    edf0:	8e44 ffff 8e44 ffff 8e44 ffff 8e04 ffff     D...D...D.......
    ee00:	92ba ffff 9208 ffff 9208 ffff 9206 ffff     ................
    ee10:	920c ffff 920c ffff 91dc ffff 9206 ffff     ................
    ee20:	920c ffff 91dc ffff 920c ffff 9206 ffff     ................
    ee30:	92a8 ffff 92a8 ffff 92a8 ffff 91dc ffff     ................

0000ee40 <__clz_tab>:
    ee40:	0100 0202 0303 0303 0404 0404 0404 0404     ................
    ee50:	0505 0505 0505 0505 0505 0505 0505 0505     ................
    ee60:	0606 0606 0606 0606 0606 0606 0606 0606     ................
    ee70:	0606 0606 0606 0606 0606 0606 0606 0606     ................
    ee80:	0707 0707 0707 0707 0707 0707 0707 0707     ................
    ee90:	0707 0707 0707 0707 0707 0707 0707 0707     ................
    eea0:	0707 0707 0707 0707 0707 0707 0707 0707     ................
    eeb0:	0707 0707 0707 0707 0707 0707 0707 0707     ................
    eec0:	0808 0808 0808 0808 0808 0808 0808 0808     ................
    eed0:	0808 0808 0808 0808 0808 0808 0808 0808     ................
    eee0:	0808 0808 0808 0808 0808 0808 0808 0808     ................
    eef0:	0808 0808 0808 0808 0808 0808 0808 0808     ................
    ef00:	0808 0808 0808 0808 0808 0808 0808 0808     ................
    ef10:	0808 0808 0808 0808 0808 0808 0808 0808     ................
    ef20:	0808 0808 0808 0808 0808 0808 0808 0808     ................
    ef30:	0808 0808 0808 0808 0808 0808 0808 0808     ................
    ef40:	ffff ffff ffff 7fef 4e49 0046 6e69 0066     ........INF.inf.
    ef50:	414e 004e 616e 006e 0030 0000 3130 3332     NAN.nan.0...0123
    ef60:	3534 3736 3938 4241 4443 4645 0000 0000     456789ABCDEF....
    ef70:	3130 3332 3534 3736 3938 6261 6463 6665     0123456789abcdef
    ef80:	0000 0000 a83e ffff a82a ffff a85c ffff     ....>...*...\...
    ef90:	a862 ffff a83e ffff 0000 ffc0 ffff 41df     b...>..........A
    efa0:	3595 94a0 ffff 3fdf e535 35af 0000 3fe0     .5.....?5..5...?
    efb0:	3595 94a0 ffff 3fcf 666e 0000 6e69 7469     .5.....?nf..init
    efc0:	0079 0000 6e61 0000                         y...an..

0000efc8 <fpi.3395>:
    efc8:	0035 0000 fbce ffff 03cb 0000 0001 0000     5...............
    efd8:	0000 0000                                   ....

0000efdc <fpinan.3431>:
    efdc:	0034 0000 fbce ffff 03cb 0000 0001 0000     4...............
    efec:	0000 0000                                   ....

0000eff0 <tinytens>:
    eff0:	89bc 97d8 d2b2 3c9c a733 d5a8 f623 3949     .......<3...#.I9
    f000:	a73d 44f4 0ffd 32a5 979d cf8c ba08 255b     =..D...2......[%
    f010:	6f43 64ac 0628 1168 4361 636f 87a7 3fd2     Co.d(.h.aCoc...?
    f020:	c8b3 8b60 8a28 3fc6 79fb 509f 4413 3fd3     ..`.(..?.y.P.D.?
    f030:	0000 0000 0000 4024 0000 0000 0000 401c     ......$@.......@
    f040:	0000 0000 0000 4014 6e49 6966 696e 7974     .......@Infinity
    f050:	0000 0000 614e 004e 0043 0000 4f50 4953     ....NaN.C...POSI
    f060:	0058 0000 002e 0000                         X.......

0000f068 <__mprec_bigtens>:
    f068:	8000 37e0 c379 4341 6e17 b505 b8b5 4693     ...7y.AC.n.....F
    f078:	f9f5 e93f 4f03 4d38 1d32 f930 7748 5a82     ..?..O8M2.0.Hw.Z
    f088:	bf3c 7f73 4fdd 7515                         <.s..O.u

0000f090 <__mprec_tens>:
    f090:	0000 0000 0000 3ff0 0000 0000 0000 4024     .......?......$@
    f0a0:	0000 0000 0000 4059 0000 0000 4000 408f     ......Y@.....@.@
    f0b0:	0000 0000 8800 40c3 0000 0000 6a00 40f8     .......@.....j.@
    f0c0:	0000 0000 8480 412e 0000 0000 12d0 4163     .......A......cA
    f0d0:	0000 0000 d784 4197 0000 0000 cd65 41cd     .......A....e..A
    f0e0:	0000 2000 a05f 4202 0000 e800 4876 4237     ... _..B....vH7B
    f0f0:	0000 a200 1a94 426d 0000 e540 309c 42a2     ......mB..@..0.B
    f100:	0000 1e90 bcc4 42d6 0000 2634 6bf5 430c     .......B..4&.k.C
    f110:	8000 37e0 c379 4341 a000 85d8 3457 4376     ...7y.AC....W4vC
    f120:	c800 674e c16d 43ab 3d00 6091 58e4 43e1     ..Ngm..C.=.`.X.C
    f130:	8c40 78b5 af1d 4415 ef50 d6e2 1ae4 444b     @..x...DP.....KD
    f140:	d592 064d f0cf 4480 4af6 c7e1 2d02 44b5     ..M....D.J...-.D
    f150:	9db4 79d9 7843 44ea                         ...yCx.D

0000f158 <p05.3319>:
    f158:	0005 0000 0019 0000 007d 0000 2d23 2b30     ........}...#-0+
    f168:	0020 0000 6c68 004c 6665 4567 4746 0000      ...hlL.efgEFG..

0000f178 <_ctype_>:
    f178:	2000 2020 2020 2020 2020 2828 2828 2028     .         ((((( 
    f188:	2020 2020 2020 2020 2020 2020 2020 2020                     
    f198:	8820 1010 1010 1010 1010 1010 1010 1010      ...............
    f1a8:	0410 0404 0404 0404 0404 1004 1010 1010     ................
    f1b8:	1010 4141 4141 4141 0101 0101 0101 0101     ..AAAAAA........
    f1c8:	0101 0101 0101 0101 0101 0101 1010 1010     ................
    f1d8:	1010 4242 4242 4242 0202 0202 0202 0202     ..BBBBBB........
    f1e8:	0202 0202 0202 0202 0202 0202 1010 1010     ................
    f1f8:	0020 0000 0000 0000 0000 0000 0000 0000      ...............
	...
